file_path,class_name,class_idx,z_group,split,file_name
/content/drive/MyDrive/494_Project_test_3/COMI/dataset/BPAEC/actin/Z010/Z10_0.jpg,actin,0,Z010,test,Z10_0.jpg
/content/drive/MyDrive/494_Project_test_3/COMI/dataset/BPAEC/actin/Z010/Z10_1.jpg,actin,0,Z010,test,Z10_1.jpg
/content/drive/MyDrive/494_Project_test_3/COMI/dataset/BPAEC/actin/Z010/Z10_10.jpg,actin,0,Z010,test,Z10_10.jpg
/content/drive/MyDrive/494_Project_test_3/COMI/dataset/BPAEC/actin/Z010/Z10_11.jpg,actin,0,Z010,test,Z10_11.jpg
/content/drive/MyDrive/494_Project_test_3/COMI/dataset/BPAEC/actin/Z010/Z10_12.jpg,actin,0,Z010,test,Z10_12.jpg
/content/drive/MyDrive/494_Project_test_3/COMI/dataset/BPAEC/actin/Z010/Z10_13.jpg,actin,0,Z010,test,Z10_13.jpg
/content/drive/MyDrive/494_Project_test_3/COMI/dataset/BPAEC/actin/Z010/Z10_14.jpg,actin,0,Z010,test,Z10_14.jpg
/content/drive/MyDrive/494_Project_test_3/COMI/dataset/BPAEC/actin/Z010/Z10_15.jpg,actin,0,Z010,test,Z10_15.jpg
/content/drive/MyDrive/494_Project_test_3/COMI/dataset/BPAEC/actin/Z010/Z10_16.jpg,actin,0,Z010,test,Z10_16.jpg
/content/drive/MyDrive/494_Project_test_3/COMI/dataset/BPAEC/actin/Z010/Z10_17.jpg,actin,0,Z010,test,Z10_17.jpg
/content/drive/MyDrive/494_Project_test_3/COMI/dataset/BPAEC/actin/Z010/Z10_18.jpg,actin,0,Z010,test,Z10_18.jpg
/content/drive/MyDrive/494_Project_test_3/COMI/dataset/BPAEC/actin/Z010/Z10_19.jpg,actin,0,Z010,test,Z10_19.jpg
/content/drive/MyDrive/494_Project_test_3/COMI/dataset/BPAEC/actin/Z010/Z10_2.jpg,actin,0,Z010,test,Z10_2.jpg
/content/drive/MyDrive/494_Project_test_3/COMI/dataset/BPAEC/actin/Z010/Z10_20.jpg,actin,0,Z010,test,Z10_20.jpg
/content/drive/MyDrive/494_Project_test_3/COMI/dataset/BPAEC/actin/Z010/Z10_21.jpg,actin,0,Z010,test,Z10_21.jpg
/content/drive/MyDrive/494_Project_test_3/COMI/dataset/BPAEC/actin/Z010/Z10_22.jpg,actin,0,Z010,test,Z10_22.jpg
/content/drive/MyDrive/494_Project_test_3/COMI/dataset/BPAEC/actin/Z010/Z10_23.jpg,actin,0,Z010,test,Z10_23.jpg
/content/drive/MyDrive/494_Project_test_3/COMI/dataset/BPAEC/actin/Z010/Z10_24.jpg,actin,0,Z010,test,Z10_24.jpg
/content/drive/MyDrive/494_Project_test_3/COMI/dataset/BPAEC/actin/Z010/Z10_25.jpg,actin,0,Z010,test,Z10_25.jpg
/content/drive/MyDrive/494_Project_test_3/COMI/dataset/BPAEC/actin/Z010/Z10_26.jpg,actin,0,Z010,test,Z10_26.jpg
/content/drive/MyDrive/494_Project_test_3/COMI/dataset/BPAEC/actin/Z010/Z10_27.jpg,actin,0,Z010,test,Z10_27.jpg
/content/drive/MyDrive/494_Project_test_3/COMI/dataset/BPAEC/actin/Z010/Z10_28.jpg,actin,0,Z010,test,Z10_28.jpg
/content/drive/MyDrive/494_Project_test_3/COMI/dataset/BPAEC/actin/Z010/Z10_29.jpg,actin,0,Z010,test,Z10_29.jpg
/content/drive/MyDrive/494_Project_test_3/COMI/dataset/BPAEC/actin/Z010/Z10_3.jpg,actin,0,Z010,test,Z10_3.jpg
/content/drive/MyDrive/494_Project_test_3/COMI/dataset/BPAEC/actin/Z010/Z10_30.jpg,actin,0,Z010,test,Z10_30.jpg
/content/drive/MyDrive/494_Project_test_3/COMI/dataset/BPAEC/actin/Z010/Z10_31.jpg,actin,0,Z010,test,Z10_31.jpg
/content/drive/MyDrive/494_Project_test_3/COMI/dataset/BPAEC/actin/Z010/Z10_32.jpg,actin,0,Z010,test,Z10_32.jpg
/content/drive/MyDrive/494_Project_test_3/COMI/dataset/BPAEC/actin/Z010/Z10_33.jpg,actin,0,Z010,test,Z10_33.jpg
/content/drive/MyDrive/494_Project_test_3/COMI/dataset/BPAEC/actin/Z010/Z10_34.jpg,actin,0,Z010,test,Z10_34.jpg
/content/drive/MyDrive/494_Project_test_3/COMI/dataset/BPAEC/actin/Z010/Z10_35.jpg,actin,0,Z010,test,Z10_35.jpg
/content/drive/MyDrive/494_Project_test_3/COMI/dataset/BPAEC/actin/Z010/Z10_36.jpg,actin,0,Z010,test,Z10_36.jpg
/content/drive/MyDrive/494_Project_test_3/COMI/dataset/BPAEC/actin/Z010/Z10_37.jpg,actin,0,Z010,test,Z10_37.jpg
/content/drive/MyDrive/494_Project_test_3/COMI/dataset/BPAEC/actin/Z010/Z10_38.jpg,actin,0,Z010,test,Z10_38.jpg
/content/drive/MyDrive/494_Project_test_3/COMI/dataset/BPAEC/actin/Z010/Z10_39.jpg,actin,0,Z010,test,Z10_39.jpg
/content/drive/MyDrive/494_Project_test_3/COMI/dataset/BPAEC/actin/Z010/Z10_4.jpg,actin,0,Z010,test,Z10_4.jpg
/content/drive/MyDrive/494_Project_test_3/COMI/dataset/BPAEC/actin/Z010/Z10_40.jpg,actin,0,Z010,test,Z10_40.jpg
/content/drive/MyDrive/494_Project_test_3/COMI/dataset/BPAEC/actin/Z010/Z10_41.jpg,actin,0,Z010,test,Z10_41.jpg
/content/drive/MyDrive/494_Project_test_3/COMI/dataset/BPAEC/actin/Z010/Z10_42.jpg,actin,0,Z010,test,Z10_42.jpg
/content/drive/MyDrive/494_Project_test_3/COMI/dataset/BPAEC/actin/Z010/Z10_43.jpg,actin,0,Z010,test,Z10_43.jpg
/content/drive/MyDrive/494_Project_test_3/COMI/dataset/BPAEC/actin/Z010/Z10_44.jpg,actin,0,Z010,test,Z10_44.jpg
/content/drive/MyDrive/494_Project_test_3/COMI/dataset/BPAEC/actin/Z010/Z10_45.jpg,actin,0,Z010,test,Z10_45.jpg
/content/drive/MyDrive/494_Project_test_3/COMI/dataset/BPAEC/actin/Z010/Z10_46.jpg,actin,0,Z010,test,Z10_46.jpg
/content/drive/MyDrive/494_Project_test_3/COMI/dataset/BPAEC/actin/Z010/Z10_47.jpg,actin,0,Z010,test,Z10_47.jpg
/content/drive/MyDrive/494_Project_test_3/COMI/dataset/BPAEC/actin/Z010/Z10_48.jpg,actin,0,Z010,test,Z10_48.jpg
/content/drive/MyDrive/494_Project_test_3/COMI/dataset/BPAEC/actin/Z010/Z10_49.jpg,actin,0,Z010,test,Z10_49.jpg
/content/drive/MyDrive/494_Project_test_3/COMI/dataset/BPAEC/actin/Z010/Z10_5.jpg,actin,0,Z010,test,Z10_5.jpg
/content/drive/MyDrive/494_Project_test_3/COMI/dataset/BPAEC/actin/Z010/Z10_50.jpg,actin,0,Z010,test,Z10_50.jpg
/content/drive/MyDrive/494_Project_test_3/COMI/dataset/BPAEC/actin/Z010/Z10_51.jpg,actin,0,Z010,test,Z10_51.jpg
/content/drive/MyDrive/494_Project_test_3/COMI/dataset/BPAEC/actin/Z010/Z10_52.jpg,actin,0,Z010,test,Z10_52.jpg
/content/drive/MyDrive/494_Project_test_3/COMI/dataset/BPAEC/actin/Z010/Z10_53.jpg,actin,0,Z010,test,Z10_53.jpg
/content/drive/MyDrive/494_Project_test_3/COMI/dataset/BPAEC/actin/Z010/Z10_54.jpg,actin,0,Z010,test,Z10_54.jpg
/content/drive/MyDrive/494_Project_test_3/COMI/dataset/BPAEC/actin/Z010/Z10_55.jpg,actin,0,Z010,test,Z10_55.jpg
/content/drive/MyDrive/494_Project_test_3/COMI/dataset/BPAEC/actin/Z010/Z10_56.jpg,actin,0,Z010,test,Z10_56.jpg
/content/drive/MyDrive/494_Project_test_3/COMI/dataset/BPAEC/actin/Z010/Z10_57.jpg,actin,0,Z010,test,Z10_57.jpg
/content/drive/MyDrive/494_Project_test_3/COMI/dataset/BPAEC/actin/Z010/Z10_58.jpg,actin,0,Z010,test,Z10_58.jpg
/content/drive/MyDrive/494_Project_test_3/COMI/dataset/BPAEC/actin/Z010/Z10_59.jpg,actin,0,Z010,test,Z10_59.jpg
/content/drive/MyDrive/494_Project_test_3/COMI/dataset/BPAEC/actin/Z010/Z10_6.jpg,actin,0,Z010,test,Z10_6.jpg
/content/drive/MyDrive/494_Project_test_3/COMI/dataset/BPAEC/actin/Z010/Z10_60.jpg,actin,0,Z010,test,Z10_60.jpg
/content/drive/MyDrive/494_Project_test_3/COMI/dataset/BPAEC/actin/Z010/Z10_61.jpg,actin,0,Z010,test,Z10_61.jpg
/content/drive/MyDrive/494_Project_test_3/COMI/dataset/BPAEC/actin/Z010/Z10_62.jpg,actin,0,Z010,test,Z10_62.jpg
/content/drive/MyDrive/494_Project_test_3/COMI/dataset/BPAEC/actin/Z010/Z10_63.jpg,actin,0,Z010,test,Z10_63.jpg
/content/drive/MyDrive/494_Project_test_3/COMI/dataset/BPAEC/actin/Z010/Z10_64.jpg,actin,0,Z010,test,Z10_64.jpg
/content/drive/MyDrive/494_Project_test_3/COMI/dataset/BPAEC/actin/Z010/Z10_65.jpg,actin,0,Z010,test,Z10_65.jpg
/content/drive/MyDrive/494_Project_test_3/COMI/dataset/BPAEC/actin/Z010/Z10_66.jpg,actin,0,Z010,test,Z10_66.jpg
/content/drive/MyDrive/494_Project_test_3/COMI/dataset/BPAEC/actin/Z010/Z10_67.jpg,actin,0,Z010,test,Z10_67.jpg
/content/drive/MyDrive/494_Project_test_3/COMI/dataset/BPAEC/actin/Z010/Z10_68.jpg,actin,0,Z010,test,Z10_68.jpg
/content/drive/MyDrive/494_Project_test_3/COMI/dataset/BPAEC/actin/Z010/Z10_69.jpg,actin,0,Z010,test,Z10_69.jpg
/content/drive/MyDrive/494_Project_test_3/COMI/dataset/BPAEC/actin/Z010/Z10_7.jpg,actin,0,Z010,test,Z10_7.jpg
/content/drive/MyDrive/494_Project_test_3/COMI/dataset/BPAEC/actin/Z010/Z10_70.jpg,actin,0,Z010,test,Z10_70.jpg
/content/drive/MyDrive/494_Project_test_3/COMI/dataset/BPAEC/actin/Z010/Z10_71.jpg,actin,0,Z010,test,Z10_71.jpg
/content/drive/MyDrive/494_Project_test_3/COMI/dataset/BPAEC/actin/Z010/Z10_72.jpg,actin,0,Z010,test,Z10_72.jpg
/content/drive/MyDrive/494_Project_test_3/COMI/dataset/BPAEC/actin/Z010/Z10_73.jpg,actin,0,Z010,test,Z10_73.jpg
/content/drive/MyDrive/494_Project_test_3/COMI/dataset/BPAEC/actin/Z010/Z10_74.jpg,actin,0,Z010,test,Z10_74.jpg
/content/drive/MyDrive/494_Project_test_3/COMI/dataset/BPAEC/actin/Z010/Z10_75.jpg,actin,0,Z010,test,Z10_75.jpg
/content/drive/MyDrive/494_Project_test_3/COMI/dataset/BPAEC/actin/Z010/Z10_76.jpg,actin,0,Z010,test,Z10_76.jpg
/content/drive/MyDrive/494_Project_test_3/COMI/dataset/BPAEC/actin/Z010/Z10_77.jpg,actin,0,Z010,test,Z10_77.jpg
/content/drive/MyDrive/494_Project_test_3/COMI/dataset/BPAEC/actin/Z010/Z10_78.jpg,actin,0,Z010,test,Z10_78.jpg
/content/drive/MyDrive/494_Project_test_3/COMI/dataset/BPAEC/actin/Z010/Z10_79.jpg,actin,0,Z010,test,Z10_79.jpg
/content/drive/MyDrive/494_Project_test_3/COMI/dataset/BPAEC/actin/Z010/Z10_8.jpg,actin,0,Z010,test,Z10_8.jpg
/content/drive/MyDrive/494_Project_test_3/COMI/dataset/BPAEC/actin/Z010/Z10_80.jpg,actin,0,Z010,test,Z10_80.jpg
/content/drive/MyDrive/494_Project_test_3/COMI/dataset/BPAEC/actin/Z010/Z10_81.jpg,actin,0,Z010,test,Z10_81.jpg
/content/drive/MyDrive/494_Project_test_3/COMI/dataset/BPAEC/actin/Z010/Z10_82.jpg,actin,0,Z010,test,Z10_82.jpg
/content/drive/MyDrive/494_Project_test_3/COMI/dataset/BPAEC/actin/Z010/Z10_83.jpg,actin,0,Z010,test,Z10_83.jpg
/content/drive/MyDrive/494_Project_test_3/COMI/dataset/BPAEC/actin/Z010/Z10_84.jpg,actin,0,Z010,test,Z10_84.jpg
/content/drive/MyDrive/494_Project_test_3/COMI/dataset/BPAEC/actin/Z010/Z10_85.jpg,actin,0,Z010,test,Z10_85.jpg
/content/drive/MyDrive/494_Project_test_3/COMI/dataset/BPAEC/actin/Z010/Z10_86.jpg,actin,0,Z010,test,Z10_86.jpg
/content/drive/MyDrive/494_Project_test_3/COMI/dataset/BPAEC/actin/Z010/Z10_87.jpg,actin,0,Z010,test,Z10_87.jpg
/content/drive/MyDrive/494_Project_test_3/COMI/dataset/BPAEC/actin/Z010/Z10_88.jpg,actin,0,Z010,test,Z10_88.jpg
/content/drive/MyDrive/494_Project_test_3/COMI/dataset/BPAEC/actin/Z010/Z10_89.jpg,actin,0,Z010,test,Z10_89.jpg
/content/drive/MyDrive/494_Project_test_3/COMI/dataset/BPAEC/actin/Z010/Z10_9.jpg,actin,0,Z010,test,Z10_9.jpg
/content/drive/MyDrive/494_Project_test_3/COMI/dataset/BPAEC/actin/Z010/Z10_90.jpg,actin,0,Z010,test,Z10_90.jpg
/content/drive/MyDrive/494_Project_test_3/COMI/dataset/BPAEC/actin/Z010/Z10_91.jpg,actin,0,Z010,test,Z10_91.jpg
/content/drive/MyDrive/494_Project_test_3/COMI/dataset/BPAEC/actin/Z010/Z10_92.jpg,actin,0,Z010,test,Z10_92.jpg
/content/drive/MyDrive/494_Project_test_3/COMI/dataset/BPAEC/actin/Z010/Z10_93.jpg,actin,0,Z010,test,Z10_93.jpg
/content/drive/MyDrive/494_Project_test_3/COMI/dataset/BPAEC/actin/Z010/Z10_94.jpg,actin,0,Z010,test,Z10_94.jpg
/content/drive/MyDrive/494_Project_test_3/COMI/dataset/BPAEC/actin/Z010/Z10_95.jpg,actin,0,Z010,test,Z10_95.jpg
/content/drive/MyDrive/494_Project_test_3/COMI/dataset/BPAEC/actin/Z010/Z10_96.jpg,actin,0,Z010,test,Z10_96.jpg
/content/drive/MyDrive/494_Project_test_3/COMI/dataset/BPAEC/actin/Z010/Z10_97.jpg,actin,0,Z010,test,Z10_97.jpg
/content/drive/MyDrive/494_Project_test_3/COMI/dataset/BPAEC/actin/Z010/Z10_98.jpg,actin,0,Z010,test,Z10_98.jpg
/content/drive/MyDrive/494_Project_test_3/COMI/dataset/BPAEC/actin/Z010/Z10_99.jpg,actin,0,Z010,test,Z10_99.jpg
/content/drive/MyDrive/494_Project_test_3/COMI/dataset/BPAEC/mitochondria/Z010/Z10_0.jpg,mitochondria,1,Z010,test,Z10_0.jpg
/content/drive/MyDrive/494_Project_test_3/COMI/dataset/BPAEC/mitochondria/Z010/Z10_1.jpg,mitochondria,1,Z010,test,Z10_1.jpg
/content/drive/MyDrive/494_Project_test_3/COMI/dataset/BPAEC/mitochondria/Z010/Z10_10.jpg,mitochondria,1,Z010,test,Z10_10.jpg
/content/drive/MyDrive/494_Project_test_3/COMI/dataset/BPAEC/mitochondria/Z010/Z10_11.jpg,mitochondria,1,Z010,test,Z10_11.jpg
/content/drive/MyDrive/494_Project_test_3/COMI/dataset/BPAEC/mitochondria/Z010/Z10_12.jpg,mitochondria,1,Z010,test,Z10_12.jpg
/content/drive/MyDrive/494_Project_test_3/COMI/dataset/BPAEC/mitochondria/Z010/Z10_13.jpg,mitochondria,1,Z010,test,Z10_13.jpg
/content/drive/MyDrive/494_Project_test_3/COMI/dataset/BPAEC/mitochondria/Z010/Z10_14.jpg,mitochondria,1,Z010,test,Z10_14.jpg
/content/drive/MyDrive/494_Project_test_3/COMI/dataset/BPAEC/mitochondria/Z010/Z10_15.jpg,mitochondria,1,Z010,test,Z10_15.jpg
/content/drive/MyDrive/494_Project_test_3/COMI/dataset/BPAEC/mitochondria/Z010/Z10_16.jpg,mitochondria,1,Z010,test,Z10_16.jpg
/content/drive/MyDrive/494_Project_test_3/COMI/dataset/BPAEC/mitochondria/Z010/Z10_17.jpg,mitochondria,1,Z010,test,Z10_17.jpg
/content/drive/MyDrive/494_Project_test_3/COMI/dataset/BPAEC/mitochondria/Z010/Z10_18.jpg,mitochondria,1,Z010,test,Z10_18.jpg
/content/drive/MyDrive/494_Project_test_3/COMI/dataset/BPAEC/mitochondria/Z010/Z10_19.jpg,mitochondria,1,Z010,test,Z10_19.jpg
/content/drive/MyDrive/494_Project_test_3/COMI/dataset/BPAEC/mitochondria/Z010/Z10_2.jpg,mitochondria,1,Z010,test,Z10_2.jpg
/content/drive/MyDrive/494_Project_test_3/COMI/dataset/BPAEC/mitochondria/Z010/Z10_20.jpg,mitochondria,1,Z010,test,Z10_20.jpg
/content/drive/MyDrive/494_Project_test_3/COMI/dataset/BPAEC/mitochondria/Z010/Z10_21.jpg,mitochondria,1,Z010,test,Z10_21.jpg
/content/drive/MyDrive/494_Project_test_3/COMI/dataset/BPAEC/mitochondria/Z010/Z10_22.jpg,mitochondria,1,Z010,test,Z10_22.jpg
/content/drive/MyDrive/494_Project_test_3/COMI/dataset/BPAEC/mitochondria/Z010/Z10_23.jpg,mitochondria,1,Z010,test,Z10_23.jpg
/content/drive/MyDrive/494_Project_test_3/COMI/dataset/BPAEC/mitochondria/Z010/Z10_24.jpg,mitochondria,1,Z010,test,Z10_24.jpg
/content/drive/MyDrive/494_Project_test_3/COMI/dataset/BPAEC/mitochondria/Z010/Z10_25.jpg,mitochondria,1,Z010,test,Z10_25.jpg
/content/drive/MyDrive/494_Project_test_3/COMI/dataset/BPAEC/mitochondria/Z010/Z10_26.jpg,mitochondria,1,Z010,test,Z10_26.jpg
/content/drive/MyDrive/494_Project_test_3/COMI/dataset/BPAEC/mitochondria/Z010/Z10_27.jpg,mitochondria,1,Z010,test,Z10_27.jpg
/content/drive/MyDrive/494_Project_test_3/COMI/dataset/BPAEC/mitochondria/Z010/Z10_28.jpg,mitochondria,1,Z010,test,Z10_28.jpg
/content/drive/MyDrive/494_Project_test_3/COMI/dataset/BPAEC/mitochondria/Z010/Z10_29.jpg,mitochondria,1,Z010,test,Z10_29.jpg
/content/drive/MyDrive/494_Project_test_3/COMI/dataset/BPAEC/mitochondria/Z010/Z10_3.jpg,mitochondria,1,Z010,test,Z10_3.jpg
/content/drive/MyDrive/494_Project_test_3/COMI/dataset/BPAEC/mitochondria/Z010/Z10_30.jpg,mitochondria,1,Z010,test,Z10_30.jpg
/content/drive/MyDrive/494_Project_test_3/COMI/dataset/BPAEC/mitochondria/Z010/Z10_31.jpg,mitochondria,1,Z010,test,Z10_31.jpg
/content/drive/MyDrive/494_Project_test_3/COMI/dataset/BPAEC/mitochondria/Z010/Z10_32.jpg,mitochondria,1,Z010,test,Z10_32.jpg
/content/drive/MyDrive/494_Project_test_3/COMI/dataset/BPAEC/mitochondria/Z010/Z10_33.jpg,mitochondria,1,Z010,test,Z10_33.jpg
/content/drive/MyDrive/494_Project_test_3/COMI/dataset/BPAEC/mitochondria/Z010/Z10_34.jpg,mitochondria,1,Z010,test,Z10_34.jpg
/content/drive/MyDrive/494_Project_test_3/COMI/dataset/BPAEC/mitochondria/Z010/Z10_35.jpg,mitochondria,1,Z010,test,Z10_35.jpg
/content/drive/MyDrive/494_Project_test_3/COMI/dataset/BPAEC/mitochondria/Z010/Z10_36.jpg,mitochondria,1,Z010,test,Z10_36.jpg
/content/drive/MyDrive/494_Project_test_3/COMI/dataset/BPAEC/mitochondria/Z010/Z10_37.jpg,mitochondria,1,Z010,test,Z10_37.jpg
/content/drive/MyDrive/494_Project_test_3/COMI/dataset/BPAEC/mitochondria/Z010/Z10_38.jpg,mitochondria,1,Z010,test,Z10_38.jpg
/content/drive/MyDrive/494_Project_test_3/COMI/dataset/BPAEC/mitochondria/Z010/Z10_39.jpg,mitochondria,1,Z010,test,Z10_39.jpg
/content/drive/MyDrive/494_Project_test_3/COMI/dataset/BPAEC/mitochondria/Z010/Z10_4.jpg,mitochondria,1,Z010,test,Z10_4.jpg
/content/drive/MyDrive/494_Project_test_3/COMI/dataset/BPAEC/mitochondria/Z010/Z10_40.jpg,mitochondria,1,Z010,test,Z10_40.jpg
/content/drive/MyDrive/494_Project_test_3/COMI/dataset/BPAEC/mitochondria/Z010/Z10_41.jpg,mitochondria,1,Z010,test,Z10_41.jpg
/content/drive/MyDrive/494_Project_test_3/COMI/dataset/BPAEC/mitochondria/Z010/Z10_42.jpg,mitochondria,1,Z010,test,Z10_42.jpg
/content/drive/MyDrive/494_Project_test_3/COMI/dataset/BPAEC/mitochondria/Z010/Z10_43.jpg,mitochondria,1,Z010,test,Z10_43.jpg
/content/drive/MyDrive/494_Project_test_3/COMI/dataset/BPAEC/mitochondria/Z010/Z10_44.jpg,mitochondria,1,Z010,test,Z10_44.jpg
/content/drive/MyDrive/494_Project_test_3/COMI/dataset/BPAEC/mitochondria/Z010/Z10_45.jpg,mitochondria,1,Z010,test,Z10_45.jpg
/content/drive/MyDrive/494_Project_test_3/COMI/dataset/BPAEC/mitochondria/Z010/Z10_46.jpg,mitochondria,1,Z010,test,Z10_46.jpg
/content/drive/MyDrive/494_Project_test_3/COMI/dataset/BPAEC/mitochondria/Z010/Z10_47.jpg,mitochondria,1,Z010,test,Z10_47.jpg
/content/drive/MyDrive/494_Project_test_3/COMI/dataset/BPAEC/mitochondria/Z010/Z10_48.jpg,mitochondria,1,Z010,test,Z10_48.jpg
/content/drive/MyDrive/494_Project_test_3/COMI/dataset/BPAEC/mitochondria/Z010/Z10_49.jpg,mitochondria,1,Z010,test,Z10_49.jpg
/content/drive/MyDrive/494_Project_test_3/COMI/dataset/BPAEC/mitochondria/Z010/Z10_5.jpg,mitochondria,1,Z010,test,Z10_5.jpg
/content/drive/MyDrive/494_Project_test_3/COMI/dataset/BPAEC/mitochondria/Z010/Z10_50.jpg,mitochondria,1,Z010,test,Z10_50.jpg
/content/drive/MyDrive/494_Project_test_3/COMI/dataset/BPAEC/mitochondria/Z010/Z10_51.jpg,mitochondria,1,Z010,test,Z10_51.jpg
/content/drive/MyDrive/494_Project_test_3/COMI/dataset/BPAEC/mitochondria/Z010/Z10_52.jpg,mitochondria,1,Z010,test,Z10_52.jpg
/content/drive/MyDrive/494_Project_test_3/COMI/dataset/BPAEC/mitochondria/Z010/Z10_53.jpg,mitochondria,1,Z010,test,Z10_53.jpg
/content/drive/MyDrive/494_Project_test_3/COMI/dataset/BPAEC/mitochondria/Z010/Z10_54.jpg,mitochondria,1,Z010,test,Z10_54.jpg
/content/drive/MyDrive/494_Project_test_3/COMI/dataset/BPAEC/mitochondria/Z010/Z10_55.jpg,mitochondria,1,Z010,test,Z10_55.jpg
/content/drive/MyDrive/494_Project_test_3/COMI/dataset/BPAEC/mitochondria/Z010/Z10_56.jpg,mitochondria,1,Z010,test,Z10_56.jpg
/content/drive/MyDrive/494_Project_test_3/COMI/dataset/BPAEC/mitochondria/Z010/Z10_57.jpg,mitochondria,1,Z010,test,Z10_57.jpg
/content/drive/MyDrive/494_Project_test_3/COMI/dataset/BPAEC/mitochondria/Z010/Z10_58.jpg,mitochondria,1,Z010,test,Z10_58.jpg
/content/drive/MyDrive/494_Project_test_3/COMI/dataset/BPAEC/mitochondria/Z010/Z10_59.jpg,mitochondria,1,Z010,test,Z10_59.jpg
/content/drive/MyDrive/494_Project_test_3/COMI/dataset/BPAEC/mitochondria/Z010/Z10_6.jpg,mitochondria,1,Z010,test,Z10_6.jpg
/content/drive/MyDrive/494_Project_test_3/COMI/dataset/BPAEC/mitochondria/Z010/Z10_60.jpg,mitochondria,1,Z010,test,Z10_60.jpg
/content/drive/MyDrive/494_Project_test_3/COMI/dataset/BPAEC/mitochondria/Z010/Z10_61.jpg,mitochondria,1,Z010,test,Z10_61.jpg
/content/drive/MyDrive/494_Project_test_3/COMI/dataset/BPAEC/mitochondria/Z010/Z10_62.jpg,mitochondria,1,Z010,test,Z10_62.jpg
/content/drive/MyDrive/494_Project_test_3/COMI/dataset/BPAEC/mitochondria/Z010/Z10_63.jpg,mitochondria,1,Z010,test,Z10_63.jpg
/content/drive/MyDrive/494_Project_test_3/COMI/dataset/BPAEC/mitochondria/Z010/Z10_64.jpg,mitochondria,1,Z010,test,Z10_64.jpg
/content/drive/MyDrive/494_Project_test_3/COMI/dataset/BPAEC/mitochondria/Z010/Z10_65.jpg,mitochondria,1,Z010,test,Z10_65.jpg
/content/drive/MyDrive/494_Project_test_3/COMI/dataset/BPAEC/mitochondria/Z010/Z10_66.jpg,mitochondria,1,Z010,test,Z10_66.jpg
/content/drive/MyDrive/494_Project_test_3/COMI/dataset/BPAEC/mitochondria/Z010/Z10_67.jpg,mitochondria,1,Z010,test,Z10_67.jpg
/content/drive/MyDrive/494_Project_test_3/COMI/dataset/BPAEC/mitochondria/Z010/Z10_68.jpg,mitochondria,1,Z010,test,Z10_68.jpg
/content/drive/MyDrive/494_Project_test_3/COMI/dataset/BPAEC/mitochondria/Z010/Z10_69.jpg,mitochondria,1,Z010,test,Z10_69.jpg
/content/drive/MyDrive/494_Project_test_3/COMI/dataset/BPAEC/mitochondria/Z010/Z10_7.jpg,mitochondria,1,Z010,test,Z10_7.jpg
/content/drive/MyDrive/494_Project_test_3/COMI/dataset/BPAEC/mitochondria/Z010/Z10_70.jpg,mitochondria,1,Z010,test,Z10_70.jpg
/content/drive/MyDrive/494_Project_test_3/COMI/dataset/BPAEC/mitochondria/Z010/Z10_71.jpg,mitochondria,1,Z010,test,Z10_71.jpg
/content/drive/MyDrive/494_Project_test_3/COMI/dataset/BPAEC/mitochondria/Z010/Z10_72.jpg,mitochondria,1,Z010,test,Z10_72.jpg
/content/drive/MyDrive/494_Project_test_3/COMI/dataset/BPAEC/mitochondria/Z010/Z10_73.jpg,mitochondria,1,Z010,test,Z10_73.jpg
/content/drive/MyDrive/494_Project_test_3/COMI/dataset/BPAEC/mitochondria/Z010/Z10_74.jpg,mitochondria,1,Z010,test,Z10_74.jpg
/content/drive/MyDrive/494_Project_test_3/COMI/dataset/BPAEC/mitochondria/Z010/Z10_75.jpg,mitochondria,1,Z010,test,Z10_75.jpg
/content/drive/MyDrive/494_Project_test_3/COMI/dataset/BPAEC/mitochondria/Z010/Z10_76.jpg,mitochondria,1,Z010,test,Z10_76.jpg
/content/drive/MyDrive/494_Project_test_3/COMI/dataset/BPAEC/mitochondria/Z010/Z10_77.jpg,mitochondria,1,Z010,test,Z10_77.jpg
/content/drive/MyDrive/494_Project_test_3/COMI/dataset/BPAEC/mitochondria/Z010/Z10_78.jpg,mitochondria,1,Z010,test,Z10_78.jpg
/content/drive/MyDrive/494_Project_test_3/COMI/dataset/BPAEC/mitochondria/Z010/Z10_79.jpg,mitochondria,1,Z010,test,Z10_79.jpg
/content/drive/MyDrive/494_Project_test_3/COMI/dataset/BPAEC/mitochondria/Z010/Z10_8.jpg,mitochondria,1,Z010,test,Z10_8.jpg
/content/drive/MyDrive/494_Project_test_3/COMI/dataset/BPAEC/mitochondria/Z010/Z10_80.jpg,mitochondria,1,Z010,test,Z10_80.jpg
/content/drive/MyDrive/494_Project_test_3/COMI/dataset/BPAEC/mitochondria/Z010/Z10_81.jpg,mitochondria,1,Z010,test,Z10_81.jpg
/content/drive/MyDrive/494_Project_test_3/COMI/dataset/BPAEC/mitochondria/Z010/Z10_82.jpg,mitochondria,1,Z010,test,Z10_82.jpg
/content/drive/MyDrive/494_Project_test_3/COMI/dataset/BPAEC/mitochondria/Z010/Z10_83.jpg,mitochondria,1,Z010,test,Z10_83.jpg
/content/drive/MyDrive/494_Project_test_3/COMI/dataset/BPAEC/mitochondria/Z010/Z10_84.jpg,mitochondria,1,Z010,test,Z10_84.jpg
/content/drive/MyDrive/494_Project_test_3/COMI/dataset/BPAEC/mitochondria/Z010/Z10_85.jpg,mitochondria,1,Z010,test,Z10_85.jpg
/content/drive/MyDrive/494_Project_test_3/COMI/dataset/BPAEC/mitochondria/Z010/Z10_86.jpg,mitochondria,1,Z010,test,Z10_86.jpg
/content/drive/MyDrive/494_Project_test_3/COMI/dataset/BPAEC/mitochondria/Z010/Z10_87.jpg,mitochondria,1,Z010,test,Z10_87.jpg
/content/drive/MyDrive/494_Project_test_3/COMI/dataset/BPAEC/mitochondria/Z010/Z10_88.jpg,mitochondria,1,Z010,test,Z10_88.jpg
/content/drive/MyDrive/494_Project_test_3/COMI/dataset/BPAEC/mitochondria/Z010/Z10_89.jpg,mitochondria,1,Z010,test,Z10_89.jpg
/content/drive/MyDrive/494_Project_test_3/COMI/dataset/BPAEC/mitochondria/Z010/Z10_9.jpg,mitochondria,1,Z010,test,Z10_9.jpg
/content/drive/MyDrive/494_Project_test_3/COMI/dataset/BPAEC/mitochondria/Z010/Z10_90.jpg,mitochondria,1,Z010,test,Z10_90.jpg
/content/drive/MyDrive/494_Project_test_3/COMI/dataset/BPAEC/mitochondria/Z010/Z10_91.jpg,mitochondria,1,Z010,test,Z10_91.jpg
/content/drive/MyDrive/494_Project_test_3/COMI/dataset/BPAEC/mitochondria/Z010/Z10_92.jpg,mitochondria,1,Z010,test,Z10_92.jpg
/content/drive/MyDrive/494_Project_test_3/COMI/dataset/BPAEC/mitochondria/Z010/Z10_93.jpg,mitochondria,1,Z010,test,Z10_93.jpg
/content/drive/MyDrive/494_Project_test_3/COMI/dataset/BPAEC/mitochondria/Z010/Z10_94.jpg,mitochondria,1,Z010,test,Z10_94.jpg
/content/drive/MyDrive/494_Project_test_3/COMI/dataset/BPAEC/mitochondria/Z010/Z10_95.jpg,mitochondria,1,Z010,test,Z10_95.jpg
/content/drive/MyDrive/494_Project_test_3/COMI/dataset/BPAEC/mitochondria/Z010/Z10_96.jpg,mitochondria,1,Z010,test,Z10_96.jpg
/content/drive/MyDrive/494_Project_test_3/COMI/dataset/BPAEC/nucleus/Z010/Z10_0.jpg,nucleus,2,Z010,test,Z10_0.jpg
/content/drive/MyDrive/494_Project_test_3/COMI/dataset/BPAEC/nucleus/Z010/Z10_1.jpg,nucleus,2,Z010,test,Z10_1.jpg
/content/drive/MyDrive/494_Project_test_3/COMI/dataset/BPAEC/nucleus/Z010/Z10_10.jpg,nucleus,2,Z010,test,Z10_10.jpg
/content/drive/MyDrive/494_Project_test_3/COMI/dataset/BPAEC/nucleus/Z010/Z10_11.jpg,nucleus,2,Z010,test,Z10_11.jpg
/content/drive/MyDrive/494_Project_test_3/COMI/dataset/BPAEC/nucleus/Z010/Z10_12.jpg,nucleus,2,Z010,test,Z10_12.jpg
/content/drive/MyDrive/494_Project_test_3/COMI/dataset/BPAEC/nucleus/Z010/Z10_13.jpg,nucleus,2,Z010,test,Z10_13.jpg
/content/drive/MyDrive/494_Project_test_3/COMI/dataset/BPAEC/nucleus/Z010/Z10_14.jpg,nucleus,2,Z010,test,Z10_14.jpg
/content/drive/MyDrive/494_Project_test_3/COMI/dataset/BPAEC/nucleus/Z010/Z10_15.jpg,nucleus,2,Z010,test,Z10_15.jpg
/content/drive/MyDrive/494_Project_test_3/COMI/dataset/BPAEC/nucleus/Z010/Z10_16.jpg,nucleus,2,Z010,test,Z10_16.jpg
/content/drive/MyDrive/494_Project_test_3/COMI/dataset/BPAEC/nucleus/Z010/Z10_17.jpg,nucleus,2,Z010,test,Z10_17.jpg
/content/drive/MyDrive/494_Project_test_3/COMI/dataset/BPAEC/nucleus/Z010/Z10_18.jpg,nucleus,2,Z010,test,Z10_18.jpg
/content/drive/MyDrive/494_Project_test_3/COMI/dataset/BPAEC/nucleus/Z010/Z10_19.jpg,nucleus,2,Z010,test,Z10_19.jpg
/content/drive/MyDrive/494_Project_test_3/COMI/dataset/BPAEC/nucleus/Z010/Z10_2.jpg,nucleus,2,Z010,test,Z10_2.jpg
/content/drive/MyDrive/494_Project_test_3/COMI/dataset/BPAEC/nucleus/Z010/Z10_20.jpg,nucleus,2,Z010,test,Z10_20.jpg
/content/drive/MyDrive/494_Project_test_3/COMI/dataset/BPAEC/nucleus/Z010/Z10_21.jpg,nucleus,2,Z010,test,Z10_21.jpg
/content/drive/MyDrive/494_Project_test_3/COMI/dataset/BPAEC/nucleus/Z010/Z10_22.jpg,nucleus,2,Z010,test,Z10_22.jpg
/content/drive/MyDrive/494_Project_test_3/COMI/dataset/BPAEC/nucleus/Z010/Z10_23.jpg,nucleus,2,Z010,test,Z10_23.jpg
/content/drive/MyDrive/494_Project_test_3/COMI/dataset/BPAEC/nucleus/Z010/Z10_24.jpg,nucleus,2,Z010,test,Z10_24.jpg
/content/drive/MyDrive/494_Project_test_3/COMI/dataset/BPAEC/nucleus/Z010/Z10_25.jpg,nucleus,2,Z010,test,Z10_25.jpg
/content/drive/MyDrive/494_Project_test_3/COMI/dataset/BPAEC/nucleus/Z010/Z10_26.jpg,nucleus,2,Z010,test,Z10_26.jpg
/content/drive/MyDrive/494_Project_test_3/COMI/dataset/BPAEC/nucleus/Z010/Z10_27.jpg,nucleus,2,Z010,test,Z10_27.jpg
/content/drive/MyDrive/494_Project_test_3/COMI/dataset/BPAEC/nucleus/Z010/Z10_28.jpg,nucleus,2,Z010,test,Z10_28.jpg
/content/drive/MyDrive/494_Project_test_3/COMI/dataset/BPAEC/nucleus/Z010/Z10_29.jpg,nucleus,2,Z010,test,Z10_29.jpg
/content/drive/MyDrive/494_Project_test_3/COMI/dataset/BPAEC/nucleus/Z010/Z10_3.jpg,nucleus,2,Z010,test,Z10_3.jpg
/content/drive/MyDrive/494_Project_test_3/COMI/dataset/BPAEC/nucleus/Z010/Z10_30.jpg,nucleus,2,Z010,test,Z10_30.jpg
/content/drive/MyDrive/494_Project_test_3/COMI/dataset/BPAEC/nucleus/Z010/Z10_31.jpg,nucleus,2,Z010,test,Z10_31.jpg
/content/drive/MyDrive/494_Project_test_3/COMI/dataset/BPAEC/nucleus/Z010/Z10_32.jpg,nucleus,2,Z010,test,Z10_32.jpg
/content/drive/MyDrive/494_Project_test_3/COMI/dataset/BPAEC/nucleus/Z010/Z10_33.jpg,nucleus,2,Z010,test,Z10_33.jpg
/content/drive/MyDrive/494_Project_test_3/COMI/dataset/BPAEC/nucleus/Z010/Z10_34.jpg,nucleus,2,Z010,test,Z10_34.jpg
/content/drive/MyDrive/494_Project_test_3/COMI/dataset/BPAEC/nucleus/Z010/Z10_35.jpg,nucleus,2,Z010,test,Z10_35.jpg
/content/drive/MyDrive/494_Project_test_3/COMI/dataset/BPAEC/nucleus/Z010/Z10_36.jpg,nucleus,2,Z010,test,Z10_36.jpg
/content/drive/MyDrive/494_Project_test_3/COMI/dataset/BPAEC/nucleus/Z010/Z10_37.jpg,nucleus,2,Z010,test,Z10_37.jpg
/content/drive/MyDrive/494_Project_test_3/COMI/dataset/BPAEC/nucleus/Z010/Z10_38.jpg,nucleus,2,Z010,test,Z10_38.jpg
/content/drive/MyDrive/494_Project_test_3/COMI/dataset/BPAEC/nucleus/Z010/Z10_39.jpg,nucleus,2,Z010,test,Z10_39.jpg
/content/drive/MyDrive/494_Project_test_3/COMI/dataset/BPAEC/nucleus/Z010/Z10_4.jpg,nucleus,2,Z010,test,Z10_4.jpg
/content/drive/MyDrive/494_Project_test_3/COMI/dataset/BPAEC/nucleus/Z010/Z10_40.jpg,nucleus,2,Z010,test,Z10_40.jpg
/content/drive/MyDrive/494_Project_test_3/COMI/dataset/BPAEC/nucleus/Z010/Z10_41.jpg,nucleus,2,Z010,test,Z10_41.jpg
/content/drive/MyDrive/494_Project_test_3/COMI/dataset/BPAEC/nucleus/Z010/Z10_42.jpg,nucleus,2,Z010,test,Z10_42.jpg
/content/drive/MyDrive/494_Project_test_3/COMI/dataset/BPAEC/nucleus/Z010/Z10_43.jpg,nucleus,2,Z010,test,Z10_43.jpg
/content/drive/MyDrive/494_Project_test_3/COMI/dataset/BPAEC/nucleus/Z010/Z10_44.jpg,nucleus,2,Z010,test,Z10_44.jpg
/content/drive/MyDrive/494_Project_test_3/COMI/dataset/BPAEC/nucleus/Z010/Z10_45.jpg,nucleus,2,Z010,test,Z10_45.jpg
/content/drive/MyDrive/494_Project_test_3/COMI/dataset/BPAEC/nucleus/Z010/Z10_46.jpg,nucleus,2,Z010,test,Z10_46.jpg
/content/drive/MyDrive/494_Project_test_3/COMI/dataset/BPAEC/nucleus/Z010/Z10_47.jpg,nucleus,2,Z010,test,Z10_47.jpg
/content/drive/MyDrive/494_Project_test_3/COMI/dataset/BPAEC/nucleus/Z010/Z10_48.jpg,nucleus,2,Z010,test,Z10_48.jpg
/content/drive/MyDrive/494_Project_test_3/COMI/dataset/BPAEC/nucleus/Z010/Z10_49.jpg,nucleus,2,Z010,test,Z10_49.jpg
/content/drive/MyDrive/494_Project_test_3/COMI/dataset/BPAEC/nucleus/Z010/Z10_5.jpg,nucleus,2,Z010,test,Z10_5.jpg
/content/drive/MyDrive/494_Project_test_3/COMI/dataset/BPAEC/nucleus/Z010/Z10_50.jpg,nucleus,2,Z010,test,Z10_50.jpg
/content/drive/MyDrive/494_Project_test_3/COMI/dataset/BPAEC/nucleus/Z010/Z10_51.jpg,nucleus,2,Z010,test,Z10_51.jpg
/content/drive/MyDrive/494_Project_test_3/COMI/dataset/BPAEC/nucleus/Z010/Z10_52.jpg,nucleus,2,Z010,test,Z10_52.jpg
/content/drive/MyDrive/494_Project_test_3/COMI/dataset/BPAEC/nucleus/Z010/Z10_53.jpg,nucleus,2,Z010,test,Z10_53.jpg
/content/drive/MyDrive/494_Project_test_3/COMI/dataset/BPAEC/nucleus/Z010/Z10_54.jpg,nucleus,2,Z010,test,Z10_54.jpg
/content/drive/MyDrive/494_Project_test_3/COMI/dataset/BPAEC/nucleus/Z010/Z10_55.jpg,nucleus,2,Z010,test,Z10_55.jpg
/content/drive/MyDrive/494_Project_test_3/COMI/dataset/BPAEC/nucleus/Z010/Z10_56.jpg,nucleus,2,Z010,test,Z10_56.jpg
/content/drive/MyDrive/494_Project_test_3/COMI/dataset/BPAEC/nucleus/Z010/Z10_57.jpg,nucleus,2,Z010,test,Z10_57.jpg
/content/drive/MyDrive/494_Project_test_3/COMI/dataset/BPAEC/nucleus/Z010/Z10_58.jpg,nucleus,2,Z010,test,Z10_58.jpg
/content/drive/MyDrive/494_Project_test_3/COMI/dataset/BPAEC/nucleus/Z010/Z10_59.jpg,nucleus,2,Z010,test,Z10_59.jpg
/content/drive/MyDrive/494_Project_test_3/COMI/dataset/BPAEC/nucleus/Z010/Z10_6.jpg,nucleus,2,Z010,test,Z10_6.jpg
/content/drive/MyDrive/494_Project_test_3/COMI/dataset/BPAEC/nucleus/Z010/Z10_60.jpg,nucleus,2,Z010,test,Z10_60.jpg
/content/drive/MyDrive/494_Project_test_3/COMI/dataset/BPAEC/nucleus/Z010/Z10_61.jpg,nucleus,2,Z010,test,Z10_61.jpg
/content/drive/MyDrive/494_Project_test_3/COMI/dataset/BPAEC/nucleus/Z010/Z10_62.jpg,nucleus,2,Z010,test,Z10_62.jpg
/content/drive/MyDrive/494_Project_test_3/COMI/dataset/BPAEC/nucleus/Z010/Z10_63.jpg,nucleus,2,Z010,test,Z10_63.jpg
/content/drive/MyDrive/494_Project_test_3/COMI/dataset/BPAEC/nucleus/Z010/Z10_64.jpg,nucleus,2,Z010,test,Z10_64.jpg
/content/drive/MyDrive/494_Project_test_3/COMI/dataset/BPAEC/nucleus/Z010/Z10_65.jpg,nucleus,2,Z010,test,Z10_65.jpg
/content/drive/MyDrive/494_Project_test_3/COMI/dataset/BPAEC/nucleus/Z010/Z10_66.jpg,nucleus,2,Z010,test,Z10_66.jpg
/content/drive/MyDrive/494_Project_test_3/COMI/dataset/BPAEC/nucleus/Z010/Z10_67.jpg,nucleus,2,Z010,test,Z10_67.jpg
/content/drive/MyDrive/494_Project_test_3/COMI/dataset/BPAEC/nucleus/Z010/Z10_68.jpg,nucleus,2,Z010,test,Z10_68.jpg
/content/drive/MyDrive/494_Project_test_3/COMI/dataset/BPAEC/nucleus/Z010/Z10_69.jpg,nucleus,2,Z010,test,Z10_69.jpg
/content/drive/MyDrive/494_Project_test_3/COMI/dataset/BPAEC/nucleus/Z010/Z10_7.jpg,nucleus,2,Z010,test,Z10_7.jpg
/content/drive/MyDrive/494_Project_test_3/COMI/dataset/BPAEC/nucleus/Z010/Z10_70.jpg,nucleus,2,Z010,test,Z10_70.jpg
/content/drive/MyDrive/494_Project_test_3/COMI/dataset/BPAEC/nucleus/Z010/Z10_71.jpg,nucleus,2,Z010,test,Z10_71.jpg
/content/drive/MyDrive/494_Project_test_3/COMI/dataset/BPAEC/nucleus/Z010/Z10_72.jpg,nucleus,2,Z010,test,Z10_72.jpg
/content/drive/MyDrive/494_Project_test_3/COMI/dataset/BPAEC/nucleus/Z010/Z10_73.jpg,nucleus,2,Z010,test,Z10_73.jpg
/content/drive/MyDrive/494_Project_test_3/COMI/dataset/BPAEC/nucleus/Z010/Z10_74.jpg,nucleus,2,Z010,test,Z10_74.jpg
/content/drive/MyDrive/494_Project_test_3/COMI/dataset/BPAEC/nucleus/Z010/Z10_75.jpg,nucleus,2,Z010,test,Z10_75.jpg
/content/drive/MyDrive/494_Project_test_3/COMI/dataset/BPAEC/nucleus/Z010/Z10_76.jpg,nucleus,2,Z010,test,Z10_76.jpg
/content/drive/MyDrive/494_Project_test_3/COMI/dataset/BPAEC/nucleus/Z010/Z10_77.jpg,nucleus,2,Z010,test,Z10_77.jpg
/content/drive/MyDrive/494_Project_test_3/COMI/dataset/BPAEC/nucleus/Z010/Z10_78.jpg,nucleus,2,Z010,test,Z10_78.jpg
/content/drive/MyDrive/494_Project_test_3/COMI/dataset/BPAEC/nucleus/Z010/Z10_79.jpg,nucleus,2,Z010,test,Z10_79.jpg
/content/drive/MyDrive/494_Project_test_3/COMI/dataset/BPAEC/nucleus/Z010/Z10_8.jpg,nucleus,2,Z010,test,Z10_8.jpg
/content/drive/MyDrive/494_Project_test_3/COMI/dataset/BPAEC/nucleus/Z010/Z10_80.jpg,nucleus,2,Z010,test,Z10_80.jpg
/content/drive/MyDrive/494_Project_test_3/COMI/dataset/BPAEC/nucleus/Z010/Z10_81.jpg,nucleus,2,Z010,test,Z10_81.jpg
/content/drive/MyDrive/494_Project_test_3/COMI/dataset/BPAEC/nucleus/Z010/Z10_82.jpg,nucleus,2,Z010,test,Z10_82.jpg
/content/drive/MyDrive/494_Project_test_3/COMI/dataset/BPAEC/nucleus/Z010/Z10_83.jpg,nucleus,2,Z010,test,Z10_83.jpg
/content/drive/MyDrive/494_Project_test_3/COMI/dataset/BPAEC/nucleus/Z010/Z10_84.jpg,nucleus,2,Z010,test,Z10_84.jpg
/content/drive/MyDrive/494_Project_test_3/COMI/dataset/BPAEC/nucleus/Z010/Z10_85.jpg,nucleus,2,Z010,test,Z10_85.jpg
/content/drive/MyDrive/494_Project_test_3/COMI/dataset/BPAEC/nucleus/Z010/Z10_86.jpg,nucleus,2,Z010,test,Z10_86.jpg
/content/drive/MyDrive/494_Project_test_3/COMI/dataset/BPAEC/nucleus/Z010/Z10_87.jpg,nucleus,2,Z010,test,Z10_87.jpg
/content/drive/MyDrive/494_Project_test_3/COMI/dataset/BPAEC/nucleus/Z010/Z10_88.jpg,nucleus,2,Z010,test,Z10_88.jpg
/content/drive/MyDrive/494_Project_test_3/COMI/dataset/BPAEC/nucleus/Z010/Z10_89.jpg,nucleus,2,Z010,test,Z10_89.jpg
/content/drive/MyDrive/494_Project_test_3/COMI/dataset/BPAEC/nucleus/Z010/Z10_9.jpg,nucleus,2,Z010,test,Z10_9.jpg
/content/drive/MyDrive/494_Project_test_3/COMI/dataset/BPAEC/nucleus/Z010/Z10_90.jpg,nucleus,2,Z010,test,Z10_90.jpg
/content/drive/MyDrive/494_Project_test_3/COMI/dataset/BPAEC/nucleus/Z010/Z10_91.jpg,nucleus,2,Z010,test,Z10_91.jpg
/content/drive/MyDrive/494_Project_test_3/COMI/dataset/BPAEC/nucleus/Z010/Z10_92.jpg,nucleus,2,Z010,test,Z10_92.jpg
/content/drive/MyDrive/494_Project_test_3/COMI/dataset/BPAEC/nucleus/Z010/Z10_93.jpg,nucleus,2,Z010,test,Z10_93.jpg
/content/drive/MyDrive/494_Project_test_3/COMI/dataset/BPAEC/nucleus/Z010/Z10_94.jpg,nucleus,2,Z010,test,Z10_94.jpg
/content/drive/MyDrive/494_Project_test_3/COMI/dataset/BPAEC/nucleus/Z010/Z10_95.jpg,nucleus,2,Z010,test,Z10_95.jpg
/content/drive/MyDrive/494_Project_test_3/COMI/dataset/BPAEC/nucleus/Z010/Z10_96.jpg,nucleus,2,Z010,test,Z10_96.jpg
/content/drive/MyDrive/494_Project_test_3/COMI/dataset/BPAEC/nucleus/Z010/Z10_97.jpg,nucleus,2,Z010,test,Z10_97.jpg
/content/drive/MyDrive/494_Project_test_3/COMI/dataset/BPAEC/nucleus/Z010/Z10_98.jpg,nucleus,2,Z010,test,Z10_98.jpg
/content/drive/MyDrive/494_Project_test_3/COMI/dataset/BPAEC/nucleus/Z010/Z10_99.jpg,nucleus,2,Z010,test,Z10_99.jpg
/content/drive/MyDrive/494_Project_test_3/COMI/dataset/BPAEC/actin/Z004/Z4_0.jpg,actin,0,Z004,train,Z4_0.jpg
/content/drive/MyDrive/494_Project_test_3/COMI/dataset/BPAEC/actin/Z004/Z4_1.jpg,actin,0,Z004,train,Z4_1.jpg
/content/drive/MyDrive/494_Project_test_3/COMI/dataset/BPAEC/actin/Z004/Z4_10.jpg,actin,0,Z004,train,Z4_10.jpg
/content/drive/MyDrive/494_Project_test_3/COMI/dataset/BPAEC/actin/Z004/Z4_11.jpg,actin,0,Z004,train,Z4_11.jpg
/content/drive/MyDrive/494_Project_test_3/COMI/dataset/BPAEC/actin/Z004/Z4_12.jpg,actin,0,Z004,train,Z4_12.jpg
/content/drive/MyDrive/494_Project_test_3/COMI/dataset/BPAEC/actin/Z004/Z4_13.jpg,actin,0,Z004,train,Z4_13.jpg
/content/drive/MyDrive/494_Project_test_3/COMI/dataset/BPAEC/actin/Z004/Z4_14.jpg,actin,0,Z004,train,Z4_14.jpg
/content/drive/MyDrive/494_Project_test_3/COMI/dataset/BPAEC/actin/Z004/Z4_15.jpg,actin,0,Z004,train,Z4_15.jpg
/content/drive/MyDrive/494_Project_test_3/COMI/dataset/BPAEC/actin/Z004/Z4_16.jpg,actin,0,Z004,train,Z4_16.jpg
/content/drive/MyDrive/494_Project_test_3/COMI/dataset/BPAEC/actin/Z004/Z4_17.jpg,actin,0,Z004,train,Z4_17.jpg
/content/drive/MyDrive/494_Project_test_3/COMI/dataset/BPAEC/actin/Z004/Z4_18.jpg,actin,0,Z004,train,Z4_18.jpg
/content/drive/MyDrive/494_Project_test_3/COMI/dataset/BPAEC/actin/Z004/Z4_19.jpg,actin,0,Z004,train,Z4_19.jpg
/content/drive/MyDrive/494_Project_test_3/COMI/dataset/BPAEC/actin/Z004/Z4_2.jpg,actin,0,Z004,train,Z4_2.jpg
/content/drive/MyDrive/494_Project_test_3/COMI/dataset/BPAEC/actin/Z004/Z4_20.jpg,actin,0,Z004,train,Z4_20.jpg
/content/drive/MyDrive/494_Project_test_3/COMI/dataset/BPAEC/actin/Z004/Z4_21.jpg,actin,0,Z004,train,Z4_21.jpg
/content/drive/MyDrive/494_Project_test_3/COMI/dataset/BPAEC/actin/Z004/Z4_22.jpg,actin,0,Z004,train,Z4_22.jpg
/content/drive/MyDrive/494_Project_test_3/COMI/dataset/BPAEC/actin/Z004/Z4_23.jpg,actin,0,Z004,train,Z4_23.jpg
/content/drive/MyDrive/494_Project_test_3/COMI/dataset/BPAEC/actin/Z004/Z4_24.jpg,actin,0,Z004,train,Z4_24.jpg
/content/drive/MyDrive/494_Project_test_3/COMI/dataset/BPAEC/actin/Z004/Z4_25.jpg,actin,0,Z004,train,Z4_25.jpg
/content/drive/MyDrive/494_Project_test_3/COMI/dataset/BPAEC/actin/Z004/Z4_26.jpg,actin,0,Z004,train,Z4_26.jpg
/content/drive/MyDrive/494_Project_test_3/COMI/dataset/BPAEC/actin/Z004/Z4_27.jpg,actin,0,Z004,train,Z4_27.jpg
/content/drive/MyDrive/494_Project_test_3/COMI/dataset/BPAEC/actin/Z004/Z4_28.jpg,actin,0,Z004,train,Z4_28.jpg
/content/drive/MyDrive/494_Project_test_3/COMI/dataset/BPAEC/actin/Z004/Z4_29.jpg,actin,0,Z004,train,Z4_29.jpg
/content/drive/MyDrive/494_Project_test_3/COMI/dataset/BPAEC/actin/Z004/Z4_3.jpg,actin,0,Z004,train,Z4_3.jpg
/content/drive/MyDrive/494_Project_test_3/COMI/dataset/BPAEC/actin/Z004/Z4_30.jpg,actin,0,Z004,train,Z4_30.jpg
/content/drive/MyDrive/494_Project_test_3/COMI/dataset/BPAEC/actin/Z004/Z4_31.jpg,actin,0,Z004,train,Z4_31.jpg
/content/drive/MyDrive/494_Project_test_3/COMI/dataset/BPAEC/actin/Z004/Z4_32.jpg,actin,0,Z004,train,Z4_32.jpg
/content/drive/MyDrive/494_Project_test_3/COMI/dataset/BPAEC/actin/Z004/Z4_33.jpg,actin,0,Z004,train,Z4_33.jpg
/content/drive/MyDrive/494_Project_test_3/COMI/dataset/BPAEC/actin/Z004/Z4_34.jpg,actin,0,Z004,train,Z4_34.jpg
/content/drive/MyDrive/494_Project_test_3/COMI/dataset/BPAEC/actin/Z004/Z4_35.jpg,actin,0,Z004,train,Z4_35.jpg
/content/drive/MyDrive/494_Project_test_3/COMI/dataset/BPAEC/actin/Z004/Z4_36.jpg,actin,0,Z004,train,Z4_36.jpg
/content/drive/MyDrive/494_Project_test_3/COMI/dataset/BPAEC/actin/Z004/Z4_37.jpg,actin,0,Z004,train,Z4_37.jpg
/content/drive/MyDrive/494_Project_test_3/COMI/dataset/BPAEC/actin/Z004/Z4_38.jpg,actin,0,Z004,train,Z4_38.jpg
/content/drive/MyDrive/494_Project_test_3/COMI/dataset/BPAEC/actin/Z004/Z4_39.jpg,actin,0,Z004,train,Z4_39.jpg
/content/drive/MyDrive/494_Project_test_3/COMI/dataset/BPAEC/actin/Z004/Z4_4.jpg,actin,0,Z004,train,Z4_4.jpg
/content/drive/MyDrive/494_Project_test_3/COMI/dataset/BPAEC/actin/Z004/Z4_40.jpg,actin,0,Z004,train,Z4_40.jpg
/content/drive/MyDrive/494_Project_test_3/COMI/dataset/BPAEC/actin/Z004/Z4_41.jpg,actin,0,Z004,train,Z4_41.jpg
/content/drive/MyDrive/494_Project_test_3/COMI/dataset/BPAEC/actin/Z004/Z4_42.jpg,actin,0,Z004,train,Z4_42.jpg
/content/drive/MyDrive/494_Project_test_3/COMI/dataset/BPAEC/actin/Z004/Z4_43.jpg,actin,0,Z004,train,Z4_43.jpg
/content/drive/MyDrive/494_Project_test_3/COMI/dataset/BPAEC/actin/Z004/Z4_44.jpg,actin,0,Z004,train,Z4_44.jpg
/content/drive/MyDrive/494_Project_test_3/COMI/dataset/BPAEC/actin/Z004/Z4_45.jpg,actin,0,Z004,train,Z4_45.jpg
/content/drive/MyDrive/494_Project_test_3/COMI/dataset/BPAEC/actin/Z004/Z4_46.jpg,actin,0,Z004,train,Z4_46.jpg
/content/drive/MyDrive/494_Project_test_3/COMI/dataset/BPAEC/actin/Z004/Z4_47.jpg,actin,0,Z004,train,Z4_47.jpg
/content/drive/MyDrive/494_Project_test_3/COMI/dataset/BPAEC/actin/Z004/Z4_48.jpg,actin,0,Z004,train,Z4_48.jpg
/content/drive/MyDrive/494_Project_test_3/COMI/dataset/BPAEC/actin/Z004/Z4_49.jpg,actin,0,Z004,train,Z4_49.jpg
/content/drive/MyDrive/494_Project_test_3/COMI/dataset/BPAEC/actin/Z004/Z4_5.jpg,actin,0,Z004,train,Z4_5.jpg
/content/drive/MyDrive/494_Project_test_3/COMI/dataset/BPAEC/actin/Z004/Z4_50.jpg,actin,0,Z004,train,Z4_50.jpg
/content/drive/MyDrive/494_Project_test_3/COMI/dataset/BPAEC/actin/Z004/Z4_51.jpg,actin,0,Z004,train,Z4_51.jpg
/content/drive/MyDrive/494_Project_test_3/COMI/dataset/BPAEC/actin/Z004/Z4_52.jpg,actin,0,Z004,train,Z4_52.jpg
/content/drive/MyDrive/494_Project_test_3/COMI/dataset/BPAEC/actin/Z004/Z4_53.jpg,actin,0,Z004,train,Z4_53.jpg
/content/drive/MyDrive/494_Project_test_3/COMI/dataset/BPAEC/actin/Z004/Z4_54.jpg,actin,0,Z004,train,Z4_54.jpg
/content/drive/MyDrive/494_Project_test_3/COMI/dataset/BPAEC/actin/Z004/Z4_55.jpg,actin,0,Z004,train,Z4_55.jpg
/content/drive/MyDrive/494_Project_test_3/COMI/dataset/BPAEC/actin/Z004/Z4_56.jpg,actin,0,Z004,train,Z4_56.jpg
/content/drive/MyDrive/494_Project_test_3/COMI/dataset/BPAEC/actin/Z004/Z4_57.jpg,actin,0,Z004,train,Z4_57.jpg
/content/drive/MyDrive/494_Project_test_3/COMI/dataset/BPAEC/actin/Z004/Z4_58.jpg,actin,0,Z004,train,Z4_58.jpg
/content/drive/MyDrive/494_Project_test_3/COMI/dataset/BPAEC/actin/Z004/Z4_59.jpg,actin,0,Z004,train,Z4_59.jpg
/content/drive/MyDrive/494_Project_test_3/COMI/dataset/BPAEC/actin/Z004/Z4_6.jpg,actin,0,Z004,train,Z4_6.jpg
/content/drive/MyDrive/494_Project_test_3/COMI/dataset/BPAEC/actin/Z004/Z4_60.jpg,actin,0,Z004,train,Z4_60.jpg
/content/drive/MyDrive/494_Project_test_3/COMI/dataset/BPAEC/actin/Z004/Z4_61.jpg,actin,0,Z004,train,Z4_61.jpg
/content/drive/MyDrive/494_Project_test_3/COMI/dataset/BPAEC/actin/Z004/Z4_62.jpg,actin,0,Z004,train,Z4_62.jpg
/content/drive/MyDrive/494_Project_test_3/COMI/dataset/BPAEC/actin/Z004/Z4_63.jpg,actin,0,Z004,train,Z4_63.jpg
/content/drive/MyDrive/494_Project_test_3/COMI/dataset/BPAEC/actin/Z004/Z4_64.jpg,actin,0,Z004,train,Z4_64.jpg
/content/drive/MyDrive/494_Project_test_3/COMI/dataset/BPAEC/actin/Z004/Z4_65.jpg,actin,0,Z004,train,Z4_65.jpg
/content/drive/MyDrive/494_Project_test_3/COMI/dataset/BPAEC/actin/Z004/Z4_66.jpg,actin,0,Z004,train,Z4_66.jpg
/content/drive/MyDrive/494_Project_test_3/COMI/dataset/BPAEC/actin/Z004/Z4_67.jpg,actin,0,Z004,train,Z4_67.jpg
/content/drive/MyDrive/494_Project_test_3/COMI/dataset/BPAEC/actin/Z004/Z4_68.jpg,actin,0,Z004,train,Z4_68.jpg
/content/drive/MyDrive/494_Project_test_3/COMI/dataset/BPAEC/actin/Z004/Z4_69.jpg,actin,0,Z004,train,Z4_69.jpg
/content/drive/MyDrive/494_Project_test_3/COMI/dataset/BPAEC/actin/Z004/Z4_7.jpg,actin,0,Z004,train,Z4_7.jpg
/content/drive/MyDrive/494_Project_test_3/COMI/dataset/BPAEC/actin/Z004/Z4_70.jpg,actin,0,Z004,train,Z4_70.jpg
/content/drive/MyDrive/494_Project_test_3/COMI/dataset/BPAEC/actin/Z004/Z4_71.jpg,actin,0,Z004,train,Z4_71.jpg
/content/drive/MyDrive/494_Project_test_3/COMI/dataset/BPAEC/actin/Z004/Z4_72.jpg,actin,0,Z004,train,Z4_72.jpg
/content/drive/MyDrive/494_Project_test_3/COMI/dataset/BPAEC/actin/Z004/Z4_73.jpg,actin,0,Z004,train,Z4_73.jpg
/content/drive/MyDrive/494_Project_test_3/COMI/dataset/BPAEC/actin/Z004/Z4_74.jpg,actin,0,Z004,train,Z4_74.jpg
/content/drive/MyDrive/494_Project_test_3/COMI/dataset/BPAEC/actin/Z004/Z4_75.jpg,actin,0,Z004,train,Z4_75.jpg
/content/drive/MyDrive/494_Project_test_3/COMI/dataset/BPAEC/actin/Z004/Z4_76.jpg,actin,0,Z004,train,Z4_76.jpg
/content/drive/MyDrive/494_Project_test_3/COMI/dataset/BPAEC/actin/Z004/Z4_77.jpg,actin,0,Z004,train,Z4_77.jpg
/content/drive/MyDrive/494_Project_test_3/COMI/dataset/BPAEC/actin/Z004/Z4_78.jpg,actin,0,Z004,train,Z4_78.jpg
/content/drive/MyDrive/494_Project_test_3/COMI/dataset/BPAEC/actin/Z004/Z4_79.jpg,actin,0,Z004,train,Z4_79.jpg
/content/drive/MyDrive/494_Project_test_3/COMI/dataset/BPAEC/actin/Z004/Z4_8.jpg,actin,0,Z004,train,Z4_8.jpg
/content/drive/MyDrive/494_Project_test_3/COMI/dataset/BPAEC/actin/Z004/Z4_80.jpg,actin,0,Z004,train,Z4_80.jpg
/content/drive/MyDrive/494_Project_test_3/COMI/dataset/BPAEC/actin/Z004/Z4_81.jpg,actin,0,Z004,train,Z4_81.jpg
/content/drive/MyDrive/494_Project_test_3/COMI/dataset/BPAEC/actin/Z004/Z4_82.jpg,actin,0,Z004,train,Z4_82.jpg
/content/drive/MyDrive/494_Project_test_3/COMI/dataset/BPAEC/actin/Z004/Z4_83.jpg,actin,0,Z004,train,Z4_83.jpg
/content/drive/MyDrive/494_Project_test_3/COMI/dataset/BPAEC/actin/Z004/Z4_84.jpg,actin,0,Z004,train,Z4_84.jpg
/content/drive/MyDrive/494_Project_test_3/COMI/dataset/BPAEC/actin/Z004/Z4_85.jpg,actin,0,Z004,train,Z4_85.jpg
/content/drive/MyDrive/494_Project_test_3/COMI/dataset/BPAEC/actin/Z004/Z4_86.jpg,actin,0,Z004,train,Z4_86.jpg
/content/drive/MyDrive/494_Project_test_3/COMI/dataset/BPAEC/actin/Z004/Z4_87.jpg,actin,0,Z004,train,Z4_87.jpg
/content/drive/MyDrive/494_Project_test_3/COMI/dataset/BPAEC/actin/Z004/Z4_88.jpg,actin,0,Z004,train,Z4_88.jpg
/content/drive/MyDrive/494_Project_test_3/COMI/dataset/BPAEC/actin/Z004/Z4_89.jpg,actin,0,Z004,train,Z4_89.jpg
/content/drive/MyDrive/494_Project_test_3/COMI/dataset/BPAEC/actin/Z004/Z4_9.jpg,actin,0,Z004,train,Z4_9.jpg
/content/drive/MyDrive/494_Project_test_3/COMI/dataset/BPAEC/actin/Z004/Z4_90.jpg,actin,0,Z004,train,Z4_90.jpg
/content/drive/MyDrive/494_Project_test_3/COMI/dataset/BPAEC/actin/Z004/Z4_91.jpg,actin,0,Z004,train,Z4_91.jpg
/content/drive/MyDrive/494_Project_test_3/COMI/dataset/BPAEC/actin/Z004/Z4_92.jpg,actin,0,Z004,train,Z4_92.jpg
/content/drive/MyDrive/494_Project_test_3/COMI/dataset/BPAEC/actin/Z004/Z4_93.jpg,actin,0,Z004,train,Z4_93.jpg
/content/drive/MyDrive/494_Project_test_3/COMI/dataset/BPAEC/actin/Z004/Z4_94.jpg,actin,0,Z004,train,Z4_94.jpg
/content/drive/MyDrive/494_Project_test_3/COMI/dataset/BPAEC/actin/Z004/Z4_95.jpg,actin,0,Z004,train,Z4_95.jpg
/content/drive/MyDrive/494_Project_test_3/COMI/dataset/BPAEC/actin/Z004/Z4_96.jpg,actin,0,Z004,train,Z4_96.jpg
/content/drive/MyDrive/494_Project_test_3/COMI/dataset/BPAEC/actin/Z004/Z4_97.jpg,actin,0,Z004,train,Z4_97.jpg
/content/drive/MyDrive/494_Project_test_3/COMI/dataset/BPAEC/actin/Z004/Z4_98.jpg,actin,0,Z004,train,Z4_98.jpg
/content/drive/MyDrive/494_Project_test_3/COMI/dataset/BPAEC/actin/Z004/Z4_99.jpg,actin,0,Z004,train,Z4_99.jpg
/content/drive/MyDrive/494_Project_test_3/COMI/dataset/BPAEC/actin/Z005/Z5_0.jpg,actin,0,Z005,train,Z5_0.jpg
/content/drive/MyDrive/494_Project_test_3/COMI/dataset/BPAEC/actin/Z005/Z5_1.jpg,actin,0,Z005,train,Z5_1.jpg
/content/drive/MyDrive/494_Project_test_3/COMI/dataset/BPAEC/actin/Z005/Z5_10.jpg,actin,0,Z005,train,Z5_10.jpg
/content/drive/MyDrive/494_Project_test_3/COMI/dataset/BPAEC/actin/Z005/Z5_11.jpg,actin,0,Z005,train,Z5_11.jpg
/content/drive/MyDrive/494_Project_test_3/COMI/dataset/BPAEC/actin/Z005/Z5_12.jpg,actin,0,Z005,train,Z5_12.jpg
/content/drive/MyDrive/494_Project_test_3/COMI/dataset/BPAEC/actin/Z005/Z5_13.jpg,actin,0,Z005,train,Z5_13.jpg
/content/drive/MyDrive/494_Project_test_3/COMI/dataset/BPAEC/actin/Z005/Z5_14.jpg,actin,0,Z005,train,Z5_14.jpg
/content/drive/MyDrive/494_Project_test_3/COMI/dataset/BPAEC/actin/Z005/Z5_15.jpg,actin,0,Z005,train,Z5_15.jpg
/content/drive/MyDrive/494_Project_test_3/COMI/dataset/BPAEC/actin/Z005/Z5_16.jpg,actin,0,Z005,train,Z5_16.jpg
/content/drive/MyDrive/494_Project_test_3/COMI/dataset/BPAEC/actin/Z005/Z5_17.jpg,actin,0,Z005,train,Z5_17.jpg
/content/drive/MyDrive/494_Project_test_3/COMI/dataset/BPAEC/actin/Z005/Z5_18.jpg,actin,0,Z005,train,Z5_18.jpg
/content/drive/MyDrive/494_Project_test_3/COMI/dataset/BPAEC/actin/Z005/Z5_19.jpg,actin,0,Z005,train,Z5_19.jpg
/content/drive/MyDrive/494_Project_test_3/COMI/dataset/BPAEC/actin/Z005/Z5_2.jpg,actin,0,Z005,train,Z5_2.jpg
/content/drive/MyDrive/494_Project_test_3/COMI/dataset/BPAEC/actin/Z005/Z5_20.jpg,actin,0,Z005,train,Z5_20.jpg
/content/drive/MyDrive/494_Project_test_3/COMI/dataset/BPAEC/actin/Z005/Z5_21.jpg,actin,0,Z005,train,Z5_21.jpg
/content/drive/MyDrive/494_Project_test_3/COMI/dataset/BPAEC/actin/Z005/Z5_22.jpg,actin,0,Z005,train,Z5_22.jpg
/content/drive/MyDrive/494_Project_test_3/COMI/dataset/BPAEC/actin/Z005/Z5_23.jpg,actin,0,Z005,train,Z5_23.jpg
/content/drive/MyDrive/494_Project_test_3/COMI/dataset/BPAEC/actin/Z005/Z5_24.jpg,actin,0,Z005,train,Z5_24.jpg
/content/drive/MyDrive/494_Project_test_3/COMI/dataset/BPAEC/actin/Z005/Z5_25.jpg,actin,0,Z005,train,Z5_25.jpg
/content/drive/MyDrive/494_Project_test_3/COMI/dataset/BPAEC/actin/Z005/Z5_26.jpg,actin,0,Z005,train,Z5_26.jpg
/content/drive/MyDrive/494_Project_test_3/COMI/dataset/BPAEC/actin/Z005/Z5_27.jpg,actin,0,Z005,train,Z5_27.jpg
/content/drive/MyDrive/494_Project_test_3/COMI/dataset/BPAEC/actin/Z005/Z5_28.jpg,actin,0,Z005,train,Z5_28.jpg
/content/drive/MyDrive/494_Project_test_3/COMI/dataset/BPAEC/actin/Z005/Z5_29.jpg,actin,0,Z005,train,Z5_29.jpg
/content/drive/MyDrive/494_Project_test_3/COMI/dataset/BPAEC/actin/Z005/Z5_3.jpg,actin,0,Z005,train,Z5_3.jpg
/content/drive/MyDrive/494_Project_test_3/COMI/dataset/BPAEC/actin/Z005/Z5_30.jpg,actin,0,Z005,train,Z5_30.jpg
/content/drive/MyDrive/494_Project_test_3/COMI/dataset/BPAEC/actin/Z005/Z5_31.jpg,actin,0,Z005,train,Z5_31.jpg
/content/drive/MyDrive/494_Project_test_3/COMI/dataset/BPAEC/actin/Z005/Z5_32.jpg,actin,0,Z005,train,Z5_32.jpg
/content/drive/MyDrive/494_Project_test_3/COMI/dataset/BPAEC/actin/Z005/Z5_33.jpg,actin,0,Z005,train,Z5_33.jpg
/content/drive/MyDrive/494_Project_test_3/COMI/dataset/BPAEC/actin/Z005/Z5_34.jpg,actin,0,Z005,train,Z5_34.jpg
/content/drive/MyDrive/494_Project_test_3/COMI/dataset/BPAEC/actin/Z005/Z5_35.jpg,actin,0,Z005,train,Z5_35.jpg
/content/drive/MyDrive/494_Project_test_3/COMI/dataset/BPAEC/actin/Z005/Z5_36.jpg,actin,0,Z005,train,Z5_36.jpg
/content/drive/MyDrive/494_Project_test_3/COMI/dataset/BPAEC/actin/Z005/Z5_37.jpg,actin,0,Z005,train,Z5_37.jpg
/content/drive/MyDrive/494_Project_test_3/COMI/dataset/BPAEC/actin/Z005/Z5_38.jpg,actin,0,Z005,train,Z5_38.jpg
/content/drive/MyDrive/494_Project_test_3/COMI/dataset/BPAEC/actin/Z005/Z5_39.jpg,actin,0,Z005,train,Z5_39.jpg
/content/drive/MyDrive/494_Project_test_3/COMI/dataset/BPAEC/actin/Z005/Z5_4.jpg,actin,0,Z005,train,Z5_4.jpg
/content/drive/MyDrive/494_Project_test_3/COMI/dataset/BPAEC/actin/Z005/Z5_40.jpg,actin,0,Z005,train,Z5_40.jpg
/content/drive/MyDrive/494_Project_test_3/COMI/dataset/BPAEC/actin/Z005/Z5_41.jpg,actin,0,Z005,train,Z5_41.jpg
/content/drive/MyDrive/494_Project_test_3/COMI/dataset/BPAEC/actin/Z005/Z5_42.jpg,actin,0,Z005,train,Z5_42.jpg
/content/drive/MyDrive/494_Project_test_3/COMI/dataset/BPAEC/actin/Z005/Z5_43.jpg,actin,0,Z005,train,Z5_43.jpg
/content/drive/MyDrive/494_Project_test_3/COMI/dataset/BPAEC/actin/Z005/Z5_44.jpg,actin,0,Z005,train,Z5_44.jpg
/content/drive/MyDrive/494_Project_test_3/COMI/dataset/BPAEC/actin/Z005/Z5_45.jpg,actin,0,Z005,train,Z5_45.jpg
/content/drive/MyDrive/494_Project_test_3/COMI/dataset/BPAEC/actin/Z005/Z5_46.jpg,actin,0,Z005,train,Z5_46.jpg
/content/drive/MyDrive/494_Project_test_3/COMI/dataset/BPAEC/actin/Z005/Z5_47.jpg,actin,0,Z005,train,Z5_47.jpg
/content/drive/MyDrive/494_Project_test_3/COMI/dataset/BPAEC/actin/Z005/Z5_48.jpg,actin,0,Z005,train,Z5_48.jpg
/content/drive/MyDrive/494_Project_test_3/COMI/dataset/BPAEC/actin/Z005/Z5_49.jpg,actin,0,Z005,train,Z5_49.jpg
/content/drive/MyDrive/494_Project_test_3/COMI/dataset/BPAEC/actin/Z005/Z5_5.jpg,actin,0,Z005,train,Z5_5.jpg
/content/drive/MyDrive/494_Project_test_3/COMI/dataset/BPAEC/actin/Z005/Z5_50.jpg,actin,0,Z005,train,Z5_50.jpg
/content/drive/MyDrive/494_Project_test_3/COMI/dataset/BPAEC/actin/Z005/Z5_51.jpg,actin,0,Z005,train,Z5_51.jpg
/content/drive/MyDrive/494_Project_test_3/COMI/dataset/BPAEC/actin/Z005/Z5_52.jpg,actin,0,Z005,train,Z5_52.jpg
/content/drive/MyDrive/494_Project_test_3/COMI/dataset/BPAEC/actin/Z005/Z5_53.jpg,actin,0,Z005,train,Z5_53.jpg
/content/drive/MyDrive/494_Project_test_3/COMI/dataset/BPAEC/actin/Z005/Z5_54.jpg,actin,0,Z005,train,Z5_54.jpg
/content/drive/MyDrive/494_Project_test_3/COMI/dataset/BPAEC/actin/Z005/Z5_55.jpg,actin,0,Z005,train,Z5_55.jpg
/content/drive/MyDrive/494_Project_test_3/COMI/dataset/BPAEC/actin/Z005/Z5_56.jpg,actin,0,Z005,train,Z5_56.jpg
/content/drive/MyDrive/494_Project_test_3/COMI/dataset/BPAEC/actin/Z005/Z5_57.jpg,actin,0,Z005,train,Z5_57.jpg
/content/drive/MyDrive/494_Project_test_3/COMI/dataset/BPAEC/actin/Z005/Z5_58.jpg,actin,0,Z005,train,Z5_58.jpg
/content/drive/MyDrive/494_Project_test_3/COMI/dataset/BPAEC/actin/Z005/Z5_59.jpg,actin,0,Z005,train,Z5_59.jpg
/content/drive/MyDrive/494_Project_test_3/COMI/dataset/BPAEC/actin/Z005/Z5_6.jpg,actin,0,Z005,train,Z5_6.jpg
/content/drive/MyDrive/494_Project_test_3/COMI/dataset/BPAEC/actin/Z005/Z5_60.jpg,actin,0,Z005,train,Z5_60.jpg
/content/drive/MyDrive/494_Project_test_3/COMI/dataset/BPAEC/actin/Z005/Z5_61.jpg,actin,0,Z005,train,Z5_61.jpg
/content/drive/MyDrive/494_Project_test_3/COMI/dataset/BPAEC/actin/Z005/Z5_62.jpg,actin,0,Z005,train,Z5_62.jpg
/content/drive/MyDrive/494_Project_test_3/COMI/dataset/BPAEC/actin/Z005/Z5_63.jpg,actin,0,Z005,train,Z5_63.jpg
/content/drive/MyDrive/494_Project_test_3/COMI/dataset/BPAEC/actin/Z005/Z5_64.jpg,actin,0,Z005,train,Z5_64.jpg
/content/drive/MyDrive/494_Project_test_3/COMI/dataset/BPAEC/actin/Z005/Z5_65.jpg,actin,0,Z005,train,Z5_65.jpg
/content/drive/MyDrive/494_Project_test_3/COMI/dataset/BPAEC/actin/Z005/Z5_66.jpg,actin,0,Z005,train,Z5_66.jpg
/content/drive/MyDrive/494_Project_test_3/COMI/dataset/BPAEC/actin/Z005/Z5_67.jpg,actin,0,Z005,train,Z5_67.jpg
/content/drive/MyDrive/494_Project_test_3/COMI/dataset/BPAEC/actin/Z005/Z5_68.jpg,actin,0,Z005,train,Z5_68.jpg
/content/drive/MyDrive/494_Project_test_3/COMI/dataset/BPAEC/actin/Z005/Z5_69.jpg,actin,0,Z005,train,Z5_69.jpg
/content/drive/MyDrive/494_Project_test_3/COMI/dataset/BPAEC/actin/Z005/Z5_7.jpg,actin,0,Z005,train,Z5_7.jpg
/content/drive/MyDrive/494_Project_test_3/COMI/dataset/BPAEC/actin/Z005/Z5_70.jpg,actin,0,Z005,train,Z5_70.jpg
/content/drive/MyDrive/494_Project_test_3/COMI/dataset/BPAEC/actin/Z005/Z5_71.jpg,actin,0,Z005,train,Z5_71.jpg
/content/drive/MyDrive/494_Project_test_3/COMI/dataset/BPAEC/actin/Z005/Z5_72.jpg,actin,0,Z005,train,Z5_72.jpg
/content/drive/MyDrive/494_Project_test_3/COMI/dataset/BPAEC/actin/Z005/Z5_73.jpg,actin,0,Z005,train,Z5_73.jpg
/content/drive/MyDrive/494_Project_test_3/COMI/dataset/BPAEC/actin/Z005/Z5_74.jpg,actin,0,Z005,train,Z5_74.jpg
/content/drive/MyDrive/494_Project_test_3/COMI/dataset/BPAEC/actin/Z005/Z5_75.jpg,actin,0,Z005,train,Z5_75.jpg
/content/drive/MyDrive/494_Project_test_3/COMI/dataset/BPAEC/actin/Z005/Z5_76.jpg,actin,0,Z005,train,Z5_76.jpg
/content/drive/MyDrive/494_Project_test_3/COMI/dataset/BPAEC/actin/Z005/Z5_77.jpg,actin,0,Z005,train,Z5_77.jpg
/content/drive/MyDrive/494_Project_test_3/COMI/dataset/BPAEC/actin/Z005/Z5_78.jpg,actin,0,Z005,train,Z5_78.jpg
/content/drive/MyDrive/494_Project_test_3/COMI/dataset/BPAEC/actin/Z005/Z5_79.jpg,actin,0,Z005,train,Z5_79.jpg
/content/drive/MyDrive/494_Project_test_3/COMI/dataset/BPAEC/actin/Z005/Z5_8.jpg,actin,0,Z005,train,Z5_8.jpg
/content/drive/MyDrive/494_Project_test_3/COMI/dataset/BPAEC/actin/Z005/Z5_80.jpg,actin,0,Z005,train,Z5_80.jpg
/content/drive/MyDrive/494_Project_test_3/COMI/dataset/BPAEC/actin/Z005/Z5_81.jpg,actin,0,Z005,train,Z5_81.jpg
/content/drive/MyDrive/494_Project_test_3/COMI/dataset/BPAEC/actin/Z005/Z5_82.jpg,actin,0,Z005,train,Z5_82.jpg
/content/drive/MyDrive/494_Project_test_3/COMI/dataset/BPAEC/actin/Z005/Z5_83.jpg,actin,0,Z005,train,Z5_83.jpg
/content/drive/MyDrive/494_Project_test_3/COMI/dataset/BPAEC/actin/Z005/Z5_84.jpg,actin,0,Z005,train,Z5_84.jpg
/content/drive/MyDrive/494_Project_test_3/COMI/dataset/BPAEC/actin/Z005/Z5_85.jpg,actin,0,Z005,train,Z5_85.jpg
/content/drive/MyDrive/494_Project_test_3/COMI/dataset/BPAEC/actin/Z005/Z5_86.jpg,actin,0,Z005,train,Z5_86.jpg
/content/drive/MyDrive/494_Project_test_3/COMI/dataset/BPAEC/actin/Z005/Z5_87.jpg,actin,0,Z005,train,Z5_87.jpg
/content/drive/MyDrive/494_Project_test_3/COMI/dataset/BPAEC/actin/Z005/Z5_88.jpg,actin,0,Z005,train,Z5_88.jpg
/content/drive/MyDrive/494_Project_test_3/COMI/dataset/BPAEC/actin/Z005/Z5_89.jpg,actin,0,Z005,train,Z5_89.jpg
/content/drive/MyDrive/494_Project_test_3/COMI/dataset/BPAEC/actin/Z005/Z5_9.jpg,actin,0,Z005,train,Z5_9.jpg
/content/drive/MyDrive/494_Project_test_3/COMI/dataset/BPAEC/actin/Z005/Z5_90.jpg,actin,0,Z005,train,Z5_90.jpg
/content/drive/MyDrive/494_Project_test_3/COMI/dataset/BPAEC/actin/Z005/Z5_91.jpg,actin,0,Z005,train,Z5_91.jpg
/content/drive/MyDrive/494_Project_test_3/COMI/dataset/BPAEC/actin/Z005/Z5_92.jpg,actin,0,Z005,train,Z5_92.jpg
/content/drive/MyDrive/494_Project_test_3/COMI/dataset/BPAEC/actin/Z005/Z5_93.jpg,actin,0,Z005,train,Z5_93.jpg
/content/drive/MyDrive/494_Project_test_3/COMI/dataset/BPAEC/actin/Z005/Z5_94.jpg,actin,0,Z005,train,Z5_94.jpg
/content/drive/MyDrive/494_Project_test_3/COMI/dataset/BPAEC/actin/Z005/Z5_95.jpg,actin,0,Z005,train,Z5_95.jpg
/content/drive/MyDrive/494_Project_test_3/COMI/dataset/BPAEC/actin/Z005/Z5_96.jpg,actin,0,Z005,train,Z5_96.jpg
/content/drive/MyDrive/494_Project_test_3/COMI/dataset/BPAEC/actin/Z005/Z5_97.jpg,actin,0,Z005,train,Z5_97.jpg
/content/drive/MyDrive/494_Project_test_3/COMI/dataset/BPAEC/actin/Z005/Z5_98.jpg,actin,0,Z005,train,Z5_98.jpg
/content/drive/MyDrive/494_Project_test_3/COMI/dataset/BPAEC/actin/Z005/Z5_99.jpg,actin,0,Z005,train,Z5_99.jpg
/content/drive/MyDrive/494_Project_test_3/COMI/dataset/BPAEC/actin/Z006/Z6_0.jpg,actin,0,Z006,train,Z6_0.jpg
/content/drive/MyDrive/494_Project_test_3/COMI/dataset/BPAEC/actin/Z006/Z6_1.jpg,actin,0,Z006,train,Z6_1.jpg
/content/drive/MyDrive/494_Project_test_3/COMI/dataset/BPAEC/actin/Z006/Z6_10.jpg,actin,0,Z006,train,Z6_10.jpg
/content/drive/MyDrive/494_Project_test_3/COMI/dataset/BPAEC/actin/Z006/Z6_11.jpg,actin,0,Z006,train,Z6_11.jpg
/content/drive/MyDrive/494_Project_test_3/COMI/dataset/BPAEC/actin/Z006/Z6_12.jpg,actin,0,Z006,train,Z6_12.jpg
/content/drive/MyDrive/494_Project_test_3/COMI/dataset/BPAEC/actin/Z006/Z6_13.jpg,actin,0,Z006,train,Z6_13.jpg
/content/drive/MyDrive/494_Project_test_3/COMI/dataset/BPAEC/actin/Z006/Z6_14.jpg,actin,0,Z006,train,Z6_14.jpg
/content/drive/MyDrive/494_Project_test_3/COMI/dataset/BPAEC/actin/Z006/Z6_15.jpg,actin,0,Z006,train,Z6_15.jpg
/content/drive/MyDrive/494_Project_test_3/COMI/dataset/BPAEC/actin/Z006/Z6_16.jpg,actin,0,Z006,train,Z6_16.jpg
/content/drive/MyDrive/494_Project_test_3/COMI/dataset/BPAEC/actin/Z006/Z6_17.jpg,actin,0,Z006,train,Z6_17.jpg
/content/drive/MyDrive/494_Project_test_3/COMI/dataset/BPAEC/actin/Z006/Z6_18.jpg,actin,0,Z006,train,Z6_18.jpg
/content/drive/MyDrive/494_Project_test_3/COMI/dataset/BPAEC/actin/Z006/Z6_19.jpg,actin,0,Z006,train,Z6_19.jpg
/content/drive/MyDrive/494_Project_test_3/COMI/dataset/BPAEC/actin/Z006/Z6_2.jpg,actin,0,Z006,train,Z6_2.jpg
/content/drive/MyDrive/494_Project_test_3/COMI/dataset/BPAEC/actin/Z006/Z6_20.jpg,actin,0,Z006,train,Z6_20.jpg
/content/drive/MyDrive/494_Project_test_3/COMI/dataset/BPAEC/actin/Z006/Z6_21.jpg,actin,0,Z006,train,Z6_21.jpg
/content/drive/MyDrive/494_Project_test_3/COMI/dataset/BPAEC/actin/Z006/Z6_22.jpg,actin,0,Z006,train,Z6_22.jpg
/content/drive/MyDrive/494_Project_test_3/COMI/dataset/BPAEC/actin/Z006/Z6_23.jpg,actin,0,Z006,train,Z6_23.jpg
/content/drive/MyDrive/494_Project_test_3/COMI/dataset/BPAEC/actin/Z006/Z6_24.jpg,actin,0,Z006,train,Z6_24.jpg
/content/drive/MyDrive/494_Project_test_3/COMI/dataset/BPAEC/actin/Z006/Z6_25.jpg,actin,0,Z006,train,Z6_25.jpg
/content/drive/MyDrive/494_Project_test_3/COMI/dataset/BPAEC/actin/Z006/Z6_26.jpg,actin,0,Z006,train,Z6_26.jpg
/content/drive/MyDrive/494_Project_test_3/COMI/dataset/BPAEC/actin/Z006/Z6_27.jpg,actin,0,Z006,train,Z6_27.jpg
/content/drive/MyDrive/494_Project_test_3/COMI/dataset/BPAEC/actin/Z006/Z6_28.jpg,actin,0,Z006,train,Z6_28.jpg
/content/drive/MyDrive/494_Project_test_3/COMI/dataset/BPAEC/actin/Z006/Z6_29.jpg,actin,0,Z006,train,Z6_29.jpg
/content/drive/MyDrive/494_Project_test_3/COMI/dataset/BPAEC/actin/Z006/Z6_3.jpg,actin,0,Z006,train,Z6_3.jpg
/content/drive/MyDrive/494_Project_test_3/COMI/dataset/BPAEC/actin/Z006/Z6_30.jpg,actin,0,Z006,train,Z6_30.jpg
/content/drive/MyDrive/494_Project_test_3/COMI/dataset/BPAEC/actin/Z006/Z6_31.jpg,actin,0,Z006,train,Z6_31.jpg
/content/drive/MyDrive/494_Project_test_3/COMI/dataset/BPAEC/actin/Z006/Z6_32.jpg,actin,0,Z006,train,Z6_32.jpg
/content/drive/MyDrive/494_Project_test_3/COMI/dataset/BPAEC/actin/Z006/Z6_33.jpg,actin,0,Z006,train,Z6_33.jpg
/content/drive/MyDrive/494_Project_test_3/COMI/dataset/BPAEC/actin/Z006/Z6_34.jpg,actin,0,Z006,train,Z6_34.jpg
/content/drive/MyDrive/494_Project_test_3/COMI/dataset/BPAEC/actin/Z006/Z6_35.jpg,actin,0,Z006,train,Z6_35.jpg
/content/drive/MyDrive/494_Project_test_3/COMI/dataset/BPAEC/actin/Z006/Z6_36.jpg,actin,0,Z006,train,Z6_36.jpg
/content/drive/MyDrive/494_Project_test_3/COMI/dataset/BPAEC/actin/Z006/Z6_37.jpg,actin,0,Z006,train,Z6_37.jpg
/content/drive/MyDrive/494_Project_test_3/COMI/dataset/BPAEC/actin/Z006/Z6_38.jpg,actin,0,Z006,train,Z6_38.jpg
/content/drive/MyDrive/494_Project_test_3/COMI/dataset/BPAEC/actin/Z006/Z6_39.jpg,actin,0,Z006,train,Z6_39.jpg
/content/drive/MyDrive/494_Project_test_3/COMI/dataset/BPAEC/actin/Z006/Z6_4.jpg,actin,0,Z006,train,Z6_4.jpg
/content/drive/MyDrive/494_Project_test_3/COMI/dataset/BPAEC/actin/Z006/Z6_40.jpg,actin,0,Z006,train,Z6_40.jpg
/content/drive/MyDrive/494_Project_test_3/COMI/dataset/BPAEC/actin/Z006/Z6_41.jpg,actin,0,Z006,train,Z6_41.jpg
/content/drive/MyDrive/494_Project_test_3/COMI/dataset/BPAEC/actin/Z006/Z6_42.jpg,actin,0,Z006,train,Z6_42.jpg
/content/drive/MyDrive/494_Project_test_3/COMI/dataset/BPAEC/actin/Z006/Z6_43.jpg,actin,0,Z006,train,Z6_43.jpg
/content/drive/MyDrive/494_Project_test_3/COMI/dataset/BPAEC/actin/Z006/Z6_44.jpg,actin,0,Z006,train,Z6_44.jpg
/content/drive/MyDrive/494_Project_test_3/COMI/dataset/BPAEC/actin/Z006/Z6_45.jpg,actin,0,Z006,train,Z6_45.jpg
/content/drive/MyDrive/494_Project_test_3/COMI/dataset/BPAEC/actin/Z006/Z6_46.jpg,actin,0,Z006,train,Z6_46.jpg
/content/drive/MyDrive/494_Project_test_3/COMI/dataset/BPAEC/actin/Z006/Z6_47.jpg,actin,0,Z006,train,Z6_47.jpg
/content/drive/MyDrive/494_Project_test_3/COMI/dataset/BPAEC/actin/Z006/Z6_48.jpg,actin,0,Z006,train,Z6_48.jpg
/content/drive/MyDrive/494_Project_test_3/COMI/dataset/BPAEC/actin/Z006/Z6_49.jpg,actin,0,Z006,train,Z6_49.jpg
/content/drive/MyDrive/494_Project_test_3/COMI/dataset/BPAEC/actin/Z006/Z6_5.jpg,actin,0,Z006,train,Z6_5.jpg
/content/drive/MyDrive/494_Project_test_3/COMI/dataset/BPAEC/actin/Z006/Z6_50.jpg,actin,0,Z006,train,Z6_50.jpg
/content/drive/MyDrive/494_Project_test_3/COMI/dataset/BPAEC/actin/Z006/Z6_51.jpg,actin,0,Z006,train,Z6_51.jpg
/content/drive/MyDrive/494_Project_test_3/COMI/dataset/BPAEC/actin/Z006/Z6_52.jpg,actin,0,Z006,train,Z6_52.jpg
/content/drive/MyDrive/494_Project_test_3/COMI/dataset/BPAEC/actin/Z006/Z6_53.jpg,actin,0,Z006,train,Z6_53.jpg
/content/drive/MyDrive/494_Project_test_3/COMI/dataset/BPAEC/actin/Z006/Z6_54.jpg,actin,0,Z006,train,Z6_54.jpg
/content/drive/MyDrive/494_Project_test_3/COMI/dataset/BPAEC/actin/Z006/Z6_55.jpg,actin,0,Z006,train,Z6_55.jpg
/content/drive/MyDrive/494_Project_test_3/COMI/dataset/BPAEC/actin/Z006/Z6_56.jpg,actin,0,Z006,train,Z6_56.jpg
/content/drive/MyDrive/494_Project_test_3/COMI/dataset/BPAEC/actin/Z006/Z6_57.jpg,actin,0,Z006,train,Z6_57.jpg
/content/drive/MyDrive/494_Project_test_3/COMI/dataset/BPAEC/actin/Z006/Z6_58.jpg,actin,0,Z006,train,Z6_58.jpg
/content/drive/MyDrive/494_Project_test_3/COMI/dataset/BPAEC/actin/Z006/Z6_59.jpg,actin,0,Z006,train,Z6_59.jpg
/content/drive/MyDrive/494_Project_test_3/COMI/dataset/BPAEC/actin/Z006/Z6_6.jpg,actin,0,Z006,train,Z6_6.jpg
/content/drive/MyDrive/494_Project_test_3/COMI/dataset/BPAEC/actin/Z006/Z6_60.jpg,actin,0,Z006,train,Z6_60.jpg
/content/drive/MyDrive/494_Project_test_3/COMI/dataset/BPAEC/actin/Z006/Z6_61.jpg,actin,0,Z006,train,Z6_61.jpg
/content/drive/MyDrive/494_Project_test_3/COMI/dataset/BPAEC/actin/Z006/Z6_62.jpg,actin,0,Z006,train,Z6_62.jpg
/content/drive/MyDrive/494_Project_test_3/COMI/dataset/BPAEC/actin/Z006/Z6_63.jpg,actin,0,Z006,train,Z6_63.jpg
/content/drive/MyDrive/494_Project_test_3/COMI/dataset/BPAEC/actin/Z006/Z6_64.jpg,actin,0,Z006,train,Z6_64.jpg
/content/drive/MyDrive/494_Project_test_3/COMI/dataset/BPAEC/actin/Z006/Z6_65.jpg,actin,0,Z006,train,Z6_65.jpg
/content/drive/MyDrive/494_Project_test_3/COMI/dataset/BPAEC/actin/Z006/Z6_66.jpg,actin,0,Z006,train,Z6_66.jpg
/content/drive/MyDrive/494_Project_test_3/COMI/dataset/BPAEC/actin/Z006/Z6_67.jpg,actin,0,Z006,train,Z6_67.jpg
/content/drive/MyDrive/494_Project_test_3/COMI/dataset/BPAEC/actin/Z006/Z6_68.jpg,actin,0,Z006,train,Z6_68.jpg
/content/drive/MyDrive/494_Project_test_3/COMI/dataset/BPAEC/actin/Z006/Z6_69.jpg,actin,0,Z006,train,Z6_69.jpg
/content/drive/MyDrive/494_Project_test_3/COMI/dataset/BPAEC/actin/Z006/Z6_7.jpg,actin,0,Z006,train,Z6_7.jpg
/content/drive/MyDrive/494_Project_test_3/COMI/dataset/BPAEC/actin/Z006/Z6_70.jpg,actin,0,Z006,train,Z6_70.jpg
/content/drive/MyDrive/494_Project_test_3/COMI/dataset/BPAEC/actin/Z006/Z6_71.jpg,actin,0,Z006,train,Z6_71.jpg
/content/drive/MyDrive/494_Project_test_3/COMI/dataset/BPAEC/actin/Z006/Z6_72.jpg,actin,0,Z006,train,Z6_72.jpg
/content/drive/MyDrive/494_Project_test_3/COMI/dataset/BPAEC/actin/Z006/Z6_73.jpg,actin,0,Z006,train,Z6_73.jpg
/content/drive/MyDrive/494_Project_test_3/COMI/dataset/BPAEC/actin/Z006/Z6_74.jpg,actin,0,Z006,train,Z6_74.jpg
/content/drive/MyDrive/494_Project_test_3/COMI/dataset/BPAEC/actin/Z006/Z6_75.jpg,actin,0,Z006,train,Z6_75.jpg
/content/drive/MyDrive/494_Project_test_3/COMI/dataset/BPAEC/actin/Z006/Z6_76.jpg,actin,0,Z006,train,Z6_76.jpg
/content/drive/MyDrive/494_Project_test_3/COMI/dataset/BPAEC/actin/Z006/Z6_77.jpg,actin,0,Z006,train,Z6_77.jpg
/content/drive/MyDrive/494_Project_test_3/COMI/dataset/BPAEC/actin/Z006/Z6_78.jpg,actin,0,Z006,train,Z6_78.jpg
/content/drive/MyDrive/494_Project_test_3/COMI/dataset/BPAEC/actin/Z006/Z6_79.jpg,actin,0,Z006,train,Z6_79.jpg
/content/drive/MyDrive/494_Project_test_3/COMI/dataset/BPAEC/actin/Z006/Z6_8.jpg,actin,0,Z006,train,Z6_8.jpg
/content/drive/MyDrive/494_Project_test_3/COMI/dataset/BPAEC/actin/Z006/Z6_80.jpg,actin,0,Z006,train,Z6_80.jpg
/content/drive/MyDrive/494_Project_test_3/COMI/dataset/BPAEC/actin/Z006/Z6_81.jpg,actin,0,Z006,train,Z6_81.jpg
/content/drive/MyDrive/494_Project_test_3/COMI/dataset/BPAEC/actin/Z006/Z6_82.jpg,actin,0,Z006,train,Z6_82.jpg
/content/drive/MyDrive/494_Project_test_3/COMI/dataset/BPAEC/actin/Z006/Z6_83.jpg,actin,0,Z006,train,Z6_83.jpg
/content/drive/MyDrive/494_Project_test_3/COMI/dataset/BPAEC/actin/Z006/Z6_84.jpg,actin,0,Z006,train,Z6_84.jpg
/content/drive/MyDrive/494_Project_test_3/COMI/dataset/BPAEC/actin/Z006/Z6_85.jpg,actin,0,Z006,train,Z6_85.jpg
/content/drive/MyDrive/494_Project_test_3/COMI/dataset/BPAEC/actin/Z006/Z6_86.jpg,actin,0,Z006,train,Z6_86.jpg
/content/drive/MyDrive/494_Project_test_3/COMI/dataset/BPAEC/actin/Z006/Z6_87.jpg,actin,0,Z006,train,Z6_87.jpg
/content/drive/MyDrive/494_Project_test_3/COMI/dataset/BPAEC/actin/Z006/Z6_88.jpg,actin,0,Z006,train,Z6_88.jpg
/content/drive/MyDrive/494_Project_test_3/COMI/dataset/BPAEC/actin/Z006/Z6_89.jpg,actin,0,Z006,train,Z6_89.jpg
/content/drive/MyDrive/494_Project_test_3/COMI/dataset/BPAEC/actin/Z006/Z6_9.jpg,actin,0,Z006,train,Z6_9.jpg
/content/drive/MyDrive/494_Project_test_3/COMI/dataset/BPAEC/actin/Z006/Z6_90.jpg,actin,0,Z006,train,Z6_90.jpg
/content/drive/MyDrive/494_Project_test_3/COMI/dataset/BPAEC/actin/Z006/Z6_91.jpg,actin,0,Z006,train,Z6_91.jpg
/content/drive/MyDrive/494_Project_test_3/COMI/dataset/BPAEC/actin/Z006/Z6_92.jpg,actin,0,Z006,train,Z6_92.jpg
/content/drive/MyDrive/494_Project_test_3/COMI/dataset/BPAEC/actin/Z006/Z6_93.jpg,actin,0,Z006,train,Z6_93.jpg
/content/drive/MyDrive/494_Project_test_3/COMI/dataset/BPAEC/actin/Z006/Z6_94.jpg,actin,0,Z006,train,Z6_94.jpg
/content/drive/MyDrive/494_Project_test_3/COMI/dataset/BPAEC/actin/Z006/Z6_95.jpg,actin,0,Z006,train,Z6_95.jpg
/content/drive/MyDrive/494_Project_test_3/COMI/dataset/BPAEC/actin/Z006/Z6_96.jpg,actin,0,Z006,train,Z6_96.jpg
/content/drive/MyDrive/494_Project_test_3/COMI/dataset/BPAEC/actin/Z006/Z6_97.jpg,actin,0,Z006,train,Z6_97.jpg
/content/drive/MyDrive/494_Project_test_3/COMI/dataset/BPAEC/actin/Z006/Z6_98.jpg,actin,0,Z006,train,Z6_98.jpg
/content/drive/MyDrive/494_Project_test_3/COMI/dataset/BPAEC/actin/Z006/Z6_99.jpg,actin,0,Z006,train,Z6_99.jpg
/content/drive/MyDrive/494_Project_test_3/COMI/dataset/BPAEC/actin/Z007/Z7_0.jpg,actin,0,Z007,train,Z7_0.jpg
/content/drive/MyDrive/494_Project_test_3/COMI/dataset/BPAEC/actin/Z007/Z7_1.jpg,actin,0,Z007,train,Z7_1.jpg
/content/drive/MyDrive/494_Project_test_3/COMI/dataset/BPAEC/actin/Z007/Z7_10.jpg,actin,0,Z007,train,Z7_10.jpg
/content/drive/MyDrive/494_Project_test_3/COMI/dataset/BPAEC/actin/Z007/Z7_11.jpg,actin,0,Z007,train,Z7_11.jpg
/content/drive/MyDrive/494_Project_test_3/COMI/dataset/BPAEC/actin/Z007/Z7_12.jpg,actin,0,Z007,train,Z7_12.jpg
/content/drive/MyDrive/494_Project_test_3/COMI/dataset/BPAEC/actin/Z007/Z7_13.jpg,actin,0,Z007,train,Z7_13.jpg
/content/drive/MyDrive/494_Project_test_3/COMI/dataset/BPAEC/actin/Z007/Z7_14.jpg,actin,0,Z007,train,Z7_14.jpg
/content/drive/MyDrive/494_Project_test_3/COMI/dataset/BPAEC/actin/Z007/Z7_15.jpg,actin,0,Z007,train,Z7_15.jpg
/content/drive/MyDrive/494_Project_test_3/COMI/dataset/BPAEC/actin/Z007/Z7_16.jpg,actin,0,Z007,train,Z7_16.jpg
/content/drive/MyDrive/494_Project_test_3/COMI/dataset/BPAEC/actin/Z007/Z7_17.jpg,actin,0,Z007,train,Z7_17.jpg
/content/drive/MyDrive/494_Project_test_3/COMI/dataset/BPAEC/actin/Z007/Z7_18.jpg,actin,0,Z007,train,Z7_18.jpg
/content/drive/MyDrive/494_Project_test_3/COMI/dataset/BPAEC/actin/Z007/Z7_19.jpg,actin,0,Z007,train,Z7_19.jpg
/content/drive/MyDrive/494_Project_test_3/COMI/dataset/BPAEC/actin/Z007/Z7_2.jpg,actin,0,Z007,train,Z7_2.jpg
/content/drive/MyDrive/494_Project_test_3/COMI/dataset/BPAEC/actin/Z007/Z7_20.jpg,actin,0,Z007,train,Z7_20.jpg
/content/drive/MyDrive/494_Project_test_3/COMI/dataset/BPAEC/actin/Z007/Z7_21.jpg,actin,0,Z007,train,Z7_21.jpg
/content/drive/MyDrive/494_Project_test_3/COMI/dataset/BPAEC/actin/Z007/Z7_22.jpg,actin,0,Z007,train,Z7_22.jpg
/content/drive/MyDrive/494_Project_test_3/COMI/dataset/BPAEC/actin/Z007/Z7_23.jpg,actin,0,Z007,train,Z7_23.jpg
/content/drive/MyDrive/494_Project_test_3/COMI/dataset/BPAEC/actin/Z007/Z7_24.jpg,actin,0,Z007,train,Z7_24.jpg
/content/drive/MyDrive/494_Project_test_3/COMI/dataset/BPAEC/actin/Z007/Z7_25.jpg,actin,0,Z007,train,Z7_25.jpg
/content/drive/MyDrive/494_Project_test_3/COMI/dataset/BPAEC/actin/Z007/Z7_26.jpg,actin,0,Z007,train,Z7_26.jpg
/content/drive/MyDrive/494_Project_test_3/COMI/dataset/BPAEC/actin/Z007/Z7_27.jpg,actin,0,Z007,train,Z7_27.jpg
/content/drive/MyDrive/494_Project_test_3/COMI/dataset/BPAEC/actin/Z007/Z7_28.jpg,actin,0,Z007,train,Z7_28.jpg
/content/drive/MyDrive/494_Project_test_3/COMI/dataset/BPAEC/actin/Z007/Z7_29.jpg,actin,0,Z007,train,Z7_29.jpg
/content/drive/MyDrive/494_Project_test_3/COMI/dataset/BPAEC/actin/Z007/Z7_3.jpg,actin,0,Z007,train,Z7_3.jpg
/content/drive/MyDrive/494_Project_test_3/COMI/dataset/BPAEC/actin/Z007/Z7_30.jpg,actin,0,Z007,train,Z7_30.jpg
/content/drive/MyDrive/494_Project_test_3/COMI/dataset/BPAEC/actin/Z007/Z7_31.jpg,actin,0,Z007,train,Z7_31.jpg
/content/drive/MyDrive/494_Project_test_3/COMI/dataset/BPAEC/actin/Z007/Z7_32.jpg,actin,0,Z007,train,Z7_32.jpg
/content/drive/MyDrive/494_Project_test_3/COMI/dataset/BPAEC/actin/Z007/Z7_33.jpg,actin,0,Z007,train,Z7_33.jpg
/content/drive/MyDrive/494_Project_test_3/COMI/dataset/BPAEC/actin/Z007/Z7_34.jpg,actin,0,Z007,train,Z7_34.jpg
/content/drive/MyDrive/494_Project_test_3/COMI/dataset/BPAEC/actin/Z007/Z7_35.jpg,actin,0,Z007,train,Z7_35.jpg
/content/drive/MyDrive/494_Project_test_3/COMI/dataset/BPAEC/actin/Z007/Z7_36.jpg,actin,0,Z007,train,Z7_36.jpg
/content/drive/MyDrive/494_Project_test_3/COMI/dataset/BPAEC/actin/Z007/Z7_37.jpg,actin,0,Z007,train,Z7_37.jpg
/content/drive/MyDrive/494_Project_test_3/COMI/dataset/BPAEC/actin/Z007/Z7_38.jpg,actin,0,Z007,train,Z7_38.jpg
/content/drive/MyDrive/494_Project_test_3/COMI/dataset/BPAEC/actin/Z007/Z7_39.jpg,actin,0,Z007,train,Z7_39.jpg
/content/drive/MyDrive/494_Project_test_3/COMI/dataset/BPAEC/actin/Z007/Z7_4.jpg,actin,0,Z007,train,Z7_4.jpg
/content/drive/MyDrive/494_Project_test_3/COMI/dataset/BPAEC/actin/Z007/Z7_40.jpg,actin,0,Z007,train,Z7_40.jpg
/content/drive/MyDrive/494_Project_test_3/COMI/dataset/BPAEC/actin/Z007/Z7_41.jpg,actin,0,Z007,train,Z7_41.jpg
/content/drive/MyDrive/494_Project_test_3/COMI/dataset/BPAEC/actin/Z007/Z7_42.jpg,actin,0,Z007,train,Z7_42.jpg
/content/drive/MyDrive/494_Project_test_3/COMI/dataset/BPAEC/actin/Z007/Z7_43.jpg,actin,0,Z007,train,Z7_43.jpg
/content/drive/MyDrive/494_Project_test_3/COMI/dataset/BPAEC/actin/Z007/Z7_44.jpg,actin,0,Z007,train,Z7_44.jpg
/content/drive/MyDrive/494_Project_test_3/COMI/dataset/BPAEC/actin/Z007/Z7_45.jpg,actin,0,Z007,train,Z7_45.jpg
/content/drive/MyDrive/494_Project_test_3/COMI/dataset/BPAEC/actin/Z007/Z7_46.jpg,actin,0,Z007,train,Z7_46.jpg
/content/drive/MyDrive/494_Project_test_3/COMI/dataset/BPAEC/actin/Z007/Z7_47.jpg,actin,0,Z007,train,Z7_47.jpg
/content/drive/MyDrive/494_Project_test_3/COMI/dataset/BPAEC/actin/Z007/Z7_48.jpg,actin,0,Z007,train,Z7_48.jpg
/content/drive/MyDrive/494_Project_test_3/COMI/dataset/BPAEC/actin/Z007/Z7_49.jpg,actin,0,Z007,train,Z7_49.jpg
/content/drive/MyDrive/494_Project_test_3/COMI/dataset/BPAEC/actin/Z007/Z7_5.jpg,actin,0,Z007,train,Z7_5.jpg
/content/drive/MyDrive/494_Project_test_3/COMI/dataset/BPAEC/actin/Z007/Z7_50.jpg,actin,0,Z007,train,Z7_50.jpg
/content/drive/MyDrive/494_Project_test_3/COMI/dataset/BPAEC/actin/Z007/Z7_51.jpg,actin,0,Z007,train,Z7_51.jpg
/content/drive/MyDrive/494_Project_test_3/COMI/dataset/BPAEC/actin/Z007/Z7_52.jpg,actin,0,Z007,train,Z7_52.jpg
/content/drive/MyDrive/494_Project_test_3/COMI/dataset/BPAEC/actin/Z007/Z7_53.jpg,actin,0,Z007,train,Z7_53.jpg
/content/drive/MyDrive/494_Project_test_3/COMI/dataset/BPAEC/actin/Z007/Z7_54.jpg,actin,0,Z007,train,Z7_54.jpg
/content/drive/MyDrive/494_Project_test_3/COMI/dataset/BPAEC/actin/Z007/Z7_55.jpg,actin,0,Z007,train,Z7_55.jpg
/content/drive/MyDrive/494_Project_test_3/COMI/dataset/BPAEC/actin/Z007/Z7_56.jpg,actin,0,Z007,train,Z7_56.jpg
/content/drive/MyDrive/494_Project_test_3/COMI/dataset/BPAEC/actin/Z007/Z7_57.jpg,actin,0,Z007,train,Z7_57.jpg
/content/drive/MyDrive/494_Project_test_3/COMI/dataset/BPAEC/actin/Z007/Z7_58.jpg,actin,0,Z007,train,Z7_58.jpg
/content/drive/MyDrive/494_Project_test_3/COMI/dataset/BPAEC/actin/Z007/Z7_59.jpg,actin,0,Z007,train,Z7_59.jpg
/content/drive/MyDrive/494_Project_test_3/COMI/dataset/BPAEC/actin/Z007/Z7_6.jpg,actin,0,Z007,train,Z7_6.jpg
/content/drive/MyDrive/494_Project_test_3/COMI/dataset/BPAEC/actin/Z007/Z7_60.jpg,actin,0,Z007,train,Z7_60.jpg
/content/drive/MyDrive/494_Project_test_3/COMI/dataset/BPAEC/actin/Z007/Z7_61.jpg,actin,0,Z007,train,Z7_61.jpg
/content/drive/MyDrive/494_Project_test_3/COMI/dataset/BPAEC/actin/Z007/Z7_62.jpg,actin,0,Z007,train,Z7_62.jpg
/content/drive/MyDrive/494_Project_test_3/COMI/dataset/BPAEC/actin/Z007/Z7_63.jpg,actin,0,Z007,train,Z7_63.jpg
/content/drive/MyDrive/494_Project_test_3/COMI/dataset/BPAEC/actin/Z007/Z7_64.jpg,actin,0,Z007,train,Z7_64.jpg
/content/drive/MyDrive/494_Project_test_3/COMI/dataset/BPAEC/actin/Z007/Z7_65.jpg,actin,0,Z007,train,Z7_65.jpg
/content/drive/MyDrive/494_Project_test_3/COMI/dataset/BPAEC/actin/Z007/Z7_66.jpg,actin,0,Z007,train,Z7_66.jpg
/content/drive/MyDrive/494_Project_test_3/COMI/dataset/BPAEC/actin/Z007/Z7_67.jpg,actin,0,Z007,train,Z7_67.jpg
/content/drive/MyDrive/494_Project_test_3/COMI/dataset/BPAEC/actin/Z007/Z7_68.jpg,actin,0,Z007,train,Z7_68.jpg
/content/drive/MyDrive/494_Project_test_3/COMI/dataset/BPAEC/actin/Z007/Z7_69.jpg,actin,0,Z007,train,Z7_69.jpg
/content/drive/MyDrive/494_Project_test_3/COMI/dataset/BPAEC/actin/Z007/Z7_7.jpg,actin,0,Z007,train,Z7_7.jpg
/content/drive/MyDrive/494_Project_test_3/COMI/dataset/BPAEC/actin/Z007/Z7_70.jpg,actin,0,Z007,train,Z7_70.jpg
/content/drive/MyDrive/494_Project_test_3/COMI/dataset/BPAEC/actin/Z007/Z7_71.jpg,actin,0,Z007,train,Z7_71.jpg
/content/drive/MyDrive/494_Project_test_3/COMI/dataset/BPAEC/actin/Z007/Z7_72.jpg,actin,0,Z007,train,Z7_72.jpg
/content/drive/MyDrive/494_Project_test_3/COMI/dataset/BPAEC/actin/Z007/Z7_73.jpg,actin,0,Z007,train,Z7_73.jpg
/content/drive/MyDrive/494_Project_test_3/COMI/dataset/BPAEC/actin/Z007/Z7_74.jpg,actin,0,Z007,train,Z7_74.jpg
/content/drive/MyDrive/494_Project_test_3/COMI/dataset/BPAEC/actin/Z007/Z7_75.jpg,actin,0,Z007,train,Z7_75.jpg
/content/drive/MyDrive/494_Project_test_3/COMI/dataset/BPAEC/actin/Z007/Z7_76.jpg,actin,0,Z007,train,Z7_76.jpg
/content/drive/MyDrive/494_Project_test_3/COMI/dataset/BPAEC/actin/Z007/Z7_77.jpg,actin,0,Z007,train,Z7_77.jpg
/content/drive/MyDrive/494_Project_test_3/COMI/dataset/BPAEC/actin/Z007/Z7_78.jpg,actin,0,Z007,train,Z7_78.jpg
/content/drive/MyDrive/494_Project_test_3/COMI/dataset/BPAEC/actin/Z007/Z7_79.jpg,actin,0,Z007,train,Z7_79.jpg
/content/drive/MyDrive/494_Project_test_3/COMI/dataset/BPAEC/actin/Z007/Z7_8.jpg,actin,0,Z007,train,Z7_8.jpg
/content/drive/MyDrive/494_Project_test_3/COMI/dataset/BPAEC/actin/Z007/Z7_80.jpg,actin,0,Z007,train,Z7_80.jpg
/content/drive/MyDrive/494_Project_test_3/COMI/dataset/BPAEC/actin/Z007/Z7_81.jpg,actin,0,Z007,train,Z7_81.jpg
/content/drive/MyDrive/494_Project_test_3/COMI/dataset/BPAEC/actin/Z007/Z7_82.jpg,actin,0,Z007,train,Z7_82.jpg
/content/drive/MyDrive/494_Project_test_3/COMI/dataset/BPAEC/actin/Z007/Z7_83.jpg,actin,0,Z007,train,Z7_83.jpg
/content/drive/MyDrive/494_Project_test_3/COMI/dataset/BPAEC/actin/Z007/Z7_84.jpg,actin,0,Z007,train,Z7_84.jpg
/content/drive/MyDrive/494_Project_test_3/COMI/dataset/BPAEC/actin/Z007/Z7_85.jpg,actin,0,Z007,train,Z7_85.jpg
/content/drive/MyDrive/494_Project_test_3/COMI/dataset/BPAEC/actin/Z007/Z7_86.jpg,actin,0,Z007,train,Z7_86.jpg
/content/drive/MyDrive/494_Project_test_3/COMI/dataset/BPAEC/actin/Z007/Z7_87.jpg,actin,0,Z007,train,Z7_87.jpg
/content/drive/MyDrive/494_Project_test_3/COMI/dataset/BPAEC/actin/Z007/Z7_88.jpg,actin,0,Z007,train,Z7_88.jpg
/content/drive/MyDrive/494_Project_test_3/COMI/dataset/BPAEC/actin/Z007/Z7_89.jpg,actin,0,Z007,train,Z7_89.jpg
/content/drive/MyDrive/494_Project_test_3/COMI/dataset/BPAEC/actin/Z007/Z7_9.jpg,actin,0,Z007,train,Z7_9.jpg
/content/drive/MyDrive/494_Project_test_3/COMI/dataset/BPAEC/actin/Z007/Z7_90.jpg,actin,0,Z007,train,Z7_90.jpg
/content/drive/MyDrive/494_Project_test_3/COMI/dataset/BPAEC/actin/Z007/Z7_91.jpg,actin,0,Z007,train,Z7_91.jpg
/content/drive/MyDrive/494_Project_test_3/COMI/dataset/BPAEC/actin/Z007/Z7_92.jpg,actin,0,Z007,train,Z7_92.jpg
/content/drive/MyDrive/494_Project_test_3/COMI/dataset/BPAEC/actin/Z007/Z7_93.jpg,actin,0,Z007,train,Z7_93.jpg
/content/drive/MyDrive/494_Project_test_3/COMI/dataset/BPAEC/actin/Z007/Z7_94.jpg,actin,0,Z007,train,Z7_94.jpg
/content/drive/MyDrive/494_Project_test_3/COMI/dataset/BPAEC/actin/Z007/Z7_95.jpg,actin,0,Z007,train,Z7_95.jpg
/content/drive/MyDrive/494_Project_test_3/COMI/dataset/BPAEC/actin/Z007/Z7_96.jpg,actin,0,Z007,train,Z7_96.jpg
/content/drive/MyDrive/494_Project_test_3/COMI/dataset/BPAEC/actin/Z007/Z7_97.jpg,actin,0,Z007,train,Z7_97.jpg
/content/drive/MyDrive/494_Project_test_3/COMI/dataset/BPAEC/actin/Z007/Z7_98.jpg,actin,0,Z007,train,Z7_98.jpg
/content/drive/MyDrive/494_Project_test_3/COMI/dataset/BPAEC/actin/Z007/Z7_99.jpg,actin,0,Z007,train,Z7_99.jpg
/content/drive/MyDrive/494_Project_test_3/COMI/dataset/BPAEC/actin/Z008/Z8_0.jpg,actin,0,Z008,train,Z8_0.jpg
/content/drive/MyDrive/494_Project_test_3/COMI/dataset/BPAEC/actin/Z008/Z8_1.jpg,actin,0,Z008,train,Z8_1.jpg
/content/drive/MyDrive/494_Project_test_3/COMI/dataset/BPAEC/actin/Z008/Z8_10.jpg,actin,0,Z008,train,Z8_10.jpg
/content/drive/MyDrive/494_Project_test_3/COMI/dataset/BPAEC/actin/Z008/Z8_11.jpg,actin,0,Z008,train,Z8_11.jpg
/content/drive/MyDrive/494_Project_test_3/COMI/dataset/BPAEC/actin/Z008/Z8_12.jpg,actin,0,Z008,train,Z8_12.jpg
/content/drive/MyDrive/494_Project_test_3/COMI/dataset/BPAEC/actin/Z008/Z8_13.jpg,actin,0,Z008,train,Z8_13.jpg
/content/drive/MyDrive/494_Project_test_3/COMI/dataset/BPAEC/actin/Z008/Z8_14.jpg,actin,0,Z008,train,Z8_14.jpg
/content/drive/MyDrive/494_Project_test_3/COMI/dataset/BPAEC/actin/Z008/Z8_15.jpg,actin,0,Z008,train,Z8_15.jpg
/content/drive/MyDrive/494_Project_test_3/COMI/dataset/BPAEC/actin/Z008/Z8_16.jpg,actin,0,Z008,train,Z8_16.jpg
/content/drive/MyDrive/494_Project_test_3/COMI/dataset/BPAEC/actin/Z008/Z8_17.jpg,actin,0,Z008,train,Z8_17.jpg
/content/drive/MyDrive/494_Project_test_3/COMI/dataset/BPAEC/actin/Z008/Z8_18.jpg,actin,0,Z008,train,Z8_18.jpg
/content/drive/MyDrive/494_Project_test_3/COMI/dataset/BPAEC/actin/Z008/Z8_19.jpg,actin,0,Z008,train,Z8_19.jpg
/content/drive/MyDrive/494_Project_test_3/COMI/dataset/BPAEC/actin/Z008/Z8_2.jpg,actin,0,Z008,train,Z8_2.jpg
/content/drive/MyDrive/494_Project_test_3/COMI/dataset/BPAEC/actin/Z008/Z8_20.jpg,actin,0,Z008,train,Z8_20.jpg
/content/drive/MyDrive/494_Project_test_3/COMI/dataset/BPAEC/actin/Z008/Z8_21.jpg,actin,0,Z008,train,Z8_21.jpg
/content/drive/MyDrive/494_Project_test_3/COMI/dataset/BPAEC/actin/Z008/Z8_22.jpg,actin,0,Z008,train,Z8_22.jpg
/content/drive/MyDrive/494_Project_test_3/COMI/dataset/BPAEC/actin/Z008/Z8_23.jpg,actin,0,Z008,train,Z8_23.jpg
/content/drive/MyDrive/494_Project_test_3/COMI/dataset/BPAEC/actin/Z008/Z8_24.jpg,actin,0,Z008,train,Z8_24.jpg
/content/drive/MyDrive/494_Project_test_3/COMI/dataset/BPAEC/actin/Z008/Z8_25.jpg,actin,0,Z008,train,Z8_25.jpg
/content/drive/MyDrive/494_Project_test_3/COMI/dataset/BPAEC/actin/Z008/Z8_26.jpg,actin,0,Z008,train,Z8_26.jpg
/content/drive/MyDrive/494_Project_test_3/COMI/dataset/BPAEC/actin/Z008/Z8_27.jpg,actin,0,Z008,train,Z8_27.jpg
/content/drive/MyDrive/494_Project_test_3/COMI/dataset/BPAEC/actin/Z008/Z8_28.jpg,actin,0,Z008,train,Z8_28.jpg
/content/drive/MyDrive/494_Project_test_3/COMI/dataset/BPAEC/actin/Z008/Z8_29.jpg,actin,0,Z008,train,Z8_29.jpg
/content/drive/MyDrive/494_Project_test_3/COMI/dataset/BPAEC/actin/Z008/Z8_3.jpg,actin,0,Z008,train,Z8_3.jpg
/content/drive/MyDrive/494_Project_test_3/COMI/dataset/BPAEC/actin/Z008/Z8_30.jpg,actin,0,Z008,train,Z8_30.jpg
/content/drive/MyDrive/494_Project_test_3/COMI/dataset/BPAEC/actin/Z008/Z8_31.jpg,actin,0,Z008,train,Z8_31.jpg
/content/drive/MyDrive/494_Project_test_3/COMI/dataset/BPAEC/actin/Z008/Z8_32.jpg,actin,0,Z008,train,Z8_32.jpg
/content/drive/MyDrive/494_Project_test_3/COMI/dataset/BPAEC/actin/Z008/Z8_33.jpg,actin,0,Z008,train,Z8_33.jpg
/content/drive/MyDrive/494_Project_test_3/COMI/dataset/BPAEC/actin/Z008/Z8_34.jpg,actin,0,Z008,train,Z8_34.jpg
/content/drive/MyDrive/494_Project_test_3/COMI/dataset/BPAEC/actin/Z008/Z8_35.jpg,actin,0,Z008,train,Z8_35.jpg
/content/drive/MyDrive/494_Project_test_3/COMI/dataset/BPAEC/actin/Z008/Z8_36.jpg,actin,0,Z008,train,Z8_36.jpg
/content/drive/MyDrive/494_Project_test_3/COMI/dataset/BPAEC/actin/Z008/Z8_37.jpg,actin,0,Z008,train,Z8_37.jpg
/content/drive/MyDrive/494_Project_test_3/COMI/dataset/BPAEC/actin/Z008/Z8_38.jpg,actin,0,Z008,train,Z8_38.jpg
/content/drive/MyDrive/494_Project_test_3/COMI/dataset/BPAEC/actin/Z008/Z8_39.jpg,actin,0,Z008,train,Z8_39.jpg
/content/drive/MyDrive/494_Project_test_3/COMI/dataset/BPAEC/actin/Z008/Z8_4.jpg,actin,0,Z008,train,Z8_4.jpg
/content/drive/MyDrive/494_Project_test_3/COMI/dataset/BPAEC/actin/Z008/Z8_40.jpg,actin,0,Z008,train,Z8_40.jpg
/content/drive/MyDrive/494_Project_test_3/COMI/dataset/BPAEC/actin/Z008/Z8_41.jpg,actin,0,Z008,train,Z8_41.jpg
/content/drive/MyDrive/494_Project_test_3/COMI/dataset/BPAEC/actin/Z008/Z8_42.jpg,actin,0,Z008,train,Z8_42.jpg
/content/drive/MyDrive/494_Project_test_3/COMI/dataset/BPAEC/actin/Z008/Z8_43.jpg,actin,0,Z008,train,Z8_43.jpg
/content/drive/MyDrive/494_Project_test_3/COMI/dataset/BPAEC/actin/Z008/Z8_44.jpg,actin,0,Z008,train,Z8_44.jpg
/content/drive/MyDrive/494_Project_test_3/COMI/dataset/BPAEC/actin/Z008/Z8_45.jpg,actin,0,Z008,train,Z8_45.jpg
/content/drive/MyDrive/494_Project_test_3/COMI/dataset/BPAEC/actin/Z008/Z8_46.jpg,actin,0,Z008,train,Z8_46.jpg
/content/drive/MyDrive/494_Project_test_3/COMI/dataset/BPAEC/actin/Z008/Z8_47.jpg,actin,0,Z008,train,Z8_47.jpg
/content/drive/MyDrive/494_Project_test_3/COMI/dataset/BPAEC/actin/Z008/Z8_48.jpg,actin,0,Z008,train,Z8_48.jpg
/content/drive/MyDrive/494_Project_test_3/COMI/dataset/BPAEC/actin/Z008/Z8_49.jpg,actin,0,Z008,train,Z8_49.jpg
/content/drive/MyDrive/494_Project_test_3/COMI/dataset/BPAEC/actin/Z008/Z8_5.jpg,actin,0,Z008,train,Z8_5.jpg
/content/drive/MyDrive/494_Project_test_3/COMI/dataset/BPAEC/actin/Z008/Z8_50.jpg,actin,0,Z008,train,Z8_50.jpg
/content/drive/MyDrive/494_Project_test_3/COMI/dataset/BPAEC/actin/Z008/Z8_51.jpg,actin,0,Z008,train,Z8_51.jpg
/content/drive/MyDrive/494_Project_test_3/COMI/dataset/BPAEC/actin/Z008/Z8_52.jpg,actin,0,Z008,train,Z8_52.jpg
/content/drive/MyDrive/494_Project_test_3/COMI/dataset/BPAEC/actin/Z008/Z8_53.jpg,actin,0,Z008,train,Z8_53.jpg
/content/drive/MyDrive/494_Project_test_3/COMI/dataset/BPAEC/actin/Z008/Z8_54.jpg,actin,0,Z008,train,Z8_54.jpg
/content/drive/MyDrive/494_Project_test_3/COMI/dataset/BPAEC/actin/Z008/Z8_55.jpg,actin,0,Z008,train,Z8_55.jpg
/content/drive/MyDrive/494_Project_test_3/COMI/dataset/BPAEC/actin/Z008/Z8_56.jpg,actin,0,Z008,train,Z8_56.jpg
/content/drive/MyDrive/494_Project_test_3/COMI/dataset/BPAEC/actin/Z008/Z8_57.jpg,actin,0,Z008,train,Z8_57.jpg
/content/drive/MyDrive/494_Project_test_3/COMI/dataset/BPAEC/actin/Z008/Z8_58.jpg,actin,0,Z008,train,Z8_58.jpg
/content/drive/MyDrive/494_Project_test_3/COMI/dataset/BPAEC/actin/Z008/Z8_59.jpg,actin,0,Z008,train,Z8_59.jpg
/content/drive/MyDrive/494_Project_test_3/COMI/dataset/BPAEC/actin/Z008/Z8_6.jpg,actin,0,Z008,train,Z8_6.jpg
/content/drive/MyDrive/494_Project_test_3/COMI/dataset/BPAEC/actin/Z008/Z8_60.jpg,actin,0,Z008,train,Z8_60.jpg
/content/drive/MyDrive/494_Project_test_3/COMI/dataset/BPAEC/actin/Z008/Z8_61.jpg,actin,0,Z008,train,Z8_61.jpg
/content/drive/MyDrive/494_Project_test_3/COMI/dataset/BPAEC/actin/Z008/Z8_62.jpg,actin,0,Z008,train,Z8_62.jpg
/content/drive/MyDrive/494_Project_test_3/COMI/dataset/BPAEC/actin/Z008/Z8_63.jpg,actin,0,Z008,train,Z8_63.jpg
/content/drive/MyDrive/494_Project_test_3/COMI/dataset/BPAEC/actin/Z008/Z8_64.jpg,actin,0,Z008,train,Z8_64.jpg
/content/drive/MyDrive/494_Project_test_3/COMI/dataset/BPAEC/actin/Z008/Z8_65.jpg,actin,0,Z008,train,Z8_65.jpg
/content/drive/MyDrive/494_Project_test_3/COMI/dataset/BPAEC/actin/Z008/Z8_66.jpg,actin,0,Z008,train,Z8_66.jpg
/content/drive/MyDrive/494_Project_test_3/COMI/dataset/BPAEC/actin/Z008/Z8_67.jpg,actin,0,Z008,train,Z8_67.jpg
/content/drive/MyDrive/494_Project_test_3/COMI/dataset/BPAEC/actin/Z008/Z8_68.jpg,actin,0,Z008,train,Z8_68.jpg
/content/drive/MyDrive/494_Project_test_3/COMI/dataset/BPAEC/actin/Z008/Z8_69.jpg,actin,0,Z008,train,Z8_69.jpg
/content/drive/MyDrive/494_Project_test_3/COMI/dataset/BPAEC/actin/Z008/Z8_7.jpg,actin,0,Z008,train,Z8_7.jpg
/content/drive/MyDrive/494_Project_test_3/COMI/dataset/BPAEC/actin/Z008/Z8_70.jpg,actin,0,Z008,train,Z8_70.jpg
/content/drive/MyDrive/494_Project_test_3/COMI/dataset/BPAEC/actin/Z008/Z8_71.jpg,actin,0,Z008,train,Z8_71.jpg
/content/drive/MyDrive/494_Project_test_3/COMI/dataset/BPAEC/actin/Z008/Z8_72.jpg,actin,0,Z008,train,Z8_72.jpg
/content/drive/MyDrive/494_Project_test_3/COMI/dataset/BPAEC/actin/Z008/Z8_73.jpg,actin,0,Z008,train,Z8_73.jpg
/content/drive/MyDrive/494_Project_test_3/COMI/dataset/BPAEC/actin/Z008/Z8_74.jpg,actin,0,Z008,train,Z8_74.jpg
/content/drive/MyDrive/494_Project_test_3/COMI/dataset/BPAEC/actin/Z008/Z8_75.jpg,actin,0,Z008,train,Z8_75.jpg
/content/drive/MyDrive/494_Project_test_3/COMI/dataset/BPAEC/actin/Z008/Z8_76.jpg,actin,0,Z008,train,Z8_76.jpg
/content/drive/MyDrive/494_Project_test_3/COMI/dataset/BPAEC/actin/Z008/Z8_77.jpg,actin,0,Z008,train,Z8_77.jpg
/content/drive/MyDrive/494_Project_test_3/COMI/dataset/BPAEC/actin/Z008/Z8_78.jpg,actin,0,Z008,train,Z8_78.jpg
/content/drive/MyDrive/494_Project_test_3/COMI/dataset/BPAEC/actin/Z008/Z8_79.jpg,actin,0,Z008,train,Z8_79.jpg
/content/drive/MyDrive/494_Project_test_3/COMI/dataset/BPAEC/actin/Z008/Z8_8.jpg,actin,0,Z008,train,Z8_8.jpg
/content/drive/MyDrive/494_Project_test_3/COMI/dataset/BPAEC/actin/Z008/Z8_80.jpg,actin,0,Z008,train,Z8_80.jpg
/content/drive/MyDrive/494_Project_test_3/COMI/dataset/BPAEC/actin/Z008/Z8_81.jpg,actin,0,Z008,train,Z8_81.jpg
/content/drive/MyDrive/494_Project_test_3/COMI/dataset/BPAEC/actin/Z008/Z8_82.jpg,actin,0,Z008,train,Z8_82.jpg
/content/drive/MyDrive/494_Project_test_3/COMI/dataset/BPAEC/actin/Z008/Z8_83.jpg,actin,0,Z008,train,Z8_83.jpg
/content/drive/MyDrive/494_Project_test_3/COMI/dataset/BPAEC/actin/Z008/Z8_84.jpg,actin,0,Z008,train,Z8_84.jpg
/content/drive/MyDrive/494_Project_test_3/COMI/dataset/BPAEC/actin/Z008/Z8_85.jpg,actin,0,Z008,train,Z8_85.jpg
/content/drive/MyDrive/494_Project_test_3/COMI/dataset/BPAEC/actin/Z008/Z8_86.jpg,actin,0,Z008,train,Z8_86.jpg
/content/drive/MyDrive/494_Project_test_3/COMI/dataset/BPAEC/actin/Z008/Z8_87.jpg,actin,0,Z008,train,Z8_87.jpg
/content/drive/MyDrive/494_Project_test_3/COMI/dataset/BPAEC/actin/Z008/Z8_88.jpg,actin,0,Z008,train,Z8_88.jpg
/content/drive/MyDrive/494_Project_test_3/COMI/dataset/BPAEC/actin/Z008/Z8_89.jpg,actin,0,Z008,train,Z8_89.jpg
/content/drive/MyDrive/494_Project_test_3/COMI/dataset/BPAEC/actin/Z008/Z8_9.jpg,actin,0,Z008,train,Z8_9.jpg
/content/drive/MyDrive/494_Project_test_3/COMI/dataset/BPAEC/actin/Z008/Z8_90.jpg,actin,0,Z008,train,Z8_90.jpg
/content/drive/MyDrive/494_Project_test_3/COMI/dataset/BPAEC/actin/Z008/Z8_91.jpg,actin,0,Z008,train,Z8_91.jpg
/content/drive/MyDrive/494_Project_test_3/COMI/dataset/BPAEC/actin/Z008/Z8_92.jpg,actin,0,Z008,train,Z8_92.jpg
/content/drive/MyDrive/494_Project_test_3/COMI/dataset/BPAEC/actin/Z008/Z8_93.jpg,actin,0,Z008,train,Z8_93.jpg
/content/drive/MyDrive/494_Project_test_3/COMI/dataset/BPAEC/actin/Z008/Z8_94.jpg,actin,0,Z008,train,Z8_94.jpg
/content/drive/MyDrive/494_Project_test_3/COMI/dataset/BPAEC/actin/Z008/Z8_95.jpg,actin,0,Z008,train,Z8_95.jpg
/content/drive/MyDrive/494_Project_test_3/COMI/dataset/BPAEC/actin/Z008/Z8_96.jpg,actin,0,Z008,train,Z8_96.jpg
/content/drive/MyDrive/494_Project_test_3/COMI/dataset/BPAEC/actin/Z008/Z8_97.jpg,actin,0,Z008,train,Z8_97.jpg
/content/drive/MyDrive/494_Project_test_3/COMI/dataset/BPAEC/actin/Z008/Z8_98.jpg,actin,0,Z008,train,Z8_98.jpg
/content/drive/MyDrive/494_Project_test_3/COMI/dataset/BPAEC/actin/Z008/Z8_99.jpg,actin,0,Z008,train,Z8_99.jpg
/content/drive/MyDrive/494_Project_test_3/COMI/dataset/BPAEC/mitochondria/Z004/Z4_0.jpg,mitochondria,1,Z004,train,Z4_0.jpg
/content/drive/MyDrive/494_Project_test_3/COMI/dataset/BPAEC/mitochondria/Z004/Z4_1.jpg,mitochondria,1,Z004,train,Z4_1.jpg
/content/drive/MyDrive/494_Project_test_3/COMI/dataset/BPAEC/mitochondria/Z004/Z4_10.jpg,mitochondria,1,Z004,train,Z4_10.jpg
/content/drive/MyDrive/494_Project_test_3/COMI/dataset/BPAEC/mitochondria/Z004/Z4_11.jpg,mitochondria,1,Z004,train,Z4_11.jpg
/content/drive/MyDrive/494_Project_test_3/COMI/dataset/BPAEC/mitochondria/Z004/Z4_12.jpg,mitochondria,1,Z004,train,Z4_12.jpg
/content/drive/MyDrive/494_Project_test_3/COMI/dataset/BPAEC/mitochondria/Z004/Z4_13.jpg,mitochondria,1,Z004,train,Z4_13.jpg
/content/drive/MyDrive/494_Project_test_3/COMI/dataset/BPAEC/mitochondria/Z004/Z4_14.jpg,mitochondria,1,Z004,train,Z4_14.jpg
/content/drive/MyDrive/494_Project_test_3/COMI/dataset/BPAEC/mitochondria/Z004/Z4_15.jpg,mitochondria,1,Z004,train,Z4_15.jpg
/content/drive/MyDrive/494_Project_test_3/COMI/dataset/BPAEC/mitochondria/Z004/Z4_16.jpg,mitochondria,1,Z004,train,Z4_16.jpg
/content/drive/MyDrive/494_Project_test_3/COMI/dataset/BPAEC/mitochondria/Z004/Z4_17.jpg,mitochondria,1,Z004,train,Z4_17.jpg
/content/drive/MyDrive/494_Project_test_3/COMI/dataset/BPAEC/mitochondria/Z004/Z4_18.jpg,mitochondria,1,Z004,train,Z4_18.jpg
/content/drive/MyDrive/494_Project_test_3/COMI/dataset/BPAEC/mitochondria/Z004/Z4_19.jpg,mitochondria,1,Z004,train,Z4_19.jpg
/content/drive/MyDrive/494_Project_test_3/COMI/dataset/BPAEC/mitochondria/Z004/Z4_2.jpg,mitochondria,1,Z004,train,Z4_2.jpg
/content/drive/MyDrive/494_Project_test_3/COMI/dataset/BPAEC/mitochondria/Z004/Z4_20.jpg,mitochondria,1,Z004,train,Z4_20.jpg
/content/drive/MyDrive/494_Project_test_3/COMI/dataset/BPAEC/mitochondria/Z004/Z4_21.jpg,mitochondria,1,Z004,train,Z4_21.jpg
/content/drive/MyDrive/494_Project_test_3/COMI/dataset/BPAEC/mitochondria/Z004/Z4_22.jpg,mitochondria,1,Z004,train,Z4_22.jpg
/content/drive/MyDrive/494_Project_test_3/COMI/dataset/BPAEC/mitochondria/Z004/Z4_23.jpg,mitochondria,1,Z004,train,Z4_23.jpg
/content/drive/MyDrive/494_Project_test_3/COMI/dataset/BPAEC/mitochondria/Z004/Z4_24.jpg,mitochondria,1,Z004,train,Z4_24.jpg
/content/drive/MyDrive/494_Project_test_3/COMI/dataset/BPAEC/mitochondria/Z004/Z4_25.jpg,mitochondria,1,Z004,train,Z4_25.jpg
/content/drive/MyDrive/494_Project_test_3/COMI/dataset/BPAEC/mitochondria/Z004/Z4_26.jpg,mitochondria,1,Z004,train,Z4_26.jpg
/content/drive/MyDrive/494_Project_test_3/COMI/dataset/BPAEC/mitochondria/Z004/Z4_27.jpg,mitochondria,1,Z004,train,Z4_27.jpg
/content/drive/MyDrive/494_Project_test_3/COMI/dataset/BPAEC/mitochondria/Z004/Z4_28.jpg,mitochondria,1,Z004,train,Z4_28.jpg
/content/drive/MyDrive/494_Project_test_3/COMI/dataset/BPAEC/mitochondria/Z004/Z4_29.jpg,mitochondria,1,Z004,train,Z4_29.jpg
/content/drive/MyDrive/494_Project_test_3/COMI/dataset/BPAEC/mitochondria/Z004/Z4_3.jpg,mitochondria,1,Z004,train,Z4_3.jpg
/content/drive/MyDrive/494_Project_test_3/COMI/dataset/BPAEC/mitochondria/Z004/Z4_30.jpg,mitochondria,1,Z004,train,Z4_30.jpg
/content/drive/MyDrive/494_Project_test_3/COMI/dataset/BPAEC/mitochondria/Z004/Z4_31.jpg,mitochondria,1,Z004,train,Z4_31.jpg
/content/drive/MyDrive/494_Project_test_3/COMI/dataset/BPAEC/mitochondria/Z004/Z4_32.jpg,mitochondria,1,Z004,train,Z4_32.jpg
/content/drive/MyDrive/494_Project_test_3/COMI/dataset/BPAEC/mitochondria/Z004/Z4_33.jpg,mitochondria,1,Z004,train,Z4_33.jpg
/content/drive/MyDrive/494_Project_test_3/COMI/dataset/BPAEC/mitochondria/Z004/Z4_34.jpg,mitochondria,1,Z004,train,Z4_34.jpg
/content/drive/MyDrive/494_Project_test_3/COMI/dataset/BPAEC/mitochondria/Z004/Z4_35.jpg,mitochondria,1,Z004,train,Z4_35.jpg
/content/drive/MyDrive/494_Project_test_3/COMI/dataset/BPAEC/mitochondria/Z004/Z4_36.jpg,mitochondria,1,Z004,train,Z4_36.jpg
/content/drive/MyDrive/494_Project_test_3/COMI/dataset/BPAEC/mitochondria/Z004/Z4_37.jpg,mitochondria,1,Z004,train,Z4_37.jpg
/content/drive/MyDrive/494_Project_test_3/COMI/dataset/BPAEC/mitochondria/Z004/Z4_38.jpg,mitochondria,1,Z004,train,Z4_38.jpg
/content/drive/MyDrive/494_Project_test_3/COMI/dataset/BPAEC/mitochondria/Z004/Z4_39.jpg,mitochondria,1,Z004,train,Z4_39.jpg
/content/drive/MyDrive/494_Project_test_3/COMI/dataset/BPAEC/mitochondria/Z004/Z4_4.jpg,mitochondria,1,Z004,train,Z4_4.jpg
/content/drive/MyDrive/494_Project_test_3/COMI/dataset/BPAEC/mitochondria/Z004/Z4_40.jpg,mitochondria,1,Z004,train,Z4_40.jpg
/content/drive/MyDrive/494_Project_test_3/COMI/dataset/BPAEC/mitochondria/Z004/Z4_41.jpg,mitochondria,1,Z004,train,Z4_41.jpg
/content/drive/MyDrive/494_Project_test_3/COMI/dataset/BPAEC/mitochondria/Z004/Z4_42.jpg,mitochondria,1,Z004,train,Z4_42.jpg
/content/drive/MyDrive/494_Project_test_3/COMI/dataset/BPAEC/mitochondria/Z004/Z4_43.jpg,mitochondria,1,Z004,train,Z4_43.jpg
/content/drive/MyDrive/494_Project_test_3/COMI/dataset/BPAEC/mitochondria/Z004/Z4_44.jpg,mitochondria,1,Z004,train,Z4_44.jpg
/content/drive/MyDrive/494_Project_test_3/COMI/dataset/BPAEC/mitochondria/Z004/Z4_45.jpg,mitochondria,1,Z004,train,Z4_45.jpg
/content/drive/MyDrive/494_Project_test_3/COMI/dataset/BPAEC/mitochondria/Z004/Z4_46.jpg,mitochondria,1,Z004,train,Z4_46.jpg
/content/drive/MyDrive/494_Project_test_3/COMI/dataset/BPAEC/mitochondria/Z004/Z4_47.jpg,mitochondria,1,Z004,train,Z4_47.jpg
/content/drive/MyDrive/494_Project_test_3/COMI/dataset/BPAEC/mitochondria/Z004/Z4_48.jpg,mitochondria,1,Z004,train,Z4_48.jpg
/content/drive/MyDrive/494_Project_test_3/COMI/dataset/BPAEC/mitochondria/Z004/Z4_49.jpg,mitochondria,1,Z004,train,Z4_49.jpg
/content/drive/MyDrive/494_Project_test_3/COMI/dataset/BPAEC/mitochondria/Z004/Z4_5.jpg,mitochondria,1,Z004,train,Z4_5.jpg
/content/drive/MyDrive/494_Project_test_3/COMI/dataset/BPAEC/mitochondria/Z004/Z4_50.jpg,mitochondria,1,Z004,train,Z4_50.jpg
/content/drive/MyDrive/494_Project_test_3/COMI/dataset/BPAEC/mitochondria/Z004/Z4_51.jpg,mitochondria,1,Z004,train,Z4_51.jpg
/content/drive/MyDrive/494_Project_test_3/COMI/dataset/BPAEC/mitochondria/Z004/Z4_52.jpg,mitochondria,1,Z004,train,Z4_52.jpg
/content/drive/MyDrive/494_Project_test_3/COMI/dataset/BPAEC/mitochondria/Z004/Z4_53.jpg,mitochondria,1,Z004,train,Z4_53.jpg
/content/drive/MyDrive/494_Project_test_3/COMI/dataset/BPAEC/mitochondria/Z004/Z4_54.jpg,mitochondria,1,Z004,train,Z4_54.jpg
/content/drive/MyDrive/494_Project_test_3/COMI/dataset/BPAEC/mitochondria/Z004/Z4_55.jpg,mitochondria,1,Z004,train,Z4_55.jpg
/content/drive/MyDrive/494_Project_test_3/COMI/dataset/BPAEC/mitochondria/Z004/Z4_56.jpg,mitochondria,1,Z004,train,Z4_56.jpg
/content/drive/MyDrive/494_Project_test_3/COMI/dataset/BPAEC/mitochondria/Z004/Z4_57.jpg,mitochondria,1,Z004,train,Z4_57.jpg
/content/drive/MyDrive/494_Project_test_3/COMI/dataset/BPAEC/mitochondria/Z004/Z4_58.jpg,mitochondria,1,Z004,train,Z4_58.jpg
/content/drive/MyDrive/494_Project_test_3/COMI/dataset/BPAEC/mitochondria/Z004/Z4_59.jpg,mitochondria,1,Z004,train,Z4_59.jpg
/content/drive/MyDrive/494_Project_test_3/COMI/dataset/BPAEC/mitochondria/Z004/Z4_6.jpg,mitochondria,1,Z004,train,Z4_6.jpg
/content/drive/MyDrive/494_Project_test_3/COMI/dataset/BPAEC/mitochondria/Z004/Z4_60.jpg,mitochondria,1,Z004,train,Z4_60.jpg
/content/drive/MyDrive/494_Project_test_3/COMI/dataset/BPAEC/mitochondria/Z004/Z4_61.jpg,mitochondria,1,Z004,train,Z4_61.jpg
/content/drive/MyDrive/494_Project_test_3/COMI/dataset/BPAEC/mitochondria/Z004/Z4_62.jpg,mitochondria,1,Z004,train,Z4_62.jpg
/content/drive/MyDrive/494_Project_test_3/COMI/dataset/BPAEC/mitochondria/Z004/Z4_63.jpg,mitochondria,1,Z004,train,Z4_63.jpg
/content/drive/MyDrive/494_Project_test_3/COMI/dataset/BPAEC/mitochondria/Z004/Z4_64.jpg,mitochondria,1,Z004,train,Z4_64.jpg
/content/drive/MyDrive/494_Project_test_3/COMI/dataset/BPAEC/mitochondria/Z004/Z4_65.jpg,mitochondria,1,Z004,train,Z4_65.jpg
/content/drive/MyDrive/494_Project_test_3/COMI/dataset/BPAEC/mitochondria/Z004/Z4_66.jpg,mitochondria,1,Z004,train,Z4_66.jpg
/content/drive/MyDrive/494_Project_test_3/COMI/dataset/BPAEC/mitochondria/Z004/Z4_67.jpg,mitochondria,1,Z004,train,Z4_67.jpg
/content/drive/MyDrive/494_Project_test_3/COMI/dataset/BPAEC/mitochondria/Z004/Z4_68.jpg,mitochondria,1,Z004,train,Z4_68.jpg
/content/drive/MyDrive/494_Project_test_3/COMI/dataset/BPAEC/mitochondria/Z004/Z4_69.jpg,mitochondria,1,Z004,train,Z4_69.jpg
/content/drive/MyDrive/494_Project_test_3/COMI/dataset/BPAEC/mitochondria/Z004/Z4_7.jpg,mitochondria,1,Z004,train,Z4_7.jpg
/content/drive/MyDrive/494_Project_test_3/COMI/dataset/BPAEC/mitochondria/Z004/Z4_70.jpg,mitochondria,1,Z004,train,Z4_70.jpg
/content/drive/MyDrive/494_Project_test_3/COMI/dataset/BPAEC/mitochondria/Z004/Z4_71.jpg,mitochondria,1,Z004,train,Z4_71.jpg
/content/drive/MyDrive/494_Project_test_3/COMI/dataset/BPAEC/mitochondria/Z004/Z4_72.jpg,mitochondria,1,Z004,train,Z4_72.jpg
/content/drive/MyDrive/494_Project_test_3/COMI/dataset/BPAEC/mitochondria/Z004/Z4_73.jpg,mitochondria,1,Z004,train,Z4_73.jpg
/content/drive/MyDrive/494_Project_test_3/COMI/dataset/BPAEC/mitochondria/Z004/Z4_74.jpg,mitochondria,1,Z004,train,Z4_74.jpg
/content/drive/MyDrive/494_Project_test_3/COMI/dataset/BPAEC/mitochondria/Z004/Z4_75.jpg,mitochondria,1,Z004,train,Z4_75.jpg
/content/drive/MyDrive/494_Project_test_3/COMI/dataset/BPAEC/mitochondria/Z004/Z4_76.jpg,mitochondria,1,Z004,train,Z4_76.jpg
/content/drive/MyDrive/494_Project_test_3/COMI/dataset/BPAEC/mitochondria/Z004/Z4_77.jpg,mitochondria,1,Z004,train,Z4_77.jpg
/content/drive/MyDrive/494_Project_test_3/COMI/dataset/BPAEC/mitochondria/Z004/Z4_78.jpg,mitochondria,1,Z004,train,Z4_78.jpg
/content/drive/MyDrive/494_Project_test_3/COMI/dataset/BPAEC/mitochondria/Z004/Z4_79.jpg,mitochondria,1,Z004,train,Z4_79.jpg
/content/drive/MyDrive/494_Project_test_3/COMI/dataset/BPAEC/mitochondria/Z004/Z4_8.jpg,mitochondria,1,Z004,train,Z4_8.jpg
/content/drive/MyDrive/494_Project_test_3/COMI/dataset/BPAEC/mitochondria/Z004/Z4_80.jpg,mitochondria,1,Z004,train,Z4_80.jpg
/content/drive/MyDrive/494_Project_test_3/COMI/dataset/BPAEC/mitochondria/Z004/Z4_81.jpg,mitochondria,1,Z004,train,Z4_81.jpg
/content/drive/MyDrive/494_Project_test_3/COMI/dataset/BPAEC/mitochondria/Z004/Z4_82.jpg,mitochondria,1,Z004,train,Z4_82.jpg
/content/drive/MyDrive/494_Project_test_3/COMI/dataset/BPAEC/mitochondria/Z004/Z4_83.jpg,mitochondria,1,Z004,train,Z4_83.jpg
/content/drive/MyDrive/494_Project_test_3/COMI/dataset/BPAEC/mitochondria/Z004/Z4_84.jpg,mitochondria,1,Z004,train,Z4_84.jpg
/content/drive/MyDrive/494_Project_test_3/COMI/dataset/BPAEC/mitochondria/Z004/Z4_85.jpg,mitochondria,1,Z004,train,Z4_85.jpg
/content/drive/MyDrive/494_Project_test_3/COMI/dataset/BPAEC/mitochondria/Z004/Z4_86.jpg,mitochondria,1,Z004,train,Z4_86.jpg
/content/drive/MyDrive/494_Project_test_3/COMI/dataset/BPAEC/mitochondria/Z004/Z4_87.jpg,mitochondria,1,Z004,train,Z4_87.jpg
/content/drive/MyDrive/494_Project_test_3/COMI/dataset/BPAEC/mitochondria/Z004/Z4_88.jpg,mitochondria,1,Z004,train,Z4_88.jpg
/content/drive/MyDrive/494_Project_test_3/COMI/dataset/BPAEC/mitochondria/Z004/Z4_89.jpg,mitochondria,1,Z004,train,Z4_89.jpg
/content/drive/MyDrive/494_Project_test_3/COMI/dataset/BPAEC/mitochondria/Z004/Z4_9.jpg,mitochondria,1,Z004,train,Z4_9.jpg
/content/drive/MyDrive/494_Project_test_3/COMI/dataset/BPAEC/mitochondria/Z004/Z4_90.jpg,mitochondria,1,Z004,train,Z4_90.jpg
/content/drive/MyDrive/494_Project_test_3/COMI/dataset/BPAEC/mitochondria/Z004/Z4_91.jpg,mitochondria,1,Z004,train,Z4_91.jpg
/content/drive/MyDrive/494_Project_test_3/COMI/dataset/BPAEC/mitochondria/Z004/Z4_92.jpg,mitochondria,1,Z004,train,Z4_92.jpg
/content/drive/MyDrive/494_Project_test_3/COMI/dataset/BPAEC/mitochondria/Z004/Z4_93.jpg,mitochondria,1,Z004,train,Z4_93.jpg
/content/drive/MyDrive/494_Project_test_3/COMI/dataset/BPAEC/mitochondria/Z004/Z4_94.jpg,mitochondria,1,Z004,train,Z4_94.jpg
/content/drive/MyDrive/494_Project_test_3/COMI/dataset/BPAEC/mitochondria/Z004/Z4_95.jpg,mitochondria,1,Z004,train,Z4_95.jpg
/content/drive/MyDrive/494_Project_test_3/COMI/dataset/BPAEC/mitochondria/Z004/Z4_96.jpg,mitochondria,1,Z004,train,Z4_96.jpg
/content/drive/MyDrive/494_Project_test_3/COMI/dataset/BPAEC/mitochondria/Z005/Z5_0.jpg,mitochondria,1,Z005,train,Z5_0.jpg
/content/drive/MyDrive/494_Project_test_3/COMI/dataset/BPAEC/mitochondria/Z005/Z5_1.jpg,mitochondria,1,Z005,train,Z5_1.jpg
/content/drive/MyDrive/494_Project_test_3/COMI/dataset/BPAEC/mitochondria/Z005/Z5_10.jpg,mitochondria,1,Z005,train,Z5_10.jpg
/content/drive/MyDrive/494_Project_test_3/COMI/dataset/BPAEC/mitochondria/Z005/Z5_11.jpg,mitochondria,1,Z005,train,Z5_11.jpg
/content/drive/MyDrive/494_Project_test_3/COMI/dataset/BPAEC/mitochondria/Z005/Z5_12.jpg,mitochondria,1,Z005,train,Z5_12.jpg
/content/drive/MyDrive/494_Project_test_3/COMI/dataset/BPAEC/mitochondria/Z005/Z5_13.jpg,mitochondria,1,Z005,train,Z5_13.jpg
/content/drive/MyDrive/494_Project_test_3/COMI/dataset/BPAEC/mitochondria/Z005/Z5_14.jpg,mitochondria,1,Z005,train,Z5_14.jpg
/content/drive/MyDrive/494_Project_test_3/COMI/dataset/BPAEC/mitochondria/Z005/Z5_15.jpg,mitochondria,1,Z005,train,Z5_15.jpg
/content/drive/MyDrive/494_Project_test_3/COMI/dataset/BPAEC/mitochondria/Z005/Z5_16.jpg,mitochondria,1,Z005,train,Z5_16.jpg
/content/drive/MyDrive/494_Project_test_3/COMI/dataset/BPAEC/mitochondria/Z005/Z5_17.jpg,mitochondria,1,Z005,train,Z5_17.jpg
/content/drive/MyDrive/494_Project_test_3/COMI/dataset/BPAEC/mitochondria/Z005/Z5_18.jpg,mitochondria,1,Z005,train,Z5_18.jpg
/content/drive/MyDrive/494_Project_test_3/COMI/dataset/BPAEC/mitochondria/Z005/Z5_19.jpg,mitochondria,1,Z005,train,Z5_19.jpg
/content/drive/MyDrive/494_Project_test_3/COMI/dataset/BPAEC/mitochondria/Z005/Z5_2.jpg,mitochondria,1,Z005,train,Z5_2.jpg
/content/drive/MyDrive/494_Project_test_3/COMI/dataset/BPAEC/mitochondria/Z005/Z5_20.jpg,mitochondria,1,Z005,train,Z5_20.jpg
/content/drive/MyDrive/494_Project_test_3/COMI/dataset/BPAEC/mitochondria/Z005/Z5_21.jpg,mitochondria,1,Z005,train,Z5_21.jpg
/content/drive/MyDrive/494_Project_test_3/COMI/dataset/BPAEC/mitochondria/Z005/Z5_22.jpg,mitochondria,1,Z005,train,Z5_22.jpg
/content/drive/MyDrive/494_Project_test_3/COMI/dataset/BPAEC/mitochondria/Z005/Z5_23.jpg,mitochondria,1,Z005,train,Z5_23.jpg
/content/drive/MyDrive/494_Project_test_3/COMI/dataset/BPAEC/mitochondria/Z005/Z5_24.jpg,mitochondria,1,Z005,train,Z5_24.jpg
/content/drive/MyDrive/494_Project_test_3/COMI/dataset/BPAEC/mitochondria/Z005/Z5_25.jpg,mitochondria,1,Z005,train,Z5_25.jpg
/content/drive/MyDrive/494_Project_test_3/COMI/dataset/BPAEC/mitochondria/Z005/Z5_26.jpg,mitochondria,1,Z005,train,Z5_26.jpg
/content/drive/MyDrive/494_Project_test_3/COMI/dataset/BPAEC/mitochondria/Z005/Z5_27.jpg,mitochondria,1,Z005,train,Z5_27.jpg
/content/drive/MyDrive/494_Project_test_3/COMI/dataset/BPAEC/mitochondria/Z005/Z5_28.jpg,mitochondria,1,Z005,train,Z5_28.jpg
/content/drive/MyDrive/494_Project_test_3/COMI/dataset/BPAEC/mitochondria/Z005/Z5_29.jpg,mitochondria,1,Z005,train,Z5_29.jpg
/content/drive/MyDrive/494_Project_test_3/COMI/dataset/BPAEC/mitochondria/Z005/Z5_3.jpg,mitochondria,1,Z005,train,Z5_3.jpg
/content/drive/MyDrive/494_Project_test_3/COMI/dataset/BPAEC/mitochondria/Z005/Z5_30.jpg,mitochondria,1,Z005,train,Z5_30.jpg
/content/drive/MyDrive/494_Project_test_3/COMI/dataset/BPAEC/mitochondria/Z005/Z5_31.jpg,mitochondria,1,Z005,train,Z5_31.jpg
/content/drive/MyDrive/494_Project_test_3/COMI/dataset/BPAEC/mitochondria/Z005/Z5_32.jpg,mitochondria,1,Z005,train,Z5_32.jpg
/content/drive/MyDrive/494_Project_test_3/COMI/dataset/BPAEC/mitochondria/Z005/Z5_33.jpg,mitochondria,1,Z005,train,Z5_33.jpg
/content/drive/MyDrive/494_Project_test_3/COMI/dataset/BPAEC/mitochondria/Z005/Z5_34.jpg,mitochondria,1,Z005,train,Z5_34.jpg
/content/drive/MyDrive/494_Project_test_3/COMI/dataset/BPAEC/mitochondria/Z005/Z5_35.jpg,mitochondria,1,Z005,train,Z5_35.jpg
/content/drive/MyDrive/494_Project_test_3/COMI/dataset/BPAEC/mitochondria/Z005/Z5_36.jpg,mitochondria,1,Z005,train,Z5_36.jpg
/content/drive/MyDrive/494_Project_test_3/COMI/dataset/BPAEC/mitochondria/Z005/Z5_37.jpg,mitochondria,1,Z005,train,Z5_37.jpg
/content/drive/MyDrive/494_Project_test_3/COMI/dataset/BPAEC/mitochondria/Z005/Z5_38.jpg,mitochondria,1,Z005,train,Z5_38.jpg
/content/drive/MyDrive/494_Project_test_3/COMI/dataset/BPAEC/mitochondria/Z005/Z5_39.jpg,mitochondria,1,Z005,train,Z5_39.jpg
/content/drive/MyDrive/494_Project_test_3/COMI/dataset/BPAEC/mitochondria/Z005/Z5_4.jpg,mitochondria,1,Z005,train,Z5_4.jpg
/content/drive/MyDrive/494_Project_test_3/COMI/dataset/BPAEC/mitochondria/Z005/Z5_40.jpg,mitochondria,1,Z005,train,Z5_40.jpg
/content/drive/MyDrive/494_Project_test_3/COMI/dataset/BPAEC/mitochondria/Z005/Z5_41.jpg,mitochondria,1,Z005,train,Z5_41.jpg
/content/drive/MyDrive/494_Project_test_3/COMI/dataset/BPAEC/mitochondria/Z005/Z5_42.jpg,mitochondria,1,Z005,train,Z5_42.jpg
/content/drive/MyDrive/494_Project_test_3/COMI/dataset/BPAEC/mitochondria/Z005/Z5_43.jpg,mitochondria,1,Z005,train,Z5_43.jpg
/content/drive/MyDrive/494_Project_test_3/COMI/dataset/BPAEC/mitochondria/Z005/Z5_44.jpg,mitochondria,1,Z005,train,Z5_44.jpg
/content/drive/MyDrive/494_Project_test_3/COMI/dataset/BPAEC/mitochondria/Z005/Z5_45.jpg,mitochondria,1,Z005,train,Z5_45.jpg
/content/drive/MyDrive/494_Project_test_3/COMI/dataset/BPAEC/mitochondria/Z005/Z5_46.jpg,mitochondria,1,Z005,train,Z5_46.jpg
/content/drive/MyDrive/494_Project_test_3/COMI/dataset/BPAEC/mitochondria/Z005/Z5_47.jpg,mitochondria,1,Z005,train,Z5_47.jpg
/content/drive/MyDrive/494_Project_test_3/COMI/dataset/BPAEC/mitochondria/Z005/Z5_48.jpg,mitochondria,1,Z005,train,Z5_48.jpg
/content/drive/MyDrive/494_Project_test_3/COMI/dataset/BPAEC/mitochondria/Z005/Z5_49.jpg,mitochondria,1,Z005,train,Z5_49.jpg
/content/drive/MyDrive/494_Project_test_3/COMI/dataset/BPAEC/mitochondria/Z005/Z5_5.jpg,mitochondria,1,Z005,train,Z5_5.jpg
/content/drive/MyDrive/494_Project_test_3/COMI/dataset/BPAEC/mitochondria/Z005/Z5_50.jpg,mitochondria,1,Z005,train,Z5_50.jpg
/content/drive/MyDrive/494_Project_test_3/COMI/dataset/BPAEC/mitochondria/Z005/Z5_51.jpg,mitochondria,1,Z005,train,Z5_51.jpg
/content/drive/MyDrive/494_Project_test_3/COMI/dataset/BPAEC/mitochondria/Z005/Z5_52.jpg,mitochondria,1,Z005,train,Z5_52.jpg
/content/drive/MyDrive/494_Project_test_3/COMI/dataset/BPAEC/mitochondria/Z005/Z5_53.jpg,mitochondria,1,Z005,train,Z5_53.jpg
/content/drive/MyDrive/494_Project_test_3/COMI/dataset/BPAEC/mitochondria/Z005/Z5_54.jpg,mitochondria,1,Z005,train,Z5_54.jpg
/content/drive/MyDrive/494_Project_test_3/COMI/dataset/BPAEC/mitochondria/Z005/Z5_55.jpg,mitochondria,1,Z005,train,Z5_55.jpg
/content/drive/MyDrive/494_Project_test_3/COMI/dataset/BPAEC/mitochondria/Z005/Z5_56.jpg,mitochondria,1,Z005,train,Z5_56.jpg
/content/drive/MyDrive/494_Project_test_3/COMI/dataset/BPAEC/mitochondria/Z005/Z5_57.jpg,mitochondria,1,Z005,train,Z5_57.jpg
/content/drive/MyDrive/494_Project_test_3/COMI/dataset/BPAEC/mitochondria/Z005/Z5_58.jpg,mitochondria,1,Z005,train,Z5_58.jpg
/content/drive/MyDrive/494_Project_test_3/COMI/dataset/BPAEC/mitochondria/Z005/Z5_59.jpg,mitochondria,1,Z005,train,Z5_59.jpg
/content/drive/MyDrive/494_Project_test_3/COMI/dataset/BPAEC/mitochondria/Z005/Z5_6.jpg,mitochondria,1,Z005,train,Z5_6.jpg
/content/drive/MyDrive/494_Project_test_3/COMI/dataset/BPAEC/mitochondria/Z005/Z5_60.jpg,mitochondria,1,Z005,train,Z5_60.jpg
/content/drive/MyDrive/494_Project_test_3/COMI/dataset/BPAEC/mitochondria/Z005/Z5_61.jpg,mitochondria,1,Z005,train,Z5_61.jpg
/content/drive/MyDrive/494_Project_test_3/COMI/dataset/BPAEC/mitochondria/Z005/Z5_62.jpg,mitochondria,1,Z005,train,Z5_62.jpg
/content/drive/MyDrive/494_Project_test_3/COMI/dataset/BPAEC/mitochondria/Z005/Z5_63.jpg,mitochondria,1,Z005,train,Z5_63.jpg
/content/drive/MyDrive/494_Project_test_3/COMI/dataset/BPAEC/mitochondria/Z005/Z5_64.jpg,mitochondria,1,Z005,train,Z5_64.jpg
/content/drive/MyDrive/494_Project_test_3/COMI/dataset/BPAEC/mitochondria/Z005/Z5_65.jpg,mitochondria,1,Z005,train,Z5_65.jpg
/content/drive/MyDrive/494_Project_test_3/COMI/dataset/BPAEC/mitochondria/Z005/Z5_66.jpg,mitochondria,1,Z005,train,Z5_66.jpg
/content/drive/MyDrive/494_Project_test_3/COMI/dataset/BPAEC/mitochondria/Z005/Z5_67.jpg,mitochondria,1,Z005,train,Z5_67.jpg
/content/drive/MyDrive/494_Project_test_3/COMI/dataset/BPAEC/mitochondria/Z005/Z5_68.jpg,mitochondria,1,Z005,train,Z5_68.jpg
/content/drive/MyDrive/494_Project_test_3/COMI/dataset/BPAEC/mitochondria/Z005/Z5_69.jpg,mitochondria,1,Z005,train,Z5_69.jpg
/content/drive/MyDrive/494_Project_test_3/COMI/dataset/BPAEC/mitochondria/Z005/Z5_7.jpg,mitochondria,1,Z005,train,Z5_7.jpg
/content/drive/MyDrive/494_Project_test_3/COMI/dataset/BPAEC/mitochondria/Z005/Z5_70.jpg,mitochondria,1,Z005,train,Z5_70.jpg
/content/drive/MyDrive/494_Project_test_3/COMI/dataset/BPAEC/mitochondria/Z005/Z5_71.jpg,mitochondria,1,Z005,train,Z5_71.jpg
/content/drive/MyDrive/494_Project_test_3/COMI/dataset/BPAEC/mitochondria/Z005/Z5_72.jpg,mitochondria,1,Z005,train,Z5_72.jpg
/content/drive/MyDrive/494_Project_test_3/COMI/dataset/BPAEC/mitochondria/Z005/Z5_73.jpg,mitochondria,1,Z005,train,Z5_73.jpg
/content/drive/MyDrive/494_Project_test_3/COMI/dataset/BPAEC/mitochondria/Z005/Z5_74.jpg,mitochondria,1,Z005,train,Z5_74.jpg
/content/drive/MyDrive/494_Project_test_3/COMI/dataset/BPAEC/mitochondria/Z005/Z5_75.jpg,mitochondria,1,Z005,train,Z5_75.jpg
/content/drive/MyDrive/494_Project_test_3/COMI/dataset/BPAEC/mitochondria/Z005/Z5_76.jpg,mitochondria,1,Z005,train,Z5_76.jpg
/content/drive/MyDrive/494_Project_test_3/COMI/dataset/BPAEC/mitochondria/Z005/Z5_77.jpg,mitochondria,1,Z005,train,Z5_77.jpg
/content/drive/MyDrive/494_Project_test_3/COMI/dataset/BPAEC/mitochondria/Z005/Z5_78.jpg,mitochondria,1,Z005,train,Z5_78.jpg
/content/drive/MyDrive/494_Project_test_3/COMI/dataset/BPAEC/mitochondria/Z005/Z5_79.jpg,mitochondria,1,Z005,train,Z5_79.jpg
/content/drive/MyDrive/494_Project_test_3/COMI/dataset/BPAEC/mitochondria/Z005/Z5_8.jpg,mitochondria,1,Z005,train,Z5_8.jpg
/content/drive/MyDrive/494_Project_test_3/COMI/dataset/BPAEC/mitochondria/Z005/Z5_80.jpg,mitochondria,1,Z005,train,Z5_80.jpg
/content/drive/MyDrive/494_Project_test_3/COMI/dataset/BPAEC/mitochondria/Z005/Z5_81.jpg,mitochondria,1,Z005,train,Z5_81.jpg
/content/drive/MyDrive/494_Project_test_3/COMI/dataset/BPAEC/mitochondria/Z005/Z5_82.jpg,mitochondria,1,Z005,train,Z5_82.jpg
/content/drive/MyDrive/494_Project_test_3/COMI/dataset/BPAEC/mitochondria/Z005/Z5_83.jpg,mitochondria,1,Z005,train,Z5_83.jpg
/content/drive/MyDrive/494_Project_test_3/COMI/dataset/BPAEC/mitochondria/Z005/Z5_84.jpg,mitochondria,1,Z005,train,Z5_84.jpg
/content/drive/MyDrive/494_Project_test_3/COMI/dataset/BPAEC/mitochondria/Z005/Z5_85.jpg,mitochondria,1,Z005,train,Z5_85.jpg
/content/drive/MyDrive/494_Project_test_3/COMI/dataset/BPAEC/mitochondria/Z005/Z5_86.jpg,mitochondria,1,Z005,train,Z5_86.jpg
/content/drive/MyDrive/494_Project_test_3/COMI/dataset/BPAEC/mitochondria/Z005/Z5_87.jpg,mitochondria,1,Z005,train,Z5_87.jpg
/content/drive/MyDrive/494_Project_test_3/COMI/dataset/BPAEC/mitochondria/Z005/Z5_88.jpg,mitochondria,1,Z005,train,Z5_88.jpg
/content/drive/MyDrive/494_Project_test_3/COMI/dataset/BPAEC/mitochondria/Z005/Z5_89.jpg,mitochondria,1,Z005,train,Z5_89.jpg
/content/drive/MyDrive/494_Project_test_3/COMI/dataset/BPAEC/mitochondria/Z005/Z5_9.jpg,mitochondria,1,Z005,train,Z5_9.jpg
/content/drive/MyDrive/494_Project_test_3/COMI/dataset/BPAEC/mitochondria/Z005/Z5_90.jpg,mitochondria,1,Z005,train,Z5_90.jpg
/content/drive/MyDrive/494_Project_test_3/COMI/dataset/BPAEC/mitochondria/Z005/Z5_91.jpg,mitochondria,1,Z005,train,Z5_91.jpg
/content/drive/MyDrive/494_Project_test_3/COMI/dataset/BPAEC/mitochondria/Z005/Z5_92.jpg,mitochondria,1,Z005,train,Z5_92.jpg
/content/drive/MyDrive/494_Project_test_3/COMI/dataset/BPAEC/mitochondria/Z005/Z5_93.jpg,mitochondria,1,Z005,train,Z5_93.jpg
/content/drive/MyDrive/494_Project_test_3/COMI/dataset/BPAEC/mitochondria/Z005/Z5_94.jpg,mitochondria,1,Z005,train,Z5_94.jpg
/content/drive/MyDrive/494_Project_test_3/COMI/dataset/BPAEC/mitochondria/Z005/Z5_95.jpg,mitochondria,1,Z005,train,Z5_95.jpg
/content/drive/MyDrive/494_Project_test_3/COMI/dataset/BPAEC/mitochondria/Z005/Z5_96.jpg,mitochondria,1,Z005,train,Z5_96.jpg
/content/drive/MyDrive/494_Project_test_3/COMI/dataset/BPAEC/mitochondria/Z006/Z6_0.jpg,mitochondria,1,Z006,train,Z6_0.jpg
/content/drive/MyDrive/494_Project_test_3/COMI/dataset/BPAEC/mitochondria/Z006/Z6_1.jpg,mitochondria,1,Z006,train,Z6_1.jpg
/content/drive/MyDrive/494_Project_test_3/COMI/dataset/BPAEC/mitochondria/Z006/Z6_10.jpg,mitochondria,1,Z006,train,Z6_10.jpg
/content/drive/MyDrive/494_Project_test_3/COMI/dataset/BPAEC/mitochondria/Z006/Z6_11.jpg,mitochondria,1,Z006,train,Z6_11.jpg
/content/drive/MyDrive/494_Project_test_3/COMI/dataset/BPAEC/mitochondria/Z006/Z6_12.jpg,mitochondria,1,Z006,train,Z6_12.jpg
/content/drive/MyDrive/494_Project_test_3/COMI/dataset/BPAEC/mitochondria/Z006/Z6_13.jpg,mitochondria,1,Z006,train,Z6_13.jpg
/content/drive/MyDrive/494_Project_test_3/COMI/dataset/BPAEC/mitochondria/Z006/Z6_14.jpg,mitochondria,1,Z006,train,Z6_14.jpg
/content/drive/MyDrive/494_Project_test_3/COMI/dataset/BPAEC/mitochondria/Z006/Z6_15.jpg,mitochondria,1,Z006,train,Z6_15.jpg
/content/drive/MyDrive/494_Project_test_3/COMI/dataset/BPAEC/mitochondria/Z006/Z6_16.jpg,mitochondria,1,Z006,train,Z6_16.jpg
/content/drive/MyDrive/494_Project_test_3/COMI/dataset/BPAEC/mitochondria/Z006/Z6_17.jpg,mitochondria,1,Z006,train,Z6_17.jpg
/content/drive/MyDrive/494_Project_test_3/COMI/dataset/BPAEC/mitochondria/Z006/Z6_18.jpg,mitochondria,1,Z006,train,Z6_18.jpg
/content/drive/MyDrive/494_Project_test_3/COMI/dataset/BPAEC/mitochondria/Z006/Z6_19.jpg,mitochondria,1,Z006,train,Z6_19.jpg
/content/drive/MyDrive/494_Project_test_3/COMI/dataset/BPAEC/mitochondria/Z006/Z6_2.jpg,mitochondria,1,Z006,train,Z6_2.jpg
/content/drive/MyDrive/494_Project_test_3/COMI/dataset/BPAEC/mitochondria/Z006/Z6_20.jpg,mitochondria,1,Z006,train,Z6_20.jpg
/content/drive/MyDrive/494_Project_test_3/COMI/dataset/BPAEC/mitochondria/Z006/Z6_21.jpg,mitochondria,1,Z006,train,Z6_21.jpg
/content/drive/MyDrive/494_Project_test_3/COMI/dataset/BPAEC/mitochondria/Z006/Z6_22.jpg,mitochondria,1,Z006,train,Z6_22.jpg
/content/drive/MyDrive/494_Project_test_3/COMI/dataset/BPAEC/mitochondria/Z006/Z6_23.jpg,mitochondria,1,Z006,train,Z6_23.jpg
/content/drive/MyDrive/494_Project_test_3/COMI/dataset/BPAEC/mitochondria/Z006/Z6_24.jpg,mitochondria,1,Z006,train,Z6_24.jpg
/content/drive/MyDrive/494_Project_test_3/COMI/dataset/BPAEC/mitochondria/Z006/Z6_25.jpg,mitochondria,1,Z006,train,Z6_25.jpg
/content/drive/MyDrive/494_Project_test_3/COMI/dataset/BPAEC/mitochondria/Z006/Z6_26.jpg,mitochondria,1,Z006,train,Z6_26.jpg
/content/drive/MyDrive/494_Project_test_3/COMI/dataset/BPAEC/mitochondria/Z006/Z6_27.jpg,mitochondria,1,Z006,train,Z6_27.jpg
/content/drive/MyDrive/494_Project_test_3/COMI/dataset/BPAEC/mitochondria/Z006/Z6_28.jpg,mitochondria,1,Z006,train,Z6_28.jpg
/content/drive/MyDrive/494_Project_test_3/COMI/dataset/BPAEC/mitochondria/Z006/Z6_29.jpg,mitochondria,1,Z006,train,Z6_29.jpg
/content/drive/MyDrive/494_Project_test_3/COMI/dataset/BPAEC/mitochondria/Z006/Z6_3.jpg,mitochondria,1,Z006,train,Z6_3.jpg
/content/drive/MyDrive/494_Project_test_3/COMI/dataset/BPAEC/mitochondria/Z006/Z6_30.jpg,mitochondria,1,Z006,train,Z6_30.jpg
/content/drive/MyDrive/494_Project_test_3/COMI/dataset/BPAEC/mitochondria/Z006/Z6_31.jpg,mitochondria,1,Z006,train,Z6_31.jpg
/content/drive/MyDrive/494_Project_test_3/COMI/dataset/BPAEC/mitochondria/Z006/Z6_32.jpg,mitochondria,1,Z006,train,Z6_32.jpg
/content/drive/MyDrive/494_Project_test_3/COMI/dataset/BPAEC/mitochondria/Z006/Z6_33.jpg,mitochondria,1,Z006,train,Z6_33.jpg
/content/drive/MyDrive/494_Project_test_3/COMI/dataset/BPAEC/mitochondria/Z006/Z6_34.jpg,mitochondria,1,Z006,train,Z6_34.jpg
/content/drive/MyDrive/494_Project_test_3/COMI/dataset/BPAEC/mitochondria/Z006/Z6_35.jpg,mitochondria,1,Z006,train,Z6_35.jpg
/content/drive/MyDrive/494_Project_test_3/COMI/dataset/BPAEC/mitochondria/Z006/Z6_36.jpg,mitochondria,1,Z006,train,Z6_36.jpg
/content/drive/MyDrive/494_Project_test_3/COMI/dataset/BPAEC/mitochondria/Z006/Z6_37.jpg,mitochondria,1,Z006,train,Z6_37.jpg
/content/drive/MyDrive/494_Project_test_3/COMI/dataset/BPAEC/mitochondria/Z006/Z6_38.jpg,mitochondria,1,Z006,train,Z6_38.jpg
/content/drive/MyDrive/494_Project_test_3/COMI/dataset/BPAEC/mitochondria/Z006/Z6_39.jpg,mitochondria,1,Z006,train,Z6_39.jpg
/content/drive/MyDrive/494_Project_test_3/COMI/dataset/BPAEC/mitochondria/Z006/Z6_4.jpg,mitochondria,1,Z006,train,Z6_4.jpg
/content/drive/MyDrive/494_Project_test_3/COMI/dataset/BPAEC/mitochondria/Z006/Z6_40.jpg,mitochondria,1,Z006,train,Z6_40.jpg
/content/drive/MyDrive/494_Project_test_3/COMI/dataset/BPAEC/mitochondria/Z006/Z6_41.jpg,mitochondria,1,Z006,train,Z6_41.jpg
/content/drive/MyDrive/494_Project_test_3/COMI/dataset/BPAEC/mitochondria/Z006/Z6_42.jpg,mitochondria,1,Z006,train,Z6_42.jpg
/content/drive/MyDrive/494_Project_test_3/COMI/dataset/BPAEC/mitochondria/Z006/Z6_43.jpg,mitochondria,1,Z006,train,Z6_43.jpg
/content/drive/MyDrive/494_Project_test_3/COMI/dataset/BPAEC/mitochondria/Z006/Z6_44.jpg,mitochondria,1,Z006,train,Z6_44.jpg
/content/drive/MyDrive/494_Project_test_3/COMI/dataset/BPAEC/mitochondria/Z006/Z6_45.jpg,mitochondria,1,Z006,train,Z6_45.jpg
/content/drive/MyDrive/494_Project_test_3/COMI/dataset/BPAEC/mitochondria/Z006/Z6_46.jpg,mitochondria,1,Z006,train,Z6_46.jpg
/content/drive/MyDrive/494_Project_test_3/COMI/dataset/BPAEC/mitochondria/Z006/Z6_47.jpg,mitochondria,1,Z006,train,Z6_47.jpg
/content/drive/MyDrive/494_Project_test_3/COMI/dataset/BPAEC/mitochondria/Z006/Z6_48.jpg,mitochondria,1,Z006,train,Z6_48.jpg
/content/drive/MyDrive/494_Project_test_3/COMI/dataset/BPAEC/mitochondria/Z006/Z6_49.jpg,mitochondria,1,Z006,train,Z6_49.jpg
/content/drive/MyDrive/494_Project_test_3/COMI/dataset/BPAEC/mitochondria/Z006/Z6_5.jpg,mitochondria,1,Z006,train,Z6_5.jpg
/content/drive/MyDrive/494_Project_test_3/COMI/dataset/BPAEC/mitochondria/Z006/Z6_50.jpg,mitochondria,1,Z006,train,Z6_50.jpg
/content/drive/MyDrive/494_Project_test_3/COMI/dataset/BPAEC/mitochondria/Z006/Z6_51.jpg,mitochondria,1,Z006,train,Z6_51.jpg
/content/drive/MyDrive/494_Project_test_3/COMI/dataset/BPAEC/mitochondria/Z006/Z6_52.jpg,mitochondria,1,Z006,train,Z6_52.jpg
/content/drive/MyDrive/494_Project_test_3/COMI/dataset/BPAEC/mitochondria/Z006/Z6_53.jpg,mitochondria,1,Z006,train,Z6_53.jpg
/content/drive/MyDrive/494_Project_test_3/COMI/dataset/BPAEC/mitochondria/Z006/Z6_54.jpg,mitochondria,1,Z006,train,Z6_54.jpg
/content/drive/MyDrive/494_Project_test_3/COMI/dataset/BPAEC/mitochondria/Z006/Z6_55.jpg,mitochondria,1,Z006,train,Z6_55.jpg
/content/drive/MyDrive/494_Project_test_3/COMI/dataset/BPAEC/mitochondria/Z006/Z6_56.jpg,mitochondria,1,Z006,train,Z6_56.jpg
/content/drive/MyDrive/494_Project_test_3/COMI/dataset/BPAEC/mitochondria/Z006/Z6_57.jpg,mitochondria,1,Z006,train,Z6_57.jpg
/content/drive/MyDrive/494_Project_test_3/COMI/dataset/BPAEC/mitochondria/Z006/Z6_58.jpg,mitochondria,1,Z006,train,Z6_58.jpg
/content/drive/MyDrive/494_Project_test_3/COMI/dataset/BPAEC/mitochondria/Z006/Z6_59.jpg,mitochondria,1,Z006,train,Z6_59.jpg
/content/drive/MyDrive/494_Project_test_3/COMI/dataset/BPAEC/mitochondria/Z006/Z6_6.jpg,mitochondria,1,Z006,train,Z6_6.jpg
/content/drive/MyDrive/494_Project_test_3/COMI/dataset/BPAEC/mitochondria/Z006/Z6_60.jpg,mitochondria,1,Z006,train,Z6_60.jpg
/content/drive/MyDrive/494_Project_test_3/COMI/dataset/BPAEC/mitochondria/Z006/Z6_61.jpg,mitochondria,1,Z006,train,Z6_61.jpg
/content/drive/MyDrive/494_Project_test_3/COMI/dataset/BPAEC/mitochondria/Z006/Z6_62.jpg,mitochondria,1,Z006,train,Z6_62.jpg
/content/drive/MyDrive/494_Project_test_3/COMI/dataset/BPAEC/mitochondria/Z006/Z6_63.jpg,mitochondria,1,Z006,train,Z6_63.jpg
/content/drive/MyDrive/494_Project_test_3/COMI/dataset/BPAEC/mitochondria/Z006/Z6_64.jpg,mitochondria,1,Z006,train,Z6_64.jpg
/content/drive/MyDrive/494_Project_test_3/COMI/dataset/BPAEC/mitochondria/Z006/Z6_65.jpg,mitochondria,1,Z006,train,Z6_65.jpg
/content/drive/MyDrive/494_Project_test_3/COMI/dataset/BPAEC/mitochondria/Z006/Z6_66.jpg,mitochondria,1,Z006,train,Z6_66.jpg
/content/drive/MyDrive/494_Project_test_3/COMI/dataset/BPAEC/mitochondria/Z006/Z6_67.jpg,mitochondria,1,Z006,train,Z6_67.jpg
/content/drive/MyDrive/494_Project_test_3/COMI/dataset/BPAEC/mitochondria/Z006/Z6_68.jpg,mitochondria,1,Z006,train,Z6_68.jpg
/content/drive/MyDrive/494_Project_test_3/COMI/dataset/BPAEC/mitochondria/Z006/Z6_69.jpg,mitochondria,1,Z006,train,Z6_69.jpg
/content/drive/MyDrive/494_Project_test_3/COMI/dataset/BPAEC/mitochondria/Z006/Z6_7.jpg,mitochondria,1,Z006,train,Z6_7.jpg
/content/drive/MyDrive/494_Project_test_3/COMI/dataset/BPAEC/mitochondria/Z006/Z6_70.jpg,mitochondria,1,Z006,train,Z6_70.jpg
/content/drive/MyDrive/494_Project_test_3/COMI/dataset/BPAEC/mitochondria/Z006/Z6_71.jpg,mitochondria,1,Z006,train,Z6_71.jpg
/content/drive/MyDrive/494_Project_test_3/COMI/dataset/BPAEC/mitochondria/Z006/Z6_72.jpg,mitochondria,1,Z006,train,Z6_72.jpg
/content/drive/MyDrive/494_Project_test_3/COMI/dataset/BPAEC/mitochondria/Z006/Z6_73.jpg,mitochondria,1,Z006,train,Z6_73.jpg
/content/drive/MyDrive/494_Project_test_3/COMI/dataset/BPAEC/mitochondria/Z006/Z6_74.jpg,mitochondria,1,Z006,train,Z6_74.jpg
/content/drive/MyDrive/494_Project_test_3/COMI/dataset/BPAEC/mitochondria/Z006/Z6_75.jpg,mitochondria,1,Z006,train,Z6_75.jpg
/content/drive/MyDrive/494_Project_test_3/COMI/dataset/BPAEC/mitochondria/Z006/Z6_76.jpg,mitochondria,1,Z006,train,Z6_76.jpg
/content/drive/MyDrive/494_Project_test_3/COMI/dataset/BPAEC/mitochondria/Z006/Z6_77.jpg,mitochondria,1,Z006,train,Z6_77.jpg
/content/drive/MyDrive/494_Project_test_3/COMI/dataset/BPAEC/mitochondria/Z006/Z6_78.jpg,mitochondria,1,Z006,train,Z6_78.jpg
/content/drive/MyDrive/494_Project_test_3/COMI/dataset/BPAEC/mitochondria/Z006/Z6_79.jpg,mitochondria,1,Z006,train,Z6_79.jpg
/content/drive/MyDrive/494_Project_test_3/COMI/dataset/BPAEC/mitochondria/Z006/Z6_8.jpg,mitochondria,1,Z006,train,Z6_8.jpg
/content/drive/MyDrive/494_Project_test_3/COMI/dataset/BPAEC/mitochondria/Z006/Z6_80.jpg,mitochondria,1,Z006,train,Z6_80.jpg
/content/drive/MyDrive/494_Project_test_3/COMI/dataset/BPAEC/mitochondria/Z006/Z6_81.jpg,mitochondria,1,Z006,train,Z6_81.jpg
/content/drive/MyDrive/494_Project_test_3/COMI/dataset/BPAEC/mitochondria/Z006/Z6_82.jpg,mitochondria,1,Z006,train,Z6_82.jpg
/content/drive/MyDrive/494_Project_test_3/COMI/dataset/BPAEC/mitochondria/Z006/Z6_83.jpg,mitochondria,1,Z006,train,Z6_83.jpg
/content/drive/MyDrive/494_Project_test_3/COMI/dataset/BPAEC/mitochondria/Z006/Z6_84.jpg,mitochondria,1,Z006,train,Z6_84.jpg
/content/drive/MyDrive/494_Project_test_3/COMI/dataset/BPAEC/mitochondria/Z006/Z6_85.jpg,mitochondria,1,Z006,train,Z6_85.jpg
/content/drive/MyDrive/494_Project_test_3/COMI/dataset/BPAEC/mitochondria/Z006/Z6_86.jpg,mitochondria,1,Z006,train,Z6_86.jpg
/content/drive/MyDrive/494_Project_test_3/COMI/dataset/BPAEC/mitochondria/Z006/Z6_87.jpg,mitochondria,1,Z006,train,Z6_87.jpg
/content/drive/MyDrive/494_Project_test_3/COMI/dataset/BPAEC/mitochondria/Z006/Z6_88.jpg,mitochondria,1,Z006,train,Z6_88.jpg
/content/drive/MyDrive/494_Project_test_3/COMI/dataset/BPAEC/mitochondria/Z006/Z6_89.jpg,mitochondria,1,Z006,train,Z6_89.jpg
/content/drive/MyDrive/494_Project_test_3/COMI/dataset/BPAEC/mitochondria/Z006/Z6_9.jpg,mitochondria,1,Z006,train,Z6_9.jpg
/content/drive/MyDrive/494_Project_test_3/COMI/dataset/BPAEC/mitochondria/Z006/Z6_90.jpg,mitochondria,1,Z006,train,Z6_90.jpg
/content/drive/MyDrive/494_Project_test_3/COMI/dataset/BPAEC/mitochondria/Z006/Z6_91.jpg,mitochondria,1,Z006,train,Z6_91.jpg
/content/drive/MyDrive/494_Project_test_3/COMI/dataset/BPAEC/mitochondria/Z006/Z6_92.jpg,mitochondria,1,Z006,train,Z6_92.jpg
/content/drive/MyDrive/494_Project_test_3/COMI/dataset/BPAEC/mitochondria/Z006/Z6_93.jpg,mitochondria,1,Z006,train,Z6_93.jpg
/content/drive/MyDrive/494_Project_test_3/COMI/dataset/BPAEC/mitochondria/Z006/Z6_94.jpg,mitochondria,1,Z006,train,Z6_94.jpg
/content/drive/MyDrive/494_Project_test_3/COMI/dataset/BPAEC/mitochondria/Z006/Z6_95.jpg,mitochondria,1,Z006,train,Z6_95.jpg
/content/drive/MyDrive/494_Project_test_3/COMI/dataset/BPAEC/mitochondria/Z006/Z6_96.jpg,mitochondria,1,Z006,train,Z6_96.jpg
/content/drive/MyDrive/494_Project_test_3/COMI/dataset/BPAEC/mitochondria/Z007/Z7_0.jpg,mitochondria,1,Z007,train,Z7_0.jpg
/content/drive/MyDrive/494_Project_test_3/COMI/dataset/BPAEC/mitochondria/Z007/Z7_1.jpg,mitochondria,1,Z007,train,Z7_1.jpg
/content/drive/MyDrive/494_Project_test_3/COMI/dataset/BPAEC/mitochondria/Z007/Z7_10.jpg,mitochondria,1,Z007,train,Z7_10.jpg
/content/drive/MyDrive/494_Project_test_3/COMI/dataset/BPAEC/mitochondria/Z007/Z7_11.jpg,mitochondria,1,Z007,train,Z7_11.jpg
/content/drive/MyDrive/494_Project_test_3/COMI/dataset/BPAEC/mitochondria/Z007/Z7_12.jpg,mitochondria,1,Z007,train,Z7_12.jpg
/content/drive/MyDrive/494_Project_test_3/COMI/dataset/BPAEC/mitochondria/Z007/Z7_13.jpg,mitochondria,1,Z007,train,Z7_13.jpg
/content/drive/MyDrive/494_Project_test_3/COMI/dataset/BPAEC/mitochondria/Z007/Z7_14.jpg,mitochondria,1,Z007,train,Z7_14.jpg
/content/drive/MyDrive/494_Project_test_3/COMI/dataset/BPAEC/mitochondria/Z007/Z7_15.jpg,mitochondria,1,Z007,train,Z7_15.jpg
/content/drive/MyDrive/494_Project_test_3/COMI/dataset/BPAEC/mitochondria/Z007/Z7_16.jpg,mitochondria,1,Z007,train,Z7_16.jpg
/content/drive/MyDrive/494_Project_test_3/COMI/dataset/BPAEC/mitochondria/Z007/Z7_17.jpg,mitochondria,1,Z007,train,Z7_17.jpg
/content/drive/MyDrive/494_Project_test_3/COMI/dataset/BPAEC/mitochondria/Z007/Z7_18.jpg,mitochondria,1,Z007,train,Z7_18.jpg
/content/drive/MyDrive/494_Project_test_3/COMI/dataset/BPAEC/mitochondria/Z007/Z7_19.jpg,mitochondria,1,Z007,train,Z7_19.jpg
/content/drive/MyDrive/494_Project_test_3/COMI/dataset/BPAEC/mitochondria/Z007/Z7_2.jpg,mitochondria,1,Z007,train,Z7_2.jpg
/content/drive/MyDrive/494_Project_test_3/COMI/dataset/BPAEC/mitochondria/Z007/Z7_20.jpg,mitochondria,1,Z007,train,Z7_20.jpg
/content/drive/MyDrive/494_Project_test_3/COMI/dataset/BPAEC/mitochondria/Z007/Z7_21.jpg,mitochondria,1,Z007,train,Z7_21.jpg
/content/drive/MyDrive/494_Project_test_3/COMI/dataset/BPAEC/mitochondria/Z007/Z7_22.jpg,mitochondria,1,Z007,train,Z7_22.jpg
/content/drive/MyDrive/494_Project_test_3/COMI/dataset/BPAEC/mitochondria/Z007/Z7_23.jpg,mitochondria,1,Z007,train,Z7_23.jpg
/content/drive/MyDrive/494_Project_test_3/COMI/dataset/BPAEC/mitochondria/Z007/Z7_24.jpg,mitochondria,1,Z007,train,Z7_24.jpg
/content/drive/MyDrive/494_Project_test_3/COMI/dataset/BPAEC/mitochondria/Z007/Z7_25.jpg,mitochondria,1,Z007,train,Z7_25.jpg
/content/drive/MyDrive/494_Project_test_3/COMI/dataset/BPAEC/mitochondria/Z007/Z7_26.jpg,mitochondria,1,Z007,train,Z7_26.jpg
/content/drive/MyDrive/494_Project_test_3/COMI/dataset/BPAEC/mitochondria/Z007/Z7_27.jpg,mitochondria,1,Z007,train,Z7_27.jpg
/content/drive/MyDrive/494_Project_test_3/COMI/dataset/BPAEC/mitochondria/Z007/Z7_28.jpg,mitochondria,1,Z007,train,Z7_28.jpg
/content/drive/MyDrive/494_Project_test_3/COMI/dataset/BPAEC/mitochondria/Z007/Z7_29.jpg,mitochondria,1,Z007,train,Z7_29.jpg
/content/drive/MyDrive/494_Project_test_3/COMI/dataset/BPAEC/mitochondria/Z007/Z7_3.jpg,mitochondria,1,Z007,train,Z7_3.jpg
/content/drive/MyDrive/494_Project_test_3/COMI/dataset/BPAEC/mitochondria/Z007/Z7_30.jpg,mitochondria,1,Z007,train,Z7_30.jpg
/content/drive/MyDrive/494_Project_test_3/COMI/dataset/BPAEC/mitochondria/Z007/Z7_31.jpg,mitochondria,1,Z007,train,Z7_31.jpg
/content/drive/MyDrive/494_Project_test_3/COMI/dataset/BPAEC/mitochondria/Z007/Z7_32.jpg,mitochondria,1,Z007,train,Z7_32.jpg
/content/drive/MyDrive/494_Project_test_3/COMI/dataset/BPAEC/mitochondria/Z007/Z7_33.jpg,mitochondria,1,Z007,train,Z7_33.jpg
/content/drive/MyDrive/494_Project_test_3/COMI/dataset/BPAEC/mitochondria/Z007/Z7_34.jpg,mitochondria,1,Z007,train,Z7_34.jpg
/content/drive/MyDrive/494_Project_test_3/COMI/dataset/BPAEC/mitochondria/Z007/Z7_35.jpg,mitochondria,1,Z007,train,Z7_35.jpg
/content/drive/MyDrive/494_Project_test_3/COMI/dataset/BPAEC/mitochondria/Z007/Z7_36.jpg,mitochondria,1,Z007,train,Z7_36.jpg
/content/drive/MyDrive/494_Project_test_3/COMI/dataset/BPAEC/mitochondria/Z007/Z7_37.jpg,mitochondria,1,Z007,train,Z7_37.jpg
/content/drive/MyDrive/494_Project_test_3/COMI/dataset/BPAEC/mitochondria/Z007/Z7_38.jpg,mitochondria,1,Z007,train,Z7_38.jpg
/content/drive/MyDrive/494_Project_test_3/COMI/dataset/BPAEC/mitochondria/Z007/Z7_39.jpg,mitochondria,1,Z007,train,Z7_39.jpg
/content/drive/MyDrive/494_Project_test_3/COMI/dataset/BPAEC/mitochondria/Z007/Z7_4.jpg,mitochondria,1,Z007,train,Z7_4.jpg
/content/drive/MyDrive/494_Project_test_3/COMI/dataset/BPAEC/mitochondria/Z007/Z7_40.jpg,mitochondria,1,Z007,train,Z7_40.jpg
/content/drive/MyDrive/494_Project_test_3/COMI/dataset/BPAEC/mitochondria/Z007/Z7_41.jpg,mitochondria,1,Z007,train,Z7_41.jpg
/content/drive/MyDrive/494_Project_test_3/COMI/dataset/BPAEC/mitochondria/Z007/Z7_42.jpg,mitochondria,1,Z007,train,Z7_42.jpg
/content/drive/MyDrive/494_Project_test_3/COMI/dataset/BPAEC/mitochondria/Z007/Z7_43.jpg,mitochondria,1,Z007,train,Z7_43.jpg
/content/drive/MyDrive/494_Project_test_3/COMI/dataset/BPAEC/mitochondria/Z007/Z7_44.jpg,mitochondria,1,Z007,train,Z7_44.jpg
/content/drive/MyDrive/494_Project_test_3/COMI/dataset/BPAEC/mitochondria/Z007/Z7_45.jpg,mitochondria,1,Z007,train,Z7_45.jpg
/content/drive/MyDrive/494_Project_test_3/COMI/dataset/BPAEC/mitochondria/Z007/Z7_46.jpg,mitochondria,1,Z007,train,Z7_46.jpg
/content/drive/MyDrive/494_Project_test_3/COMI/dataset/BPAEC/mitochondria/Z007/Z7_47.jpg,mitochondria,1,Z007,train,Z7_47.jpg
/content/drive/MyDrive/494_Project_test_3/COMI/dataset/BPAEC/mitochondria/Z007/Z7_48.jpg,mitochondria,1,Z007,train,Z7_48.jpg
/content/drive/MyDrive/494_Project_test_3/COMI/dataset/BPAEC/mitochondria/Z007/Z7_49.jpg,mitochondria,1,Z007,train,Z7_49.jpg
/content/drive/MyDrive/494_Project_test_3/COMI/dataset/BPAEC/mitochondria/Z007/Z7_5.jpg,mitochondria,1,Z007,train,Z7_5.jpg
/content/drive/MyDrive/494_Project_test_3/COMI/dataset/BPAEC/mitochondria/Z007/Z7_50.jpg,mitochondria,1,Z007,train,Z7_50.jpg
/content/drive/MyDrive/494_Project_test_3/COMI/dataset/BPAEC/mitochondria/Z007/Z7_51.jpg,mitochondria,1,Z007,train,Z7_51.jpg
/content/drive/MyDrive/494_Project_test_3/COMI/dataset/BPAEC/mitochondria/Z007/Z7_52.jpg,mitochondria,1,Z007,train,Z7_52.jpg
/content/drive/MyDrive/494_Project_test_3/COMI/dataset/BPAEC/mitochondria/Z007/Z7_53.jpg,mitochondria,1,Z007,train,Z7_53.jpg
/content/drive/MyDrive/494_Project_test_3/COMI/dataset/BPAEC/mitochondria/Z007/Z7_54.jpg,mitochondria,1,Z007,train,Z7_54.jpg
/content/drive/MyDrive/494_Project_test_3/COMI/dataset/BPAEC/mitochondria/Z007/Z7_55.jpg,mitochondria,1,Z007,train,Z7_55.jpg
/content/drive/MyDrive/494_Project_test_3/COMI/dataset/BPAEC/mitochondria/Z007/Z7_56.jpg,mitochondria,1,Z007,train,Z7_56.jpg
/content/drive/MyDrive/494_Project_test_3/COMI/dataset/BPAEC/mitochondria/Z007/Z7_57.jpg,mitochondria,1,Z007,train,Z7_57.jpg
/content/drive/MyDrive/494_Project_test_3/COMI/dataset/BPAEC/mitochondria/Z007/Z7_58.jpg,mitochondria,1,Z007,train,Z7_58.jpg
/content/drive/MyDrive/494_Project_test_3/COMI/dataset/BPAEC/mitochondria/Z007/Z7_59.jpg,mitochondria,1,Z007,train,Z7_59.jpg
/content/drive/MyDrive/494_Project_test_3/COMI/dataset/BPAEC/mitochondria/Z007/Z7_6.jpg,mitochondria,1,Z007,train,Z7_6.jpg
/content/drive/MyDrive/494_Project_test_3/COMI/dataset/BPAEC/mitochondria/Z007/Z7_60.jpg,mitochondria,1,Z007,train,Z7_60.jpg
/content/drive/MyDrive/494_Project_test_3/COMI/dataset/BPAEC/mitochondria/Z007/Z7_61.jpg,mitochondria,1,Z007,train,Z7_61.jpg
/content/drive/MyDrive/494_Project_test_3/COMI/dataset/BPAEC/mitochondria/Z007/Z7_62.jpg,mitochondria,1,Z007,train,Z7_62.jpg
/content/drive/MyDrive/494_Project_test_3/COMI/dataset/BPAEC/mitochondria/Z007/Z7_63.jpg,mitochondria,1,Z007,train,Z7_63.jpg
/content/drive/MyDrive/494_Project_test_3/COMI/dataset/BPAEC/mitochondria/Z007/Z7_64.jpg,mitochondria,1,Z007,train,Z7_64.jpg
/content/drive/MyDrive/494_Project_test_3/COMI/dataset/BPAEC/mitochondria/Z007/Z7_65.jpg,mitochondria,1,Z007,train,Z7_65.jpg
/content/drive/MyDrive/494_Project_test_3/COMI/dataset/BPAEC/mitochondria/Z007/Z7_66.jpg,mitochondria,1,Z007,train,Z7_66.jpg
/content/drive/MyDrive/494_Project_test_3/COMI/dataset/BPAEC/mitochondria/Z007/Z7_67.jpg,mitochondria,1,Z007,train,Z7_67.jpg
/content/drive/MyDrive/494_Project_test_3/COMI/dataset/BPAEC/mitochondria/Z007/Z7_68.jpg,mitochondria,1,Z007,train,Z7_68.jpg
/content/drive/MyDrive/494_Project_test_3/COMI/dataset/BPAEC/mitochondria/Z007/Z7_69.jpg,mitochondria,1,Z007,train,Z7_69.jpg
/content/drive/MyDrive/494_Project_test_3/COMI/dataset/BPAEC/mitochondria/Z007/Z7_7.jpg,mitochondria,1,Z007,train,Z7_7.jpg
/content/drive/MyDrive/494_Project_test_3/COMI/dataset/BPAEC/mitochondria/Z007/Z7_70.jpg,mitochondria,1,Z007,train,Z7_70.jpg
/content/drive/MyDrive/494_Project_test_3/COMI/dataset/BPAEC/mitochondria/Z007/Z7_71.jpg,mitochondria,1,Z007,train,Z7_71.jpg
/content/drive/MyDrive/494_Project_test_3/COMI/dataset/BPAEC/mitochondria/Z007/Z7_72.jpg,mitochondria,1,Z007,train,Z7_72.jpg
/content/drive/MyDrive/494_Project_test_3/COMI/dataset/BPAEC/mitochondria/Z007/Z7_73.jpg,mitochondria,1,Z007,train,Z7_73.jpg
/content/drive/MyDrive/494_Project_test_3/COMI/dataset/BPAEC/mitochondria/Z007/Z7_74.jpg,mitochondria,1,Z007,train,Z7_74.jpg
/content/drive/MyDrive/494_Project_test_3/COMI/dataset/BPAEC/mitochondria/Z007/Z7_75.jpg,mitochondria,1,Z007,train,Z7_75.jpg
/content/drive/MyDrive/494_Project_test_3/COMI/dataset/BPAEC/mitochondria/Z007/Z7_76.jpg,mitochondria,1,Z007,train,Z7_76.jpg
/content/drive/MyDrive/494_Project_test_3/COMI/dataset/BPAEC/mitochondria/Z007/Z7_77.jpg,mitochondria,1,Z007,train,Z7_77.jpg
/content/drive/MyDrive/494_Project_test_3/COMI/dataset/BPAEC/mitochondria/Z007/Z7_78.jpg,mitochondria,1,Z007,train,Z7_78.jpg
/content/drive/MyDrive/494_Project_test_3/COMI/dataset/BPAEC/mitochondria/Z007/Z7_79.jpg,mitochondria,1,Z007,train,Z7_79.jpg
/content/drive/MyDrive/494_Project_test_3/COMI/dataset/BPAEC/mitochondria/Z007/Z7_8.jpg,mitochondria,1,Z007,train,Z7_8.jpg
/content/drive/MyDrive/494_Project_test_3/COMI/dataset/BPAEC/mitochondria/Z007/Z7_80.jpg,mitochondria,1,Z007,train,Z7_80.jpg
/content/drive/MyDrive/494_Project_test_3/COMI/dataset/BPAEC/mitochondria/Z007/Z7_81.jpg,mitochondria,1,Z007,train,Z7_81.jpg
/content/drive/MyDrive/494_Project_test_3/COMI/dataset/BPAEC/mitochondria/Z007/Z7_82.jpg,mitochondria,1,Z007,train,Z7_82.jpg
/content/drive/MyDrive/494_Project_test_3/COMI/dataset/BPAEC/mitochondria/Z007/Z7_83.jpg,mitochondria,1,Z007,train,Z7_83.jpg
/content/drive/MyDrive/494_Project_test_3/COMI/dataset/BPAEC/mitochondria/Z007/Z7_84.jpg,mitochondria,1,Z007,train,Z7_84.jpg
/content/drive/MyDrive/494_Project_test_3/COMI/dataset/BPAEC/mitochondria/Z007/Z7_85.jpg,mitochondria,1,Z007,train,Z7_85.jpg
/content/drive/MyDrive/494_Project_test_3/COMI/dataset/BPAEC/mitochondria/Z007/Z7_86.jpg,mitochondria,1,Z007,train,Z7_86.jpg
/content/drive/MyDrive/494_Project_test_3/COMI/dataset/BPAEC/mitochondria/Z007/Z7_87.jpg,mitochondria,1,Z007,train,Z7_87.jpg
/content/drive/MyDrive/494_Project_test_3/COMI/dataset/BPAEC/mitochondria/Z007/Z7_88.jpg,mitochondria,1,Z007,train,Z7_88.jpg
/content/drive/MyDrive/494_Project_test_3/COMI/dataset/BPAEC/mitochondria/Z007/Z7_89.jpg,mitochondria,1,Z007,train,Z7_89.jpg
/content/drive/MyDrive/494_Project_test_3/COMI/dataset/BPAEC/mitochondria/Z007/Z7_9.jpg,mitochondria,1,Z007,train,Z7_9.jpg
/content/drive/MyDrive/494_Project_test_3/COMI/dataset/BPAEC/mitochondria/Z007/Z7_90.jpg,mitochondria,1,Z007,train,Z7_90.jpg
/content/drive/MyDrive/494_Project_test_3/COMI/dataset/BPAEC/mitochondria/Z007/Z7_91.jpg,mitochondria,1,Z007,train,Z7_91.jpg
/content/drive/MyDrive/494_Project_test_3/COMI/dataset/BPAEC/mitochondria/Z007/Z7_92.jpg,mitochondria,1,Z007,train,Z7_92.jpg
/content/drive/MyDrive/494_Project_test_3/COMI/dataset/BPAEC/mitochondria/Z007/Z7_93.jpg,mitochondria,1,Z007,train,Z7_93.jpg
/content/drive/MyDrive/494_Project_test_3/COMI/dataset/BPAEC/mitochondria/Z007/Z7_94.jpg,mitochondria,1,Z007,train,Z7_94.jpg
/content/drive/MyDrive/494_Project_test_3/COMI/dataset/BPAEC/mitochondria/Z007/Z7_95.jpg,mitochondria,1,Z007,train,Z7_95.jpg
/content/drive/MyDrive/494_Project_test_3/COMI/dataset/BPAEC/mitochondria/Z007/Z7_96.jpg,mitochondria,1,Z007,train,Z7_96.jpg
/content/drive/MyDrive/494_Project_test_3/COMI/dataset/BPAEC/mitochondria/Z008/Z8_0.jpg,mitochondria,1,Z008,train,Z8_0.jpg
/content/drive/MyDrive/494_Project_test_3/COMI/dataset/BPAEC/mitochondria/Z008/Z8_1.jpg,mitochondria,1,Z008,train,Z8_1.jpg
/content/drive/MyDrive/494_Project_test_3/COMI/dataset/BPAEC/mitochondria/Z008/Z8_10.jpg,mitochondria,1,Z008,train,Z8_10.jpg
/content/drive/MyDrive/494_Project_test_3/COMI/dataset/BPAEC/mitochondria/Z008/Z8_11.jpg,mitochondria,1,Z008,train,Z8_11.jpg
/content/drive/MyDrive/494_Project_test_3/COMI/dataset/BPAEC/mitochondria/Z008/Z8_12.jpg,mitochondria,1,Z008,train,Z8_12.jpg
/content/drive/MyDrive/494_Project_test_3/COMI/dataset/BPAEC/mitochondria/Z008/Z8_13.jpg,mitochondria,1,Z008,train,Z8_13.jpg
/content/drive/MyDrive/494_Project_test_3/COMI/dataset/BPAEC/mitochondria/Z008/Z8_14.jpg,mitochondria,1,Z008,train,Z8_14.jpg
/content/drive/MyDrive/494_Project_test_3/COMI/dataset/BPAEC/mitochondria/Z008/Z8_15.jpg,mitochondria,1,Z008,train,Z8_15.jpg
/content/drive/MyDrive/494_Project_test_3/COMI/dataset/BPAEC/mitochondria/Z008/Z8_16.jpg,mitochondria,1,Z008,train,Z8_16.jpg
/content/drive/MyDrive/494_Project_test_3/COMI/dataset/BPAEC/mitochondria/Z008/Z8_17.jpg,mitochondria,1,Z008,train,Z8_17.jpg
/content/drive/MyDrive/494_Project_test_3/COMI/dataset/BPAEC/mitochondria/Z008/Z8_18.jpg,mitochondria,1,Z008,train,Z8_18.jpg
/content/drive/MyDrive/494_Project_test_3/COMI/dataset/BPAEC/mitochondria/Z008/Z8_19.jpg,mitochondria,1,Z008,train,Z8_19.jpg
/content/drive/MyDrive/494_Project_test_3/COMI/dataset/BPAEC/mitochondria/Z008/Z8_2.jpg,mitochondria,1,Z008,train,Z8_2.jpg
/content/drive/MyDrive/494_Project_test_3/COMI/dataset/BPAEC/mitochondria/Z008/Z8_20.jpg,mitochondria,1,Z008,train,Z8_20.jpg
/content/drive/MyDrive/494_Project_test_3/COMI/dataset/BPAEC/mitochondria/Z008/Z8_21.jpg,mitochondria,1,Z008,train,Z8_21.jpg
/content/drive/MyDrive/494_Project_test_3/COMI/dataset/BPAEC/mitochondria/Z008/Z8_22.jpg,mitochondria,1,Z008,train,Z8_22.jpg
/content/drive/MyDrive/494_Project_test_3/COMI/dataset/BPAEC/mitochondria/Z008/Z8_23.jpg,mitochondria,1,Z008,train,Z8_23.jpg
/content/drive/MyDrive/494_Project_test_3/COMI/dataset/BPAEC/mitochondria/Z008/Z8_24.jpg,mitochondria,1,Z008,train,Z8_24.jpg
/content/drive/MyDrive/494_Project_test_3/COMI/dataset/BPAEC/mitochondria/Z008/Z8_25.jpg,mitochondria,1,Z008,train,Z8_25.jpg
/content/drive/MyDrive/494_Project_test_3/COMI/dataset/BPAEC/mitochondria/Z008/Z8_26.jpg,mitochondria,1,Z008,train,Z8_26.jpg
/content/drive/MyDrive/494_Project_test_3/COMI/dataset/BPAEC/mitochondria/Z008/Z8_27.jpg,mitochondria,1,Z008,train,Z8_27.jpg
/content/drive/MyDrive/494_Project_test_3/COMI/dataset/BPAEC/mitochondria/Z008/Z8_28.jpg,mitochondria,1,Z008,train,Z8_28.jpg
/content/drive/MyDrive/494_Project_test_3/COMI/dataset/BPAEC/mitochondria/Z008/Z8_29.jpg,mitochondria,1,Z008,train,Z8_29.jpg
/content/drive/MyDrive/494_Project_test_3/COMI/dataset/BPAEC/mitochondria/Z008/Z8_3.jpg,mitochondria,1,Z008,train,Z8_3.jpg
/content/drive/MyDrive/494_Project_test_3/COMI/dataset/BPAEC/mitochondria/Z008/Z8_30.jpg,mitochondria,1,Z008,train,Z8_30.jpg
/content/drive/MyDrive/494_Project_test_3/COMI/dataset/BPAEC/mitochondria/Z008/Z8_31.jpg,mitochondria,1,Z008,train,Z8_31.jpg
/content/drive/MyDrive/494_Project_test_3/COMI/dataset/BPAEC/mitochondria/Z008/Z8_32.jpg,mitochondria,1,Z008,train,Z8_32.jpg
/content/drive/MyDrive/494_Project_test_3/COMI/dataset/BPAEC/mitochondria/Z008/Z8_33.jpg,mitochondria,1,Z008,train,Z8_33.jpg
/content/drive/MyDrive/494_Project_test_3/COMI/dataset/BPAEC/mitochondria/Z008/Z8_34.jpg,mitochondria,1,Z008,train,Z8_34.jpg
/content/drive/MyDrive/494_Project_test_3/COMI/dataset/BPAEC/mitochondria/Z008/Z8_35.jpg,mitochondria,1,Z008,train,Z8_35.jpg
/content/drive/MyDrive/494_Project_test_3/COMI/dataset/BPAEC/mitochondria/Z008/Z8_36.jpg,mitochondria,1,Z008,train,Z8_36.jpg
/content/drive/MyDrive/494_Project_test_3/COMI/dataset/BPAEC/mitochondria/Z008/Z8_37.jpg,mitochondria,1,Z008,train,Z8_37.jpg
/content/drive/MyDrive/494_Project_test_3/COMI/dataset/BPAEC/mitochondria/Z008/Z8_38.jpg,mitochondria,1,Z008,train,Z8_38.jpg
/content/drive/MyDrive/494_Project_test_3/COMI/dataset/BPAEC/mitochondria/Z008/Z8_39.jpg,mitochondria,1,Z008,train,Z8_39.jpg
/content/drive/MyDrive/494_Project_test_3/COMI/dataset/BPAEC/mitochondria/Z008/Z8_4.jpg,mitochondria,1,Z008,train,Z8_4.jpg
/content/drive/MyDrive/494_Project_test_3/COMI/dataset/BPAEC/mitochondria/Z008/Z8_40.jpg,mitochondria,1,Z008,train,Z8_40.jpg
/content/drive/MyDrive/494_Project_test_3/COMI/dataset/BPAEC/mitochondria/Z008/Z8_41.jpg,mitochondria,1,Z008,train,Z8_41.jpg
/content/drive/MyDrive/494_Project_test_3/COMI/dataset/BPAEC/mitochondria/Z008/Z8_42.jpg,mitochondria,1,Z008,train,Z8_42.jpg
/content/drive/MyDrive/494_Project_test_3/COMI/dataset/BPAEC/mitochondria/Z008/Z8_43.jpg,mitochondria,1,Z008,train,Z8_43.jpg
/content/drive/MyDrive/494_Project_test_3/COMI/dataset/BPAEC/mitochondria/Z008/Z8_44.jpg,mitochondria,1,Z008,train,Z8_44.jpg
/content/drive/MyDrive/494_Project_test_3/COMI/dataset/BPAEC/mitochondria/Z008/Z8_45.jpg,mitochondria,1,Z008,train,Z8_45.jpg
/content/drive/MyDrive/494_Project_test_3/COMI/dataset/BPAEC/mitochondria/Z008/Z8_46.jpg,mitochondria,1,Z008,train,Z8_46.jpg
/content/drive/MyDrive/494_Project_test_3/COMI/dataset/BPAEC/mitochondria/Z008/Z8_47.jpg,mitochondria,1,Z008,train,Z8_47.jpg
/content/drive/MyDrive/494_Project_test_3/COMI/dataset/BPAEC/mitochondria/Z008/Z8_48.jpg,mitochondria,1,Z008,train,Z8_48.jpg
/content/drive/MyDrive/494_Project_test_3/COMI/dataset/BPAEC/mitochondria/Z008/Z8_49.jpg,mitochondria,1,Z008,train,Z8_49.jpg
/content/drive/MyDrive/494_Project_test_3/COMI/dataset/BPAEC/mitochondria/Z008/Z8_5.jpg,mitochondria,1,Z008,train,Z8_5.jpg
/content/drive/MyDrive/494_Project_test_3/COMI/dataset/BPAEC/mitochondria/Z008/Z8_50.jpg,mitochondria,1,Z008,train,Z8_50.jpg
/content/drive/MyDrive/494_Project_test_3/COMI/dataset/BPAEC/mitochondria/Z008/Z8_51.jpg,mitochondria,1,Z008,train,Z8_51.jpg
/content/drive/MyDrive/494_Project_test_3/COMI/dataset/BPAEC/mitochondria/Z008/Z8_52.jpg,mitochondria,1,Z008,train,Z8_52.jpg
/content/drive/MyDrive/494_Project_test_3/COMI/dataset/BPAEC/mitochondria/Z008/Z8_53.jpg,mitochondria,1,Z008,train,Z8_53.jpg
/content/drive/MyDrive/494_Project_test_3/COMI/dataset/BPAEC/mitochondria/Z008/Z8_54.jpg,mitochondria,1,Z008,train,Z8_54.jpg
/content/drive/MyDrive/494_Project_test_3/COMI/dataset/BPAEC/mitochondria/Z008/Z8_55.jpg,mitochondria,1,Z008,train,Z8_55.jpg
/content/drive/MyDrive/494_Project_test_3/COMI/dataset/BPAEC/mitochondria/Z008/Z8_56.jpg,mitochondria,1,Z008,train,Z8_56.jpg
/content/drive/MyDrive/494_Project_test_3/COMI/dataset/BPAEC/mitochondria/Z008/Z8_57.jpg,mitochondria,1,Z008,train,Z8_57.jpg
/content/drive/MyDrive/494_Project_test_3/COMI/dataset/BPAEC/mitochondria/Z008/Z8_58.jpg,mitochondria,1,Z008,train,Z8_58.jpg
/content/drive/MyDrive/494_Project_test_3/COMI/dataset/BPAEC/mitochondria/Z008/Z8_59.jpg,mitochondria,1,Z008,train,Z8_59.jpg
/content/drive/MyDrive/494_Project_test_3/COMI/dataset/BPAEC/mitochondria/Z008/Z8_6.jpg,mitochondria,1,Z008,train,Z8_6.jpg
/content/drive/MyDrive/494_Project_test_3/COMI/dataset/BPAEC/mitochondria/Z008/Z8_60.jpg,mitochondria,1,Z008,train,Z8_60.jpg
/content/drive/MyDrive/494_Project_test_3/COMI/dataset/BPAEC/mitochondria/Z008/Z8_61.jpg,mitochondria,1,Z008,train,Z8_61.jpg
/content/drive/MyDrive/494_Project_test_3/COMI/dataset/BPAEC/mitochondria/Z008/Z8_62.jpg,mitochondria,1,Z008,train,Z8_62.jpg
/content/drive/MyDrive/494_Project_test_3/COMI/dataset/BPAEC/mitochondria/Z008/Z8_63.jpg,mitochondria,1,Z008,train,Z8_63.jpg
/content/drive/MyDrive/494_Project_test_3/COMI/dataset/BPAEC/mitochondria/Z008/Z8_64.jpg,mitochondria,1,Z008,train,Z8_64.jpg
/content/drive/MyDrive/494_Project_test_3/COMI/dataset/BPAEC/mitochondria/Z008/Z8_65.jpg,mitochondria,1,Z008,train,Z8_65.jpg
/content/drive/MyDrive/494_Project_test_3/COMI/dataset/BPAEC/mitochondria/Z008/Z8_66.jpg,mitochondria,1,Z008,train,Z8_66.jpg
/content/drive/MyDrive/494_Project_test_3/COMI/dataset/BPAEC/mitochondria/Z008/Z8_67.jpg,mitochondria,1,Z008,train,Z8_67.jpg
/content/drive/MyDrive/494_Project_test_3/COMI/dataset/BPAEC/mitochondria/Z008/Z8_68.jpg,mitochondria,1,Z008,train,Z8_68.jpg
/content/drive/MyDrive/494_Project_test_3/COMI/dataset/BPAEC/mitochondria/Z008/Z8_69.jpg,mitochondria,1,Z008,train,Z8_69.jpg
/content/drive/MyDrive/494_Project_test_3/COMI/dataset/BPAEC/mitochondria/Z008/Z8_7.jpg,mitochondria,1,Z008,train,Z8_7.jpg
/content/drive/MyDrive/494_Project_test_3/COMI/dataset/BPAEC/mitochondria/Z008/Z8_70.jpg,mitochondria,1,Z008,train,Z8_70.jpg
/content/drive/MyDrive/494_Project_test_3/COMI/dataset/BPAEC/mitochondria/Z008/Z8_71.jpg,mitochondria,1,Z008,train,Z8_71.jpg
/content/drive/MyDrive/494_Project_test_3/COMI/dataset/BPAEC/mitochondria/Z008/Z8_72.jpg,mitochondria,1,Z008,train,Z8_72.jpg
/content/drive/MyDrive/494_Project_test_3/COMI/dataset/BPAEC/mitochondria/Z008/Z8_73.jpg,mitochondria,1,Z008,train,Z8_73.jpg
/content/drive/MyDrive/494_Project_test_3/COMI/dataset/BPAEC/mitochondria/Z008/Z8_74.jpg,mitochondria,1,Z008,train,Z8_74.jpg
/content/drive/MyDrive/494_Project_test_3/COMI/dataset/BPAEC/mitochondria/Z008/Z8_75.jpg,mitochondria,1,Z008,train,Z8_75.jpg
/content/drive/MyDrive/494_Project_test_3/COMI/dataset/BPAEC/mitochondria/Z008/Z8_76.jpg,mitochondria,1,Z008,train,Z8_76.jpg
/content/drive/MyDrive/494_Project_test_3/COMI/dataset/BPAEC/mitochondria/Z008/Z8_77.jpg,mitochondria,1,Z008,train,Z8_77.jpg
/content/drive/MyDrive/494_Project_test_3/COMI/dataset/BPAEC/mitochondria/Z008/Z8_78.jpg,mitochondria,1,Z008,train,Z8_78.jpg
/content/drive/MyDrive/494_Project_test_3/COMI/dataset/BPAEC/mitochondria/Z008/Z8_79.jpg,mitochondria,1,Z008,train,Z8_79.jpg
/content/drive/MyDrive/494_Project_test_3/COMI/dataset/BPAEC/mitochondria/Z008/Z8_8.jpg,mitochondria,1,Z008,train,Z8_8.jpg
/content/drive/MyDrive/494_Project_test_3/COMI/dataset/BPAEC/mitochondria/Z008/Z8_80.jpg,mitochondria,1,Z008,train,Z8_80.jpg
/content/drive/MyDrive/494_Project_test_3/COMI/dataset/BPAEC/mitochondria/Z008/Z8_81.jpg,mitochondria,1,Z008,train,Z8_81.jpg
/content/drive/MyDrive/494_Project_test_3/COMI/dataset/BPAEC/mitochondria/Z008/Z8_82.jpg,mitochondria,1,Z008,train,Z8_82.jpg
/content/drive/MyDrive/494_Project_test_3/COMI/dataset/BPAEC/mitochondria/Z008/Z8_83.jpg,mitochondria,1,Z008,train,Z8_83.jpg
/content/drive/MyDrive/494_Project_test_3/COMI/dataset/BPAEC/mitochondria/Z008/Z8_84.jpg,mitochondria,1,Z008,train,Z8_84.jpg
/content/drive/MyDrive/494_Project_test_3/COMI/dataset/BPAEC/mitochondria/Z008/Z8_85.jpg,mitochondria,1,Z008,train,Z8_85.jpg
/content/drive/MyDrive/494_Project_test_3/COMI/dataset/BPAEC/mitochondria/Z008/Z8_86.jpg,mitochondria,1,Z008,train,Z8_86.jpg
/content/drive/MyDrive/494_Project_test_3/COMI/dataset/BPAEC/mitochondria/Z008/Z8_87.jpg,mitochondria,1,Z008,train,Z8_87.jpg
/content/drive/MyDrive/494_Project_test_3/COMI/dataset/BPAEC/mitochondria/Z008/Z8_88.jpg,mitochondria,1,Z008,train,Z8_88.jpg
/content/drive/MyDrive/494_Project_test_3/COMI/dataset/BPAEC/mitochondria/Z008/Z8_89.jpg,mitochondria,1,Z008,train,Z8_89.jpg
/content/drive/MyDrive/494_Project_test_3/COMI/dataset/BPAEC/mitochondria/Z008/Z8_9.jpg,mitochondria,1,Z008,train,Z8_9.jpg
/content/drive/MyDrive/494_Project_test_3/COMI/dataset/BPAEC/mitochondria/Z008/Z8_90.jpg,mitochondria,1,Z008,train,Z8_90.jpg
/content/drive/MyDrive/494_Project_test_3/COMI/dataset/BPAEC/mitochondria/Z008/Z8_91.jpg,mitochondria,1,Z008,train,Z8_91.jpg
/content/drive/MyDrive/494_Project_test_3/COMI/dataset/BPAEC/mitochondria/Z008/Z8_92.jpg,mitochondria,1,Z008,train,Z8_92.jpg
/content/drive/MyDrive/494_Project_test_3/COMI/dataset/BPAEC/mitochondria/Z008/Z8_93.jpg,mitochondria,1,Z008,train,Z8_93.jpg
/content/drive/MyDrive/494_Project_test_3/COMI/dataset/BPAEC/mitochondria/Z008/Z8_94.jpg,mitochondria,1,Z008,train,Z8_94.jpg
/content/drive/MyDrive/494_Project_test_3/COMI/dataset/BPAEC/mitochondria/Z008/Z8_95.jpg,mitochondria,1,Z008,train,Z8_95.jpg
/content/drive/MyDrive/494_Project_test_3/COMI/dataset/BPAEC/mitochondria/Z008/Z8_96.jpg,mitochondria,1,Z008,train,Z8_96.jpg
/content/drive/MyDrive/494_Project_test_3/COMI/dataset/BPAEC/nucleus/Z004/Z4_0.jpg,nucleus,2,Z004,train,Z4_0.jpg
/content/drive/MyDrive/494_Project_test_3/COMI/dataset/BPAEC/nucleus/Z004/Z4_1.jpg,nucleus,2,Z004,train,Z4_1.jpg
/content/drive/MyDrive/494_Project_test_3/COMI/dataset/BPAEC/nucleus/Z004/Z4_10.jpg,nucleus,2,Z004,train,Z4_10.jpg
/content/drive/MyDrive/494_Project_test_3/COMI/dataset/BPAEC/nucleus/Z004/Z4_11.jpg,nucleus,2,Z004,train,Z4_11.jpg
/content/drive/MyDrive/494_Project_test_3/COMI/dataset/BPAEC/nucleus/Z004/Z4_12.jpg,nucleus,2,Z004,train,Z4_12.jpg
/content/drive/MyDrive/494_Project_test_3/COMI/dataset/BPAEC/nucleus/Z004/Z4_13.jpg,nucleus,2,Z004,train,Z4_13.jpg
/content/drive/MyDrive/494_Project_test_3/COMI/dataset/BPAEC/nucleus/Z004/Z4_14.jpg,nucleus,2,Z004,train,Z4_14.jpg
/content/drive/MyDrive/494_Project_test_3/COMI/dataset/BPAEC/nucleus/Z004/Z4_15.jpg,nucleus,2,Z004,train,Z4_15.jpg
/content/drive/MyDrive/494_Project_test_3/COMI/dataset/BPAEC/nucleus/Z004/Z4_16.jpg,nucleus,2,Z004,train,Z4_16.jpg
/content/drive/MyDrive/494_Project_test_3/COMI/dataset/BPAEC/nucleus/Z004/Z4_17.jpg,nucleus,2,Z004,train,Z4_17.jpg
/content/drive/MyDrive/494_Project_test_3/COMI/dataset/BPAEC/nucleus/Z004/Z4_18.jpg,nucleus,2,Z004,train,Z4_18.jpg
/content/drive/MyDrive/494_Project_test_3/COMI/dataset/BPAEC/nucleus/Z004/Z4_19.jpg,nucleus,2,Z004,train,Z4_19.jpg
/content/drive/MyDrive/494_Project_test_3/COMI/dataset/BPAEC/nucleus/Z004/Z4_2.jpg,nucleus,2,Z004,train,Z4_2.jpg
/content/drive/MyDrive/494_Project_test_3/COMI/dataset/BPAEC/nucleus/Z004/Z4_20.jpg,nucleus,2,Z004,train,Z4_20.jpg
/content/drive/MyDrive/494_Project_test_3/COMI/dataset/BPAEC/nucleus/Z004/Z4_21.jpg,nucleus,2,Z004,train,Z4_21.jpg
/content/drive/MyDrive/494_Project_test_3/COMI/dataset/BPAEC/nucleus/Z004/Z4_22.jpg,nucleus,2,Z004,train,Z4_22.jpg
/content/drive/MyDrive/494_Project_test_3/COMI/dataset/BPAEC/nucleus/Z004/Z4_23.jpg,nucleus,2,Z004,train,Z4_23.jpg
/content/drive/MyDrive/494_Project_test_3/COMI/dataset/BPAEC/nucleus/Z004/Z4_24.jpg,nucleus,2,Z004,train,Z4_24.jpg
/content/drive/MyDrive/494_Project_test_3/COMI/dataset/BPAEC/nucleus/Z004/Z4_25.jpg,nucleus,2,Z004,train,Z4_25.jpg
/content/drive/MyDrive/494_Project_test_3/COMI/dataset/BPAEC/nucleus/Z004/Z4_26.jpg,nucleus,2,Z004,train,Z4_26.jpg
/content/drive/MyDrive/494_Project_test_3/COMI/dataset/BPAEC/nucleus/Z004/Z4_27.jpg,nucleus,2,Z004,train,Z4_27.jpg
/content/drive/MyDrive/494_Project_test_3/COMI/dataset/BPAEC/nucleus/Z004/Z4_28.jpg,nucleus,2,Z004,train,Z4_28.jpg
/content/drive/MyDrive/494_Project_test_3/COMI/dataset/BPAEC/nucleus/Z004/Z4_29.jpg,nucleus,2,Z004,train,Z4_29.jpg
/content/drive/MyDrive/494_Project_test_3/COMI/dataset/BPAEC/nucleus/Z004/Z4_3.jpg,nucleus,2,Z004,train,Z4_3.jpg
/content/drive/MyDrive/494_Project_test_3/COMI/dataset/BPAEC/nucleus/Z004/Z4_30.jpg,nucleus,2,Z004,train,Z4_30.jpg
/content/drive/MyDrive/494_Project_test_3/COMI/dataset/BPAEC/nucleus/Z004/Z4_31.jpg,nucleus,2,Z004,train,Z4_31.jpg
/content/drive/MyDrive/494_Project_test_3/COMI/dataset/BPAEC/nucleus/Z004/Z4_32.jpg,nucleus,2,Z004,train,Z4_32.jpg
/content/drive/MyDrive/494_Project_test_3/COMI/dataset/BPAEC/nucleus/Z004/Z4_33.jpg,nucleus,2,Z004,train,Z4_33.jpg
/content/drive/MyDrive/494_Project_test_3/COMI/dataset/BPAEC/nucleus/Z004/Z4_34.jpg,nucleus,2,Z004,train,Z4_34.jpg
/content/drive/MyDrive/494_Project_test_3/COMI/dataset/BPAEC/nucleus/Z004/Z4_35.jpg,nucleus,2,Z004,train,Z4_35.jpg
/content/drive/MyDrive/494_Project_test_3/COMI/dataset/BPAEC/nucleus/Z004/Z4_36.jpg,nucleus,2,Z004,train,Z4_36.jpg
/content/drive/MyDrive/494_Project_test_3/COMI/dataset/BPAEC/nucleus/Z004/Z4_37.jpg,nucleus,2,Z004,train,Z4_37.jpg
/content/drive/MyDrive/494_Project_test_3/COMI/dataset/BPAEC/nucleus/Z004/Z4_38.jpg,nucleus,2,Z004,train,Z4_38.jpg
/content/drive/MyDrive/494_Project_test_3/COMI/dataset/BPAEC/nucleus/Z004/Z4_39.jpg,nucleus,2,Z004,train,Z4_39.jpg
/content/drive/MyDrive/494_Project_test_3/COMI/dataset/BPAEC/nucleus/Z004/Z4_4.jpg,nucleus,2,Z004,train,Z4_4.jpg
/content/drive/MyDrive/494_Project_test_3/COMI/dataset/BPAEC/nucleus/Z004/Z4_40.jpg,nucleus,2,Z004,train,Z4_40.jpg
/content/drive/MyDrive/494_Project_test_3/COMI/dataset/BPAEC/nucleus/Z004/Z4_41.jpg,nucleus,2,Z004,train,Z4_41.jpg
/content/drive/MyDrive/494_Project_test_3/COMI/dataset/BPAEC/nucleus/Z004/Z4_42.jpg,nucleus,2,Z004,train,Z4_42.jpg
/content/drive/MyDrive/494_Project_test_3/COMI/dataset/BPAEC/nucleus/Z004/Z4_43.jpg,nucleus,2,Z004,train,Z4_43.jpg
/content/drive/MyDrive/494_Project_test_3/COMI/dataset/BPAEC/nucleus/Z004/Z4_44.jpg,nucleus,2,Z004,train,Z4_44.jpg
/content/drive/MyDrive/494_Project_test_3/COMI/dataset/BPAEC/nucleus/Z004/Z4_45.jpg,nucleus,2,Z004,train,Z4_45.jpg
/content/drive/MyDrive/494_Project_test_3/COMI/dataset/BPAEC/nucleus/Z004/Z4_46.jpg,nucleus,2,Z004,train,Z4_46.jpg
/content/drive/MyDrive/494_Project_test_3/COMI/dataset/BPAEC/nucleus/Z004/Z4_47.jpg,nucleus,2,Z004,train,Z4_47.jpg
/content/drive/MyDrive/494_Project_test_3/COMI/dataset/BPAEC/nucleus/Z004/Z4_48.jpg,nucleus,2,Z004,train,Z4_48.jpg
/content/drive/MyDrive/494_Project_test_3/COMI/dataset/BPAEC/nucleus/Z004/Z4_49.jpg,nucleus,2,Z004,train,Z4_49.jpg
/content/drive/MyDrive/494_Project_test_3/COMI/dataset/BPAEC/nucleus/Z004/Z4_5.jpg,nucleus,2,Z004,train,Z4_5.jpg
/content/drive/MyDrive/494_Project_test_3/COMI/dataset/BPAEC/nucleus/Z004/Z4_50.jpg,nucleus,2,Z004,train,Z4_50.jpg
/content/drive/MyDrive/494_Project_test_3/COMI/dataset/BPAEC/nucleus/Z004/Z4_51.jpg,nucleus,2,Z004,train,Z4_51.jpg
/content/drive/MyDrive/494_Project_test_3/COMI/dataset/BPAEC/nucleus/Z004/Z4_52.jpg,nucleus,2,Z004,train,Z4_52.jpg
/content/drive/MyDrive/494_Project_test_3/COMI/dataset/BPAEC/nucleus/Z004/Z4_53.jpg,nucleus,2,Z004,train,Z4_53.jpg
/content/drive/MyDrive/494_Project_test_3/COMI/dataset/BPAEC/nucleus/Z004/Z4_54.jpg,nucleus,2,Z004,train,Z4_54.jpg
/content/drive/MyDrive/494_Project_test_3/COMI/dataset/BPAEC/nucleus/Z004/Z4_55.jpg,nucleus,2,Z004,train,Z4_55.jpg
/content/drive/MyDrive/494_Project_test_3/COMI/dataset/BPAEC/nucleus/Z004/Z4_56.jpg,nucleus,2,Z004,train,Z4_56.jpg
/content/drive/MyDrive/494_Project_test_3/COMI/dataset/BPAEC/nucleus/Z004/Z4_57.jpg,nucleus,2,Z004,train,Z4_57.jpg
/content/drive/MyDrive/494_Project_test_3/COMI/dataset/BPAEC/nucleus/Z004/Z4_58.jpg,nucleus,2,Z004,train,Z4_58.jpg
/content/drive/MyDrive/494_Project_test_3/COMI/dataset/BPAEC/nucleus/Z004/Z4_59.jpg,nucleus,2,Z004,train,Z4_59.jpg
/content/drive/MyDrive/494_Project_test_3/COMI/dataset/BPAEC/nucleus/Z004/Z4_6.jpg,nucleus,2,Z004,train,Z4_6.jpg
/content/drive/MyDrive/494_Project_test_3/COMI/dataset/BPAEC/nucleus/Z004/Z4_60.jpg,nucleus,2,Z004,train,Z4_60.jpg
/content/drive/MyDrive/494_Project_test_3/COMI/dataset/BPAEC/nucleus/Z004/Z4_61.jpg,nucleus,2,Z004,train,Z4_61.jpg
/content/drive/MyDrive/494_Project_test_3/COMI/dataset/BPAEC/nucleus/Z004/Z4_62.jpg,nucleus,2,Z004,train,Z4_62.jpg
/content/drive/MyDrive/494_Project_test_3/COMI/dataset/BPAEC/nucleus/Z004/Z4_63.jpg,nucleus,2,Z004,train,Z4_63.jpg
/content/drive/MyDrive/494_Project_test_3/COMI/dataset/BPAEC/nucleus/Z004/Z4_64.jpg,nucleus,2,Z004,train,Z4_64.jpg
/content/drive/MyDrive/494_Project_test_3/COMI/dataset/BPAEC/nucleus/Z004/Z4_65.jpg,nucleus,2,Z004,train,Z4_65.jpg
/content/drive/MyDrive/494_Project_test_3/COMI/dataset/BPAEC/nucleus/Z004/Z4_66.jpg,nucleus,2,Z004,train,Z4_66.jpg
/content/drive/MyDrive/494_Project_test_3/COMI/dataset/BPAEC/nucleus/Z004/Z4_67.jpg,nucleus,2,Z004,train,Z4_67.jpg
/content/drive/MyDrive/494_Project_test_3/COMI/dataset/BPAEC/nucleus/Z004/Z4_68.jpg,nucleus,2,Z004,train,Z4_68.jpg
/content/drive/MyDrive/494_Project_test_3/COMI/dataset/BPAEC/nucleus/Z004/Z4_69.jpg,nucleus,2,Z004,train,Z4_69.jpg
/content/drive/MyDrive/494_Project_test_3/COMI/dataset/BPAEC/nucleus/Z004/Z4_7.jpg,nucleus,2,Z004,train,Z4_7.jpg
/content/drive/MyDrive/494_Project_test_3/COMI/dataset/BPAEC/nucleus/Z004/Z4_70.jpg,nucleus,2,Z004,train,Z4_70.jpg
/content/drive/MyDrive/494_Project_test_3/COMI/dataset/BPAEC/nucleus/Z004/Z4_71.jpg,nucleus,2,Z004,train,Z4_71.jpg
/content/drive/MyDrive/494_Project_test_3/COMI/dataset/BPAEC/nucleus/Z004/Z4_72.jpg,nucleus,2,Z004,train,Z4_72.jpg
/content/drive/MyDrive/494_Project_test_3/COMI/dataset/BPAEC/nucleus/Z004/Z4_73.jpg,nucleus,2,Z004,train,Z4_73.jpg
/content/drive/MyDrive/494_Project_test_3/COMI/dataset/BPAEC/nucleus/Z004/Z4_74.jpg,nucleus,2,Z004,train,Z4_74.jpg
/content/drive/MyDrive/494_Project_test_3/COMI/dataset/BPAEC/nucleus/Z004/Z4_75.jpg,nucleus,2,Z004,train,Z4_75.jpg
/content/drive/MyDrive/494_Project_test_3/COMI/dataset/BPAEC/nucleus/Z004/Z4_76.jpg,nucleus,2,Z004,train,Z4_76.jpg
/content/drive/MyDrive/494_Project_test_3/COMI/dataset/BPAEC/nucleus/Z004/Z4_77.jpg,nucleus,2,Z004,train,Z4_77.jpg
/content/drive/MyDrive/494_Project_test_3/COMI/dataset/BPAEC/nucleus/Z004/Z4_78.jpg,nucleus,2,Z004,train,Z4_78.jpg
/content/drive/MyDrive/494_Project_test_3/COMI/dataset/BPAEC/nucleus/Z004/Z4_79.jpg,nucleus,2,Z004,train,Z4_79.jpg
/content/drive/MyDrive/494_Project_test_3/COMI/dataset/BPAEC/nucleus/Z004/Z4_8.jpg,nucleus,2,Z004,train,Z4_8.jpg
/content/drive/MyDrive/494_Project_test_3/COMI/dataset/BPAEC/nucleus/Z004/Z4_80.jpg,nucleus,2,Z004,train,Z4_80.jpg
/content/drive/MyDrive/494_Project_test_3/COMI/dataset/BPAEC/nucleus/Z004/Z4_81.jpg,nucleus,2,Z004,train,Z4_81.jpg
/content/drive/MyDrive/494_Project_test_3/COMI/dataset/BPAEC/nucleus/Z004/Z4_82.jpg,nucleus,2,Z004,train,Z4_82.jpg
/content/drive/MyDrive/494_Project_test_3/COMI/dataset/BPAEC/nucleus/Z004/Z4_83.jpg,nucleus,2,Z004,train,Z4_83.jpg
/content/drive/MyDrive/494_Project_test_3/COMI/dataset/BPAEC/nucleus/Z004/Z4_84.jpg,nucleus,2,Z004,train,Z4_84.jpg
/content/drive/MyDrive/494_Project_test_3/COMI/dataset/BPAEC/nucleus/Z004/Z4_85.jpg,nucleus,2,Z004,train,Z4_85.jpg
/content/drive/MyDrive/494_Project_test_3/COMI/dataset/BPAEC/nucleus/Z004/Z4_86.jpg,nucleus,2,Z004,train,Z4_86.jpg
/content/drive/MyDrive/494_Project_test_3/COMI/dataset/BPAEC/nucleus/Z004/Z4_87.jpg,nucleus,2,Z004,train,Z4_87.jpg
/content/drive/MyDrive/494_Project_test_3/COMI/dataset/BPAEC/nucleus/Z004/Z4_88.jpg,nucleus,2,Z004,train,Z4_88.jpg
/content/drive/MyDrive/494_Project_test_3/COMI/dataset/BPAEC/nucleus/Z004/Z4_89.jpg,nucleus,2,Z004,train,Z4_89.jpg
/content/drive/MyDrive/494_Project_test_3/COMI/dataset/BPAEC/nucleus/Z004/Z4_9.jpg,nucleus,2,Z004,train,Z4_9.jpg
/content/drive/MyDrive/494_Project_test_3/COMI/dataset/BPAEC/nucleus/Z004/Z4_90.jpg,nucleus,2,Z004,train,Z4_90.jpg
/content/drive/MyDrive/494_Project_test_3/COMI/dataset/BPAEC/nucleus/Z004/Z4_91.jpg,nucleus,2,Z004,train,Z4_91.jpg
/content/drive/MyDrive/494_Project_test_3/COMI/dataset/BPAEC/nucleus/Z004/Z4_92.jpg,nucleus,2,Z004,train,Z4_92.jpg
/content/drive/MyDrive/494_Project_test_3/COMI/dataset/BPAEC/nucleus/Z004/Z4_93.jpg,nucleus,2,Z004,train,Z4_93.jpg
/content/drive/MyDrive/494_Project_test_3/COMI/dataset/BPAEC/nucleus/Z004/Z4_94.jpg,nucleus,2,Z004,train,Z4_94.jpg
/content/drive/MyDrive/494_Project_test_3/COMI/dataset/BPAEC/nucleus/Z004/Z4_95.jpg,nucleus,2,Z004,train,Z4_95.jpg
/content/drive/MyDrive/494_Project_test_3/COMI/dataset/BPAEC/nucleus/Z004/Z4_96.jpg,nucleus,2,Z004,train,Z4_96.jpg
/content/drive/MyDrive/494_Project_test_3/COMI/dataset/BPAEC/nucleus/Z004/Z4_97.jpg,nucleus,2,Z004,train,Z4_97.jpg
/content/drive/MyDrive/494_Project_test_3/COMI/dataset/BPAEC/nucleus/Z004/Z4_98.jpg,nucleus,2,Z004,train,Z4_98.jpg
/content/drive/MyDrive/494_Project_test_3/COMI/dataset/BPAEC/nucleus/Z004/Z4_99.jpg,nucleus,2,Z004,train,Z4_99.jpg
/content/drive/MyDrive/494_Project_test_3/COMI/dataset/BPAEC/nucleus/Z005/Z5_0.jpg,nucleus,2,Z005,train,Z5_0.jpg
/content/drive/MyDrive/494_Project_test_3/COMI/dataset/BPAEC/nucleus/Z005/Z5_1.jpg,nucleus,2,Z005,train,Z5_1.jpg
/content/drive/MyDrive/494_Project_test_3/COMI/dataset/BPAEC/nucleus/Z005/Z5_10.jpg,nucleus,2,Z005,train,Z5_10.jpg
/content/drive/MyDrive/494_Project_test_3/COMI/dataset/BPAEC/nucleus/Z005/Z5_11.jpg,nucleus,2,Z005,train,Z5_11.jpg
/content/drive/MyDrive/494_Project_test_3/COMI/dataset/BPAEC/nucleus/Z005/Z5_12.jpg,nucleus,2,Z005,train,Z5_12.jpg
/content/drive/MyDrive/494_Project_test_3/COMI/dataset/BPAEC/nucleus/Z005/Z5_13.jpg,nucleus,2,Z005,train,Z5_13.jpg
/content/drive/MyDrive/494_Project_test_3/COMI/dataset/BPAEC/nucleus/Z005/Z5_14.jpg,nucleus,2,Z005,train,Z5_14.jpg
/content/drive/MyDrive/494_Project_test_3/COMI/dataset/BPAEC/nucleus/Z005/Z5_15.jpg,nucleus,2,Z005,train,Z5_15.jpg
/content/drive/MyDrive/494_Project_test_3/COMI/dataset/BPAEC/nucleus/Z005/Z5_16.jpg,nucleus,2,Z005,train,Z5_16.jpg
/content/drive/MyDrive/494_Project_test_3/COMI/dataset/BPAEC/nucleus/Z005/Z5_17.jpg,nucleus,2,Z005,train,Z5_17.jpg
/content/drive/MyDrive/494_Project_test_3/COMI/dataset/BPAEC/nucleus/Z005/Z5_18.jpg,nucleus,2,Z005,train,Z5_18.jpg
/content/drive/MyDrive/494_Project_test_3/COMI/dataset/BPAEC/nucleus/Z005/Z5_19.jpg,nucleus,2,Z005,train,Z5_19.jpg
/content/drive/MyDrive/494_Project_test_3/COMI/dataset/BPAEC/nucleus/Z005/Z5_2.jpg,nucleus,2,Z005,train,Z5_2.jpg
/content/drive/MyDrive/494_Project_test_3/COMI/dataset/BPAEC/nucleus/Z005/Z5_20.jpg,nucleus,2,Z005,train,Z5_20.jpg
/content/drive/MyDrive/494_Project_test_3/COMI/dataset/BPAEC/nucleus/Z005/Z5_21.jpg,nucleus,2,Z005,train,Z5_21.jpg
/content/drive/MyDrive/494_Project_test_3/COMI/dataset/BPAEC/nucleus/Z005/Z5_22.jpg,nucleus,2,Z005,train,Z5_22.jpg
/content/drive/MyDrive/494_Project_test_3/COMI/dataset/BPAEC/nucleus/Z005/Z5_23.jpg,nucleus,2,Z005,train,Z5_23.jpg
/content/drive/MyDrive/494_Project_test_3/COMI/dataset/BPAEC/nucleus/Z005/Z5_24.jpg,nucleus,2,Z005,train,Z5_24.jpg
/content/drive/MyDrive/494_Project_test_3/COMI/dataset/BPAEC/nucleus/Z005/Z5_25.jpg,nucleus,2,Z005,train,Z5_25.jpg
/content/drive/MyDrive/494_Project_test_3/COMI/dataset/BPAEC/nucleus/Z005/Z5_26.jpg,nucleus,2,Z005,train,Z5_26.jpg
/content/drive/MyDrive/494_Project_test_3/COMI/dataset/BPAEC/nucleus/Z005/Z5_27.jpg,nucleus,2,Z005,train,Z5_27.jpg
/content/drive/MyDrive/494_Project_test_3/COMI/dataset/BPAEC/nucleus/Z005/Z5_28.jpg,nucleus,2,Z005,train,Z5_28.jpg
/content/drive/MyDrive/494_Project_test_3/COMI/dataset/BPAEC/nucleus/Z005/Z5_29.jpg,nucleus,2,Z005,train,Z5_29.jpg
/content/drive/MyDrive/494_Project_test_3/COMI/dataset/BPAEC/nucleus/Z005/Z5_3.jpg,nucleus,2,Z005,train,Z5_3.jpg
/content/drive/MyDrive/494_Project_test_3/COMI/dataset/BPAEC/nucleus/Z005/Z5_30.jpg,nucleus,2,Z005,train,Z5_30.jpg
/content/drive/MyDrive/494_Project_test_3/COMI/dataset/BPAEC/nucleus/Z005/Z5_31.jpg,nucleus,2,Z005,train,Z5_31.jpg
/content/drive/MyDrive/494_Project_test_3/COMI/dataset/BPAEC/nucleus/Z005/Z5_32.jpg,nucleus,2,Z005,train,Z5_32.jpg
/content/drive/MyDrive/494_Project_test_3/COMI/dataset/BPAEC/nucleus/Z005/Z5_33.jpg,nucleus,2,Z005,train,Z5_33.jpg
/content/drive/MyDrive/494_Project_test_3/COMI/dataset/BPAEC/nucleus/Z005/Z5_34.jpg,nucleus,2,Z005,train,Z5_34.jpg
/content/drive/MyDrive/494_Project_test_3/COMI/dataset/BPAEC/nucleus/Z005/Z5_35.jpg,nucleus,2,Z005,train,Z5_35.jpg
/content/drive/MyDrive/494_Project_test_3/COMI/dataset/BPAEC/nucleus/Z005/Z5_36.jpg,nucleus,2,Z005,train,Z5_36.jpg
/content/drive/MyDrive/494_Project_test_3/COMI/dataset/BPAEC/nucleus/Z005/Z5_37.jpg,nucleus,2,Z005,train,Z5_37.jpg
/content/drive/MyDrive/494_Project_test_3/COMI/dataset/BPAEC/nucleus/Z005/Z5_38.jpg,nucleus,2,Z005,train,Z5_38.jpg
/content/drive/MyDrive/494_Project_test_3/COMI/dataset/BPAEC/nucleus/Z005/Z5_39.jpg,nucleus,2,Z005,train,Z5_39.jpg
/content/drive/MyDrive/494_Project_test_3/COMI/dataset/BPAEC/nucleus/Z005/Z5_4.jpg,nucleus,2,Z005,train,Z5_4.jpg
/content/drive/MyDrive/494_Project_test_3/COMI/dataset/BPAEC/nucleus/Z005/Z5_40.jpg,nucleus,2,Z005,train,Z5_40.jpg
/content/drive/MyDrive/494_Project_test_3/COMI/dataset/BPAEC/nucleus/Z005/Z5_41.jpg,nucleus,2,Z005,train,Z5_41.jpg
/content/drive/MyDrive/494_Project_test_3/COMI/dataset/BPAEC/nucleus/Z005/Z5_42.jpg,nucleus,2,Z005,train,Z5_42.jpg
/content/drive/MyDrive/494_Project_test_3/COMI/dataset/BPAEC/nucleus/Z005/Z5_43.jpg,nucleus,2,Z005,train,Z5_43.jpg
/content/drive/MyDrive/494_Project_test_3/COMI/dataset/BPAEC/nucleus/Z005/Z5_44.jpg,nucleus,2,Z005,train,Z5_44.jpg
/content/drive/MyDrive/494_Project_test_3/COMI/dataset/BPAEC/nucleus/Z005/Z5_45.jpg,nucleus,2,Z005,train,Z5_45.jpg
/content/drive/MyDrive/494_Project_test_3/COMI/dataset/BPAEC/nucleus/Z005/Z5_46.jpg,nucleus,2,Z005,train,Z5_46.jpg
/content/drive/MyDrive/494_Project_test_3/COMI/dataset/BPAEC/nucleus/Z005/Z5_47.jpg,nucleus,2,Z005,train,Z5_47.jpg
/content/drive/MyDrive/494_Project_test_3/COMI/dataset/BPAEC/nucleus/Z005/Z5_48.jpg,nucleus,2,Z005,train,Z5_48.jpg
/content/drive/MyDrive/494_Project_test_3/COMI/dataset/BPAEC/nucleus/Z005/Z5_49.jpg,nucleus,2,Z005,train,Z5_49.jpg
/content/drive/MyDrive/494_Project_test_3/COMI/dataset/BPAEC/nucleus/Z005/Z5_5.jpg,nucleus,2,Z005,train,Z5_5.jpg
/content/drive/MyDrive/494_Project_test_3/COMI/dataset/BPAEC/nucleus/Z005/Z5_50.jpg,nucleus,2,Z005,train,Z5_50.jpg
/content/drive/MyDrive/494_Project_test_3/COMI/dataset/BPAEC/nucleus/Z005/Z5_51.jpg,nucleus,2,Z005,train,Z5_51.jpg
/content/drive/MyDrive/494_Project_test_3/COMI/dataset/BPAEC/nucleus/Z005/Z5_52.jpg,nucleus,2,Z005,train,Z5_52.jpg
/content/drive/MyDrive/494_Project_test_3/COMI/dataset/BPAEC/nucleus/Z005/Z5_53.jpg,nucleus,2,Z005,train,Z5_53.jpg
/content/drive/MyDrive/494_Project_test_3/COMI/dataset/BPAEC/nucleus/Z005/Z5_54.jpg,nucleus,2,Z005,train,Z5_54.jpg
/content/drive/MyDrive/494_Project_test_3/COMI/dataset/BPAEC/nucleus/Z005/Z5_55.jpg,nucleus,2,Z005,train,Z5_55.jpg
/content/drive/MyDrive/494_Project_test_3/COMI/dataset/BPAEC/nucleus/Z005/Z5_56.jpg,nucleus,2,Z005,train,Z5_56.jpg
/content/drive/MyDrive/494_Project_test_3/COMI/dataset/BPAEC/nucleus/Z005/Z5_57.jpg,nucleus,2,Z005,train,Z5_57.jpg
/content/drive/MyDrive/494_Project_test_3/COMI/dataset/BPAEC/nucleus/Z005/Z5_58.jpg,nucleus,2,Z005,train,Z5_58.jpg
/content/drive/MyDrive/494_Project_test_3/COMI/dataset/BPAEC/nucleus/Z005/Z5_59.jpg,nucleus,2,Z005,train,Z5_59.jpg
/content/drive/MyDrive/494_Project_test_3/COMI/dataset/BPAEC/nucleus/Z005/Z5_6.jpg,nucleus,2,Z005,train,Z5_6.jpg
/content/drive/MyDrive/494_Project_test_3/COMI/dataset/BPAEC/nucleus/Z005/Z5_60.jpg,nucleus,2,Z005,train,Z5_60.jpg
/content/drive/MyDrive/494_Project_test_3/COMI/dataset/BPAEC/nucleus/Z005/Z5_61.jpg,nucleus,2,Z005,train,Z5_61.jpg
/content/drive/MyDrive/494_Project_test_3/COMI/dataset/BPAEC/nucleus/Z005/Z5_62.jpg,nucleus,2,Z005,train,Z5_62.jpg
/content/drive/MyDrive/494_Project_test_3/COMI/dataset/BPAEC/nucleus/Z005/Z5_63.jpg,nucleus,2,Z005,train,Z5_63.jpg
/content/drive/MyDrive/494_Project_test_3/COMI/dataset/BPAEC/nucleus/Z005/Z5_64.jpg,nucleus,2,Z005,train,Z5_64.jpg
/content/drive/MyDrive/494_Project_test_3/COMI/dataset/BPAEC/nucleus/Z005/Z5_65.jpg,nucleus,2,Z005,train,Z5_65.jpg
/content/drive/MyDrive/494_Project_test_3/COMI/dataset/BPAEC/nucleus/Z005/Z5_66.jpg,nucleus,2,Z005,train,Z5_66.jpg
/content/drive/MyDrive/494_Project_test_3/COMI/dataset/BPAEC/nucleus/Z005/Z5_67.jpg,nucleus,2,Z005,train,Z5_67.jpg
/content/drive/MyDrive/494_Project_test_3/COMI/dataset/BPAEC/nucleus/Z005/Z5_68.jpg,nucleus,2,Z005,train,Z5_68.jpg
/content/drive/MyDrive/494_Project_test_3/COMI/dataset/BPAEC/nucleus/Z005/Z5_69.jpg,nucleus,2,Z005,train,Z5_69.jpg
/content/drive/MyDrive/494_Project_test_3/COMI/dataset/BPAEC/nucleus/Z005/Z5_7.jpg,nucleus,2,Z005,train,Z5_7.jpg
/content/drive/MyDrive/494_Project_test_3/COMI/dataset/BPAEC/nucleus/Z005/Z5_70.jpg,nucleus,2,Z005,train,Z5_70.jpg
/content/drive/MyDrive/494_Project_test_3/COMI/dataset/BPAEC/nucleus/Z005/Z5_71.jpg,nucleus,2,Z005,train,Z5_71.jpg
/content/drive/MyDrive/494_Project_test_3/COMI/dataset/BPAEC/nucleus/Z005/Z5_72.jpg,nucleus,2,Z005,train,Z5_72.jpg
/content/drive/MyDrive/494_Project_test_3/COMI/dataset/BPAEC/nucleus/Z005/Z5_73.jpg,nucleus,2,Z005,train,Z5_73.jpg
/content/drive/MyDrive/494_Project_test_3/COMI/dataset/BPAEC/nucleus/Z005/Z5_74.jpg,nucleus,2,Z005,train,Z5_74.jpg
/content/drive/MyDrive/494_Project_test_3/COMI/dataset/BPAEC/nucleus/Z005/Z5_75.jpg,nucleus,2,Z005,train,Z5_75.jpg
/content/drive/MyDrive/494_Project_test_3/COMI/dataset/BPAEC/nucleus/Z005/Z5_76.jpg,nucleus,2,Z005,train,Z5_76.jpg
/content/drive/MyDrive/494_Project_test_3/COMI/dataset/BPAEC/nucleus/Z005/Z5_77.jpg,nucleus,2,Z005,train,Z5_77.jpg
/content/drive/MyDrive/494_Project_test_3/COMI/dataset/BPAEC/nucleus/Z005/Z5_78.jpg,nucleus,2,Z005,train,Z5_78.jpg
/content/drive/MyDrive/494_Project_test_3/COMI/dataset/BPAEC/nucleus/Z005/Z5_79.jpg,nucleus,2,Z005,train,Z5_79.jpg
/content/drive/MyDrive/494_Project_test_3/COMI/dataset/BPAEC/nucleus/Z005/Z5_8.jpg,nucleus,2,Z005,train,Z5_8.jpg
/content/drive/MyDrive/494_Project_test_3/COMI/dataset/BPAEC/nucleus/Z005/Z5_80.jpg,nucleus,2,Z005,train,Z5_80.jpg
/content/drive/MyDrive/494_Project_test_3/COMI/dataset/BPAEC/nucleus/Z005/Z5_81.jpg,nucleus,2,Z005,train,Z5_81.jpg
/content/drive/MyDrive/494_Project_test_3/COMI/dataset/BPAEC/nucleus/Z005/Z5_82.jpg,nucleus,2,Z005,train,Z5_82.jpg
/content/drive/MyDrive/494_Project_test_3/COMI/dataset/BPAEC/nucleus/Z005/Z5_83.jpg,nucleus,2,Z005,train,Z5_83.jpg
/content/drive/MyDrive/494_Project_test_3/COMI/dataset/BPAEC/nucleus/Z005/Z5_84.jpg,nucleus,2,Z005,train,Z5_84.jpg
/content/drive/MyDrive/494_Project_test_3/COMI/dataset/BPAEC/nucleus/Z005/Z5_85.jpg,nucleus,2,Z005,train,Z5_85.jpg
/content/drive/MyDrive/494_Project_test_3/COMI/dataset/BPAEC/nucleus/Z005/Z5_86.jpg,nucleus,2,Z005,train,Z5_86.jpg
/content/drive/MyDrive/494_Project_test_3/COMI/dataset/BPAEC/nucleus/Z005/Z5_87.jpg,nucleus,2,Z005,train,Z5_87.jpg
/content/drive/MyDrive/494_Project_test_3/COMI/dataset/BPAEC/nucleus/Z005/Z5_88.jpg,nucleus,2,Z005,train,Z5_88.jpg
/content/drive/MyDrive/494_Project_test_3/COMI/dataset/BPAEC/nucleus/Z005/Z5_89.jpg,nucleus,2,Z005,train,Z5_89.jpg
/content/drive/MyDrive/494_Project_test_3/COMI/dataset/BPAEC/nucleus/Z005/Z5_9.jpg,nucleus,2,Z005,train,Z5_9.jpg
/content/drive/MyDrive/494_Project_test_3/COMI/dataset/BPAEC/nucleus/Z005/Z5_90.jpg,nucleus,2,Z005,train,Z5_90.jpg
/content/drive/MyDrive/494_Project_test_3/COMI/dataset/BPAEC/nucleus/Z005/Z5_91.jpg,nucleus,2,Z005,train,Z5_91.jpg
/content/drive/MyDrive/494_Project_test_3/COMI/dataset/BPAEC/nucleus/Z005/Z5_92.jpg,nucleus,2,Z005,train,Z5_92.jpg
/content/drive/MyDrive/494_Project_test_3/COMI/dataset/BPAEC/nucleus/Z005/Z5_93.jpg,nucleus,2,Z005,train,Z5_93.jpg
/content/drive/MyDrive/494_Project_test_3/COMI/dataset/BPAEC/nucleus/Z005/Z5_94.jpg,nucleus,2,Z005,train,Z5_94.jpg
/content/drive/MyDrive/494_Project_test_3/COMI/dataset/BPAEC/nucleus/Z005/Z5_95.jpg,nucleus,2,Z005,train,Z5_95.jpg
/content/drive/MyDrive/494_Project_test_3/COMI/dataset/BPAEC/nucleus/Z005/Z5_96.jpg,nucleus,2,Z005,train,Z5_96.jpg
/content/drive/MyDrive/494_Project_test_3/COMI/dataset/BPAEC/nucleus/Z005/Z5_97.jpg,nucleus,2,Z005,train,Z5_97.jpg
/content/drive/MyDrive/494_Project_test_3/COMI/dataset/BPAEC/nucleus/Z005/Z5_98.jpg,nucleus,2,Z005,train,Z5_98.jpg
/content/drive/MyDrive/494_Project_test_3/COMI/dataset/BPAEC/nucleus/Z005/Z5_99.jpg,nucleus,2,Z005,train,Z5_99.jpg
/content/drive/MyDrive/494_Project_test_3/COMI/dataset/BPAEC/nucleus/Z006/Z6_0.jpg,nucleus,2,Z006,train,Z6_0.jpg
/content/drive/MyDrive/494_Project_test_3/COMI/dataset/BPAEC/nucleus/Z006/Z6_1.jpg,nucleus,2,Z006,train,Z6_1.jpg
/content/drive/MyDrive/494_Project_test_3/COMI/dataset/BPAEC/nucleus/Z006/Z6_10.jpg,nucleus,2,Z006,train,Z6_10.jpg
/content/drive/MyDrive/494_Project_test_3/COMI/dataset/BPAEC/nucleus/Z006/Z6_11.jpg,nucleus,2,Z006,train,Z6_11.jpg
/content/drive/MyDrive/494_Project_test_3/COMI/dataset/BPAEC/nucleus/Z006/Z6_12.jpg,nucleus,2,Z006,train,Z6_12.jpg
/content/drive/MyDrive/494_Project_test_3/COMI/dataset/BPAEC/nucleus/Z006/Z6_13.jpg,nucleus,2,Z006,train,Z6_13.jpg
/content/drive/MyDrive/494_Project_test_3/COMI/dataset/BPAEC/nucleus/Z006/Z6_14.jpg,nucleus,2,Z006,train,Z6_14.jpg
/content/drive/MyDrive/494_Project_test_3/COMI/dataset/BPAEC/nucleus/Z006/Z6_15.jpg,nucleus,2,Z006,train,Z6_15.jpg
/content/drive/MyDrive/494_Project_test_3/COMI/dataset/BPAEC/nucleus/Z006/Z6_16.jpg,nucleus,2,Z006,train,Z6_16.jpg
/content/drive/MyDrive/494_Project_test_3/COMI/dataset/BPAEC/nucleus/Z006/Z6_17.jpg,nucleus,2,Z006,train,Z6_17.jpg
/content/drive/MyDrive/494_Project_test_3/COMI/dataset/BPAEC/nucleus/Z006/Z6_18.jpg,nucleus,2,Z006,train,Z6_18.jpg
/content/drive/MyDrive/494_Project_test_3/COMI/dataset/BPAEC/nucleus/Z006/Z6_19.jpg,nucleus,2,Z006,train,Z6_19.jpg
/content/drive/MyDrive/494_Project_test_3/COMI/dataset/BPAEC/nucleus/Z006/Z6_2.jpg,nucleus,2,Z006,train,Z6_2.jpg
/content/drive/MyDrive/494_Project_test_3/COMI/dataset/BPAEC/nucleus/Z006/Z6_20.jpg,nucleus,2,Z006,train,Z6_20.jpg
/content/drive/MyDrive/494_Project_test_3/COMI/dataset/BPAEC/nucleus/Z006/Z6_21.jpg,nucleus,2,Z006,train,Z6_21.jpg
/content/drive/MyDrive/494_Project_test_3/COMI/dataset/BPAEC/nucleus/Z006/Z6_22.jpg,nucleus,2,Z006,train,Z6_22.jpg
/content/drive/MyDrive/494_Project_test_3/COMI/dataset/BPAEC/nucleus/Z006/Z6_23.jpg,nucleus,2,Z006,train,Z6_23.jpg
/content/drive/MyDrive/494_Project_test_3/COMI/dataset/BPAEC/nucleus/Z006/Z6_24.jpg,nucleus,2,Z006,train,Z6_24.jpg
/content/drive/MyDrive/494_Project_test_3/COMI/dataset/BPAEC/nucleus/Z006/Z6_25.jpg,nucleus,2,Z006,train,Z6_25.jpg
/content/drive/MyDrive/494_Project_test_3/COMI/dataset/BPAEC/nucleus/Z006/Z6_26.jpg,nucleus,2,Z006,train,Z6_26.jpg
/content/drive/MyDrive/494_Project_test_3/COMI/dataset/BPAEC/nucleus/Z006/Z6_27.jpg,nucleus,2,Z006,train,Z6_27.jpg
/content/drive/MyDrive/494_Project_test_3/COMI/dataset/BPAEC/nucleus/Z006/Z6_28.jpg,nucleus,2,Z006,train,Z6_28.jpg
/content/drive/MyDrive/494_Project_test_3/COMI/dataset/BPAEC/nucleus/Z006/Z6_29.jpg,nucleus,2,Z006,train,Z6_29.jpg
/content/drive/MyDrive/494_Project_test_3/COMI/dataset/BPAEC/nucleus/Z006/Z6_3.jpg,nucleus,2,Z006,train,Z6_3.jpg
/content/drive/MyDrive/494_Project_test_3/COMI/dataset/BPAEC/nucleus/Z006/Z6_30.jpg,nucleus,2,Z006,train,Z6_30.jpg
/content/drive/MyDrive/494_Project_test_3/COMI/dataset/BPAEC/nucleus/Z006/Z6_31.jpg,nucleus,2,Z006,train,Z6_31.jpg
/content/drive/MyDrive/494_Project_test_3/COMI/dataset/BPAEC/nucleus/Z006/Z6_32.jpg,nucleus,2,Z006,train,Z6_32.jpg
/content/drive/MyDrive/494_Project_test_3/COMI/dataset/BPAEC/nucleus/Z006/Z6_33.jpg,nucleus,2,Z006,train,Z6_33.jpg
/content/drive/MyDrive/494_Project_test_3/COMI/dataset/BPAEC/nucleus/Z006/Z6_34.jpg,nucleus,2,Z006,train,Z6_34.jpg
/content/drive/MyDrive/494_Project_test_3/COMI/dataset/BPAEC/nucleus/Z006/Z6_35.jpg,nucleus,2,Z006,train,Z6_35.jpg
/content/drive/MyDrive/494_Project_test_3/COMI/dataset/BPAEC/nucleus/Z006/Z6_36.jpg,nucleus,2,Z006,train,Z6_36.jpg
/content/drive/MyDrive/494_Project_test_3/COMI/dataset/BPAEC/nucleus/Z006/Z6_37.jpg,nucleus,2,Z006,train,Z6_37.jpg
/content/drive/MyDrive/494_Project_test_3/COMI/dataset/BPAEC/nucleus/Z006/Z6_38.jpg,nucleus,2,Z006,train,Z6_38.jpg
/content/drive/MyDrive/494_Project_test_3/COMI/dataset/BPAEC/nucleus/Z006/Z6_39.jpg,nucleus,2,Z006,train,Z6_39.jpg
/content/drive/MyDrive/494_Project_test_3/COMI/dataset/BPAEC/nucleus/Z006/Z6_4.jpg,nucleus,2,Z006,train,Z6_4.jpg
/content/drive/MyDrive/494_Project_test_3/COMI/dataset/BPAEC/nucleus/Z006/Z6_40.jpg,nucleus,2,Z006,train,Z6_40.jpg
/content/drive/MyDrive/494_Project_test_3/COMI/dataset/BPAEC/nucleus/Z006/Z6_41.jpg,nucleus,2,Z006,train,Z6_41.jpg
/content/drive/MyDrive/494_Project_test_3/COMI/dataset/BPAEC/nucleus/Z006/Z6_42.jpg,nucleus,2,Z006,train,Z6_42.jpg
/content/drive/MyDrive/494_Project_test_3/COMI/dataset/BPAEC/nucleus/Z006/Z6_43.jpg,nucleus,2,Z006,train,Z6_43.jpg
/content/drive/MyDrive/494_Project_test_3/COMI/dataset/BPAEC/nucleus/Z006/Z6_44.jpg,nucleus,2,Z006,train,Z6_44.jpg
/content/drive/MyDrive/494_Project_test_3/COMI/dataset/BPAEC/nucleus/Z006/Z6_45.jpg,nucleus,2,Z006,train,Z6_45.jpg
/content/drive/MyDrive/494_Project_test_3/COMI/dataset/BPAEC/nucleus/Z006/Z6_46.jpg,nucleus,2,Z006,train,Z6_46.jpg
/content/drive/MyDrive/494_Project_test_3/COMI/dataset/BPAEC/nucleus/Z006/Z6_47.jpg,nucleus,2,Z006,train,Z6_47.jpg
/content/drive/MyDrive/494_Project_test_3/COMI/dataset/BPAEC/nucleus/Z006/Z6_48.jpg,nucleus,2,Z006,train,Z6_48.jpg
/content/drive/MyDrive/494_Project_test_3/COMI/dataset/BPAEC/nucleus/Z006/Z6_49.jpg,nucleus,2,Z006,train,Z6_49.jpg
/content/drive/MyDrive/494_Project_test_3/COMI/dataset/BPAEC/nucleus/Z006/Z6_5.jpg,nucleus,2,Z006,train,Z6_5.jpg
/content/drive/MyDrive/494_Project_test_3/COMI/dataset/BPAEC/nucleus/Z006/Z6_50.jpg,nucleus,2,Z006,train,Z6_50.jpg
/content/drive/MyDrive/494_Project_test_3/COMI/dataset/BPAEC/nucleus/Z006/Z6_51.jpg,nucleus,2,Z006,train,Z6_51.jpg
/content/drive/MyDrive/494_Project_test_3/COMI/dataset/BPAEC/nucleus/Z006/Z6_52.jpg,nucleus,2,Z006,train,Z6_52.jpg
/content/drive/MyDrive/494_Project_test_3/COMI/dataset/BPAEC/nucleus/Z006/Z6_53.jpg,nucleus,2,Z006,train,Z6_53.jpg
/content/drive/MyDrive/494_Project_test_3/COMI/dataset/BPAEC/nucleus/Z006/Z6_54.jpg,nucleus,2,Z006,train,Z6_54.jpg
/content/drive/MyDrive/494_Project_test_3/COMI/dataset/BPAEC/nucleus/Z006/Z6_55.jpg,nucleus,2,Z006,train,Z6_55.jpg
/content/drive/MyDrive/494_Project_test_3/COMI/dataset/BPAEC/nucleus/Z006/Z6_56.jpg,nucleus,2,Z006,train,Z6_56.jpg
/content/drive/MyDrive/494_Project_test_3/COMI/dataset/BPAEC/nucleus/Z006/Z6_57.jpg,nucleus,2,Z006,train,Z6_57.jpg
/content/drive/MyDrive/494_Project_test_3/COMI/dataset/BPAEC/nucleus/Z006/Z6_58.jpg,nucleus,2,Z006,train,Z6_58.jpg
/content/drive/MyDrive/494_Project_test_3/COMI/dataset/BPAEC/nucleus/Z006/Z6_59.jpg,nucleus,2,Z006,train,Z6_59.jpg
/content/drive/MyDrive/494_Project_test_3/COMI/dataset/BPAEC/nucleus/Z006/Z6_6.jpg,nucleus,2,Z006,train,Z6_6.jpg
/content/drive/MyDrive/494_Project_test_3/COMI/dataset/BPAEC/nucleus/Z006/Z6_60.jpg,nucleus,2,Z006,train,Z6_60.jpg
/content/drive/MyDrive/494_Project_test_3/COMI/dataset/BPAEC/nucleus/Z006/Z6_61.jpg,nucleus,2,Z006,train,Z6_61.jpg
/content/drive/MyDrive/494_Project_test_3/COMI/dataset/BPAEC/nucleus/Z006/Z6_62.jpg,nucleus,2,Z006,train,Z6_62.jpg
/content/drive/MyDrive/494_Project_test_3/COMI/dataset/BPAEC/nucleus/Z006/Z6_63.jpg,nucleus,2,Z006,train,Z6_63.jpg
/content/drive/MyDrive/494_Project_test_3/COMI/dataset/BPAEC/nucleus/Z006/Z6_64.jpg,nucleus,2,Z006,train,Z6_64.jpg
/content/drive/MyDrive/494_Project_test_3/COMI/dataset/BPAEC/nucleus/Z006/Z6_65.jpg,nucleus,2,Z006,train,Z6_65.jpg
/content/drive/MyDrive/494_Project_test_3/COMI/dataset/BPAEC/nucleus/Z006/Z6_66.jpg,nucleus,2,Z006,train,Z6_66.jpg
/content/drive/MyDrive/494_Project_test_3/COMI/dataset/BPAEC/nucleus/Z006/Z6_67.jpg,nucleus,2,Z006,train,Z6_67.jpg
/content/drive/MyDrive/494_Project_test_3/COMI/dataset/BPAEC/nucleus/Z006/Z6_68.jpg,nucleus,2,Z006,train,Z6_68.jpg
/content/drive/MyDrive/494_Project_test_3/COMI/dataset/BPAEC/nucleus/Z006/Z6_69.jpg,nucleus,2,Z006,train,Z6_69.jpg
/content/drive/MyDrive/494_Project_test_3/COMI/dataset/BPAEC/nucleus/Z006/Z6_7.jpg,nucleus,2,Z006,train,Z6_7.jpg
/content/drive/MyDrive/494_Project_test_3/COMI/dataset/BPAEC/nucleus/Z006/Z6_70.jpg,nucleus,2,Z006,train,Z6_70.jpg
/content/drive/MyDrive/494_Project_test_3/COMI/dataset/BPAEC/nucleus/Z006/Z6_71.jpg,nucleus,2,Z006,train,Z6_71.jpg
/content/drive/MyDrive/494_Project_test_3/COMI/dataset/BPAEC/nucleus/Z006/Z6_72.jpg,nucleus,2,Z006,train,Z6_72.jpg
/content/drive/MyDrive/494_Project_test_3/COMI/dataset/BPAEC/nucleus/Z006/Z6_73.jpg,nucleus,2,Z006,train,Z6_73.jpg
/content/drive/MyDrive/494_Project_test_3/COMI/dataset/BPAEC/nucleus/Z006/Z6_74.jpg,nucleus,2,Z006,train,Z6_74.jpg
/content/drive/MyDrive/494_Project_test_3/COMI/dataset/BPAEC/nucleus/Z006/Z6_75.jpg,nucleus,2,Z006,train,Z6_75.jpg
/content/drive/MyDrive/494_Project_test_3/COMI/dataset/BPAEC/nucleus/Z006/Z6_76.jpg,nucleus,2,Z006,train,Z6_76.jpg
/content/drive/MyDrive/494_Project_test_3/COMI/dataset/BPAEC/nucleus/Z006/Z6_77.jpg,nucleus,2,Z006,train,Z6_77.jpg
/content/drive/MyDrive/494_Project_test_3/COMI/dataset/BPAEC/nucleus/Z006/Z6_78.jpg,nucleus,2,Z006,train,Z6_78.jpg
/content/drive/MyDrive/494_Project_test_3/COMI/dataset/BPAEC/nucleus/Z006/Z6_79.jpg,nucleus,2,Z006,train,Z6_79.jpg
/content/drive/MyDrive/494_Project_test_3/COMI/dataset/BPAEC/nucleus/Z006/Z6_8.jpg,nucleus,2,Z006,train,Z6_8.jpg
/content/drive/MyDrive/494_Project_test_3/COMI/dataset/BPAEC/nucleus/Z006/Z6_80.jpg,nucleus,2,Z006,train,Z6_80.jpg
/content/drive/MyDrive/494_Project_test_3/COMI/dataset/BPAEC/nucleus/Z006/Z6_81.jpg,nucleus,2,Z006,train,Z6_81.jpg
/content/drive/MyDrive/494_Project_test_3/COMI/dataset/BPAEC/nucleus/Z006/Z6_82.jpg,nucleus,2,Z006,train,Z6_82.jpg
/content/drive/MyDrive/494_Project_test_3/COMI/dataset/BPAEC/nucleus/Z006/Z6_83.jpg,nucleus,2,Z006,train,Z6_83.jpg
/content/drive/MyDrive/494_Project_test_3/COMI/dataset/BPAEC/nucleus/Z006/Z6_84.jpg,nucleus,2,Z006,train,Z6_84.jpg
/content/drive/MyDrive/494_Project_test_3/COMI/dataset/BPAEC/nucleus/Z006/Z6_85.jpg,nucleus,2,Z006,train,Z6_85.jpg
/content/drive/MyDrive/494_Project_test_3/COMI/dataset/BPAEC/nucleus/Z006/Z6_86.jpg,nucleus,2,Z006,train,Z6_86.jpg
/content/drive/MyDrive/494_Project_test_3/COMI/dataset/BPAEC/nucleus/Z006/Z6_87.jpg,nucleus,2,Z006,train,Z6_87.jpg
/content/drive/MyDrive/494_Project_test_3/COMI/dataset/BPAEC/nucleus/Z006/Z6_88.jpg,nucleus,2,Z006,train,Z6_88.jpg
/content/drive/MyDrive/494_Project_test_3/COMI/dataset/BPAEC/nucleus/Z006/Z6_89.jpg,nucleus,2,Z006,train,Z6_89.jpg
/content/drive/MyDrive/494_Project_test_3/COMI/dataset/BPAEC/nucleus/Z006/Z6_9.jpg,nucleus,2,Z006,train,Z6_9.jpg
/content/drive/MyDrive/494_Project_test_3/COMI/dataset/BPAEC/nucleus/Z006/Z6_90.jpg,nucleus,2,Z006,train,Z6_90.jpg
/content/drive/MyDrive/494_Project_test_3/COMI/dataset/BPAEC/nucleus/Z006/Z6_91.jpg,nucleus,2,Z006,train,Z6_91.jpg
/content/drive/MyDrive/494_Project_test_3/COMI/dataset/BPAEC/nucleus/Z006/Z6_92.jpg,nucleus,2,Z006,train,Z6_92.jpg
/content/drive/MyDrive/494_Project_test_3/COMI/dataset/BPAEC/nucleus/Z006/Z6_93.jpg,nucleus,2,Z006,train,Z6_93.jpg
/content/drive/MyDrive/494_Project_test_3/COMI/dataset/BPAEC/nucleus/Z006/Z6_94.jpg,nucleus,2,Z006,train,Z6_94.jpg
/content/drive/MyDrive/494_Project_test_3/COMI/dataset/BPAEC/nucleus/Z006/Z6_95.jpg,nucleus,2,Z006,train,Z6_95.jpg
/content/drive/MyDrive/494_Project_test_3/COMI/dataset/BPAEC/nucleus/Z006/Z6_96.jpg,nucleus,2,Z006,train,Z6_96.jpg
/content/drive/MyDrive/494_Project_test_3/COMI/dataset/BPAEC/nucleus/Z006/Z6_97.jpg,nucleus,2,Z006,train,Z6_97.jpg
/content/drive/MyDrive/494_Project_test_3/COMI/dataset/BPAEC/nucleus/Z006/Z6_98.jpg,nucleus,2,Z006,train,Z6_98.jpg
/content/drive/MyDrive/494_Project_test_3/COMI/dataset/BPAEC/nucleus/Z006/Z6_99.jpg,nucleus,2,Z006,train,Z6_99.jpg
/content/drive/MyDrive/494_Project_test_3/COMI/dataset/BPAEC/nucleus/Z007/Z7_0.jpg,nucleus,2,Z007,train,Z7_0.jpg
/content/drive/MyDrive/494_Project_test_3/COMI/dataset/BPAEC/nucleus/Z007/Z7_1.jpg,nucleus,2,Z007,train,Z7_1.jpg
/content/drive/MyDrive/494_Project_test_3/COMI/dataset/BPAEC/nucleus/Z007/Z7_10.jpg,nucleus,2,Z007,train,Z7_10.jpg
/content/drive/MyDrive/494_Project_test_3/COMI/dataset/BPAEC/nucleus/Z007/Z7_11.jpg,nucleus,2,Z007,train,Z7_11.jpg
/content/drive/MyDrive/494_Project_test_3/COMI/dataset/BPAEC/nucleus/Z007/Z7_12.jpg,nucleus,2,Z007,train,Z7_12.jpg
/content/drive/MyDrive/494_Project_test_3/COMI/dataset/BPAEC/nucleus/Z007/Z7_13.jpg,nucleus,2,Z007,train,Z7_13.jpg
/content/drive/MyDrive/494_Project_test_3/COMI/dataset/BPAEC/nucleus/Z007/Z7_14.jpg,nucleus,2,Z007,train,Z7_14.jpg
/content/drive/MyDrive/494_Project_test_3/COMI/dataset/BPAEC/nucleus/Z007/Z7_15.jpg,nucleus,2,Z007,train,Z7_15.jpg
/content/drive/MyDrive/494_Project_test_3/COMI/dataset/BPAEC/nucleus/Z007/Z7_16.jpg,nucleus,2,Z007,train,Z7_16.jpg
/content/drive/MyDrive/494_Project_test_3/COMI/dataset/BPAEC/nucleus/Z007/Z7_17.jpg,nucleus,2,Z007,train,Z7_17.jpg
/content/drive/MyDrive/494_Project_test_3/COMI/dataset/BPAEC/nucleus/Z007/Z7_18.jpg,nucleus,2,Z007,train,Z7_18.jpg
/content/drive/MyDrive/494_Project_test_3/COMI/dataset/BPAEC/nucleus/Z007/Z7_19.jpg,nucleus,2,Z007,train,Z7_19.jpg
/content/drive/MyDrive/494_Project_test_3/COMI/dataset/BPAEC/nucleus/Z007/Z7_2.jpg,nucleus,2,Z007,train,Z7_2.jpg
/content/drive/MyDrive/494_Project_test_3/COMI/dataset/BPAEC/nucleus/Z007/Z7_20.jpg,nucleus,2,Z007,train,Z7_20.jpg
/content/drive/MyDrive/494_Project_test_3/COMI/dataset/BPAEC/nucleus/Z007/Z7_21.jpg,nucleus,2,Z007,train,Z7_21.jpg
/content/drive/MyDrive/494_Project_test_3/COMI/dataset/BPAEC/nucleus/Z007/Z7_22.jpg,nucleus,2,Z007,train,Z7_22.jpg
/content/drive/MyDrive/494_Project_test_3/COMI/dataset/BPAEC/nucleus/Z007/Z7_23.jpg,nucleus,2,Z007,train,Z7_23.jpg
/content/drive/MyDrive/494_Project_test_3/COMI/dataset/BPAEC/nucleus/Z007/Z7_24.jpg,nucleus,2,Z007,train,Z7_24.jpg
/content/drive/MyDrive/494_Project_test_3/COMI/dataset/BPAEC/nucleus/Z007/Z7_25.jpg,nucleus,2,Z007,train,Z7_25.jpg
/content/drive/MyDrive/494_Project_test_3/COMI/dataset/BPAEC/nucleus/Z007/Z7_26.jpg,nucleus,2,Z007,train,Z7_26.jpg
/content/drive/MyDrive/494_Project_test_3/COMI/dataset/BPAEC/nucleus/Z007/Z7_27.jpg,nucleus,2,Z007,train,Z7_27.jpg
/content/drive/MyDrive/494_Project_test_3/COMI/dataset/BPAEC/nucleus/Z007/Z7_28.jpg,nucleus,2,Z007,train,Z7_28.jpg
/content/drive/MyDrive/494_Project_test_3/COMI/dataset/BPAEC/nucleus/Z007/Z7_29.jpg,nucleus,2,Z007,train,Z7_29.jpg
/content/drive/MyDrive/494_Project_test_3/COMI/dataset/BPAEC/nucleus/Z007/Z7_3.jpg,nucleus,2,Z007,train,Z7_3.jpg
/content/drive/MyDrive/494_Project_test_3/COMI/dataset/BPAEC/nucleus/Z007/Z7_30.jpg,nucleus,2,Z007,train,Z7_30.jpg
/content/drive/MyDrive/494_Project_test_3/COMI/dataset/BPAEC/nucleus/Z007/Z7_31.jpg,nucleus,2,Z007,train,Z7_31.jpg
/content/drive/MyDrive/494_Project_test_3/COMI/dataset/BPAEC/nucleus/Z007/Z7_32.jpg,nucleus,2,Z007,train,Z7_32.jpg
/content/drive/MyDrive/494_Project_test_3/COMI/dataset/BPAEC/nucleus/Z007/Z7_33.jpg,nucleus,2,Z007,train,Z7_33.jpg
/content/drive/MyDrive/494_Project_test_3/COMI/dataset/BPAEC/nucleus/Z007/Z7_34.jpg,nucleus,2,Z007,train,Z7_34.jpg
/content/drive/MyDrive/494_Project_test_3/COMI/dataset/BPAEC/nucleus/Z007/Z7_35.jpg,nucleus,2,Z007,train,Z7_35.jpg
/content/drive/MyDrive/494_Project_test_3/COMI/dataset/BPAEC/nucleus/Z007/Z7_36.jpg,nucleus,2,Z007,train,Z7_36.jpg
/content/drive/MyDrive/494_Project_test_3/COMI/dataset/BPAEC/nucleus/Z007/Z7_37.jpg,nucleus,2,Z007,train,Z7_37.jpg
/content/drive/MyDrive/494_Project_test_3/COMI/dataset/BPAEC/nucleus/Z007/Z7_38.jpg,nucleus,2,Z007,train,Z7_38.jpg
/content/drive/MyDrive/494_Project_test_3/COMI/dataset/BPAEC/nucleus/Z007/Z7_39.jpg,nucleus,2,Z007,train,Z7_39.jpg
/content/drive/MyDrive/494_Project_test_3/COMI/dataset/BPAEC/nucleus/Z007/Z7_4.jpg,nucleus,2,Z007,train,Z7_4.jpg
/content/drive/MyDrive/494_Project_test_3/COMI/dataset/BPAEC/nucleus/Z007/Z7_40.jpg,nucleus,2,Z007,train,Z7_40.jpg
/content/drive/MyDrive/494_Project_test_3/COMI/dataset/BPAEC/nucleus/Z007/Z7_41.jpg,nucleus,2,Z007,train,Z7_41.jpg
/content/drive/MyDrive/494_Project_test_3/COMI/dataset/BPAEC/nucleus/Z007/Z7_42.jpg,nucleus,2,Z007,train,Z7_42.jpg
/content/drive/MyDrive/494_Project_test_3/COMI/dataset/BPAEC/nucleus/Z007/Z7_43.jpg,nucleus,2,Z007,train,Z7_43.jpg
/content/drive/MyDrive/494_Project_test_3/COMI/dataset/BPAEC/nucleus/Z007/Z7_44.jpg,nucleus,2,Z007,train,Z7_44.jpg
/content/drive/MyDrive/494_Project_test_3/COMI/dataset/BPAEC/nucleus/Z007/Z7_45.jpg,nucleus,2,Z007,train,Z7_45.jpg
/content/drive/MyDrive/494_Project_test_3/COMI/dataset/BPAEC/nucleus/Z007/Z7_46.jpg,nucleus,2,Z007,train,Z7_46.jpg
/content/drive/MyDrive/494_Project_test_3/COMI/dataset/BPAEC/nucleus/Z007/Z7_47.jpg,nucleus,2,Z007,train,Z7_47.jpg
/content/drive/MyDrive/494_Project_test_3/COMI/dataset/BPAEC/nucleus/Z007/Z7_48.jpg,nucleus,2,Z007,train,Z7_48.jpg
/content/drive/MyDrive/494_Project_test_3/COMI/dataset/BPAEC/nucleus/Z007/Z7_49.jpg,nucleus,2,Z007,train,Z7_49.jpg
/content/drive/MyDrive/494_Project_test_3/COMI/dataset/BPAEC/nucleus/Z007/Z7_5.jpg,nucleus,2,Z007,train,Z7_5.jpg
/content/drive/MyDrive/494_Project_test_3/COMI/dataset/BPAEC/nucleus/Z007/Z7_50.jpg,nucleus,2,Z007,train,Z7_50.jpg
/content/drive/MyDrive/494_Project_test_3/COMI/dataset/BPAEC/nucleus/Z007/Z7_51.jpg,nucleus,2,Z007,train,Z7_51.jpg
/content/drive/MyDrive/494_Project_test_3/COMI/dataset/BPAEC/nucleus/Z007/Z7_52.jpg,nucleus,2,Z007,train,Z7_52.jpg
/content/drive/MyDrive/494_Project_test_3/COMI/dataset/BPAEC/nucleus/Z007/Z7_53.jpg,nucleus,2,Z007,train,Z7_53.jpg
/content/drive/MyDrive/494_Project_test_3/COMI/dataset/BPAEC/nucleus/Z007/Z7_54.jpg,nucleus,2,Z007,train,Z7_54.jpg
/content/drive/MyDrive/494_Project_test_3/COMI/dataset/BPAEC/nucleus/Z007/Z7_55.jpg,nucleus,2,Z007,train,Z7_55.jpg
/content/drive/MyDrive/494_Project_test_3/COMI/dataset/BPAEC/nucleus/Z007/Z7_56.jpg,nucleus,2,Z007,train,Z7_56.jpg
/content/drive/MyDrive/494_Project_test_3/COMI/dataset/BPAEC/nucleus/Z007/Z7_57.jpg,nucleus,2,Z007,train,Z7_57.jpg
/content/drive/MyDrive/494_Project_test_3/COMI/dataset/BPAEC/nucleus/Z007/Z7_58.jpg,nucleus,2,Z007,train,Z7_58.jpg
/content/drive/MyDrive/494_Project_test_3/COMI/dataset/BPAEC/nucleus/Z007/Z7_59.jpg,nucleus,2,Z007,train,Z7_59.jpg
/content/drive/MyDrive/494_Project_test_3/COMI/dataset/BPAEC/nucleus/Z007/Z7_6.jpg,nucleus,2,Z007,train,Z7_6.jpg
/content/drive/MyDrive/494_Project_test_3/COMI/dataset/BPAEC/nucleus/Z007/Z7_60.jpg,nucleus,2,Z007,train,Z7_60.jpg
/content/drive/MyDrive/494_Project_test_3/COMI/dataset/BPAEC/nucleus/Z007/Z7_61.jpg,nucleus,2,Z007,train,Z7_61.jpg
/content/drive/MyDrive/494_Project_test_3/COMI/dataset/BPAEC/nucleus/Z007/Z7_62.jpg,nucleus,2,Z007,train,Z7_62.jpg
/content/drive/MyDrive/494_Project_test_3/COMI/dataset/BPAEC/nucleus/Z007/Z7_63.jpg,nucleus,2,Z007,train,Z7_63.jpg
/content/drive/MyDrive/494_Project_test_3/COMI/dataset/BPAEC/nucleus/Z007/Z7_64.jpg,nucleus,2,Z007,train,Z7_64.jpg
/content/drive/MyDrive/494_Project_test_3/COMI/dataset/BPAEC/nucleus/Z007/Z7_65.jpg,nucleus,2,Z007,train,Z7_65.jpg
/content/drive/MyDrive/494_Project_test_3/COMI/dataset/BPAEC/nucleus/Z007/Z7_66.jpg,nucleus,2,Z007,train,Z7_66.jpg
/content/drive/MyDrive/494_Project_test_3/COMI/dataset/BPAEC/nucleus/Z007/Z7_67.jpg,nucleus,2,Z007,train,Z7_67.jpg
/content/drive/MyDrive/494_Project_test_3/COMI/dataset/BPAEC/nucleus/Z007/Z7_68.jpg,nucleus,2,Z007,train,Z7_68.jpg
/content/drive/MyDrive/494_Project_test_3/COMI/dataset/BPAEC/nucleus/Z007/Z7_69.jpg,nucleus,2,Z007,train,Z7_69.jpg
/content/drive/MyDrive/494_Project_test_3/COMI/dataset/BPAEC/nucleus/Z007/Z7_7.jpg,nucleus,2,Z007,train,Z7_7.jpg
/content/drive/MyDrive/494_Project_test_3/COMI/dataset/BPAEC/nucleus/Z007/Z7_70.jpg,nucleus,2,Z007,train,Z7_70.jpg
/content/drive/MyDrive/494_Project_test_3/COMI/dataset/BPAEC/nucleus/Z007/Z7_71.jpg,nucleus,2,Z007,train,Z7_71.jpg
/content/drive/MyDrive/494_Project_test_3/COMI/dataset/BPAEC/nucleus/Z007/Z7_72.jpg,nucleus,2,Z007,train,Z7_72.jpg
/content/drive/MyDrive/494_Project_test_3/COMI/dataset/BPAEC/nucleus/Z007/Z7_73.jpg,nucleus,2,Z007,train,Z7_73.jpg
/content/drive/MyDrive/494_Project_test_3/COMI/dataset/BPAEC/nucleus/Z007/Z7_74.jpg,nucleus,2,Z007,train,Z7_74.jpg
/content/drive/MyDrive/494_Project_test_3/COMI/dataset/BPAEC/nucleus/Z007/Z7_75.jpg,nucleus,2,Z007,train,Z7_75.jpg
/content/drive/MyDrive/494_Project_test_3/COMI/dataset/BPAEC/nucleus/Z007/Z7_76.jpg,nucleus,2,Z007,train,Z7_76.jpg
/content/drive/MyDrive/494_Project_test_3/COMI/dataset/BPAEC/nucleus/Z007/Z7_77.jpg,nucleus,2,Z007,train,Z7_77.jpg
/content/drive/MyDrive/494_Project_test_3/COMI/dataset/BPAEC/nucleus/Z007/Z7_78.jpg,nucleus,2,Z007,train,Z7_78.jpg
/content/drive/MyDrive/494_Project_test_3/COMI/dataset/BPAEC/nucleus/Z007/Z7_79.jpg,nucleus,2,Z007,train,Z7_79.jpg
/content/drive/MyDrive/494_Project_test_3/COMI/dataset/BPAEC/nucleus/Z007/Z7_8.jpg,nucleus,2,Z007,train,Z7_8.jpg
/content/drive/MyDrive/494_Project_test_3/COMI/dataset/BPAEC/nucleus/Z007/Z7_80.jpg,nucleus,2,Z007,train,Z7_80.jpg
/content/drive/MyDrive/494_Project_test_3/COMI/dataset/BPAEC/nucleus/Z007/Z7_81.jpg,nucleus,2,Z007,train,Z7_81.jpg
/content/drive/MyDrive/494_Project_test_3/COMI/dataset/BPAEC/nucleus/Z007/Z7_82.jpg,nucleus,2,Z007,train,Z7_82.jpg
/content/drive/MyDrive/494_Project_test_3/COMI/dataset/BPAEC/nucleus/Z007/Z7_83.jpg,nucleus,2,Z007,train,Z7_83.jpg
/content/drive/MyDrive/494_Project_test_3/COMI/dataset/BPAEC/nucleus/Z007/Z7_84.jpg,nucleus,2,Z007,train,Z7_84.jpg
/content/drive/MyDrive/494_Project_test_3/COMI/dataset/BPAEC/nucleus/Z007/Z7_85.jpg,nucleus,2,Z007,train,Z7_85.jpg
/content/drive/MyDrive/494_Project_test_3/COMI/dataset/BPAEC/nucleus/Z007/Z7_86.jpg,nucleus,2,Z007,train,Z7_86.jpg
/content/drive/MyDrive/494_Project_test_3/COMI/dataset/BPAEC/nucleus/Z007/Z7_87.jpg,nucleus,2,Z007,train,Z7_87.jpg
/content/drive/MyDrive/494_Project_test_3/COMI/dataset/BPAEC/nucleus/Z007/Z7_88.jpg,nucleus,2,Z007,train,Z7_88.jpg
/content/drive/MyDrive/494_Project_test_3/COMI/dataset/BPAEC/nucleus/Z007/Z7_89.jpg,nucleus,2,Z007,train,Z7_89.jpg
/content/drive/MyDrive/494_Project_test_3/COMI/dataset/BPAEC/nucleus/Z007/Z7_9.jpg,nucleus,2,Z007,train,Z7_9.jpg
/content/drive/MyDrive/494_Project_test_3/COMI/dataset/BPAEC/nucleus/Z007/Z7_90.jpg,nucleus,2,Z007,train,Z7_90.jpg
/content/drive/MyDrive/494_Project_test_3/COMI/dataset/BPAEC/nucleus/Z007/Z7_91.jpg,nucleus,2,Z007,train,Z7_91.jpg
/content/drive/MyDrive/494_Project_test_3/COMI/dataset/BPAEC/nucleus/Z007/Z7_92.jpg,nucleus,2,Z007,train,Z7_92.jpg
/content/drive/MyDrive/494_Project_test_3/COMI/dataset/BPAEC/nucleus/Z007/Z7_93.jpg,nucleus,2,Z007,train,Z7_93.jpg
/content/drive/MyDrive/494_Project_test_3/COMI/dataset/BPAEC/nucleus/Z007/Z7_94.jpg,nucleus,2,Z007,train,Z7_94.jpg
/content/drive/MyDrive/494_Project_test_3/COMI/dataset/BPAEC/nucleus/Z007/Z7_95.jpg,nucleus,2,Z007,train,Z7_95.jpg
/content/drive/MyDrive/494_Project_test_3/COMI/dataset/BPAEC/nucleus/Z007/Z7_96.jpg,nucleus,2,Z007,train,Z7_96.jpg
/content/drive/MyDrive/494_Project_test_3/COMI/dataset/BPAEC/nucleus/Z007/Z7_97.jpg,nucleus,2,Z007,train,Z7_97.jpg
/content/drive/MyDrive/494_Project_test_3/COMI/dataset/BPAEC/nucleus/Z007/Z7_98.jpg,nucleus,2,Z007,train,Z7_98.jpg
/content/drive/MyDrive/494_Project_test_3/COMI/dataset/BPAEC/nucleus/Z007/Z7_99.jpg,nucleus,2,Z007,train,Z7_99.jpg
/content/drive/MyDrive/494_Project_test_3/COMI/dataset/BPAEC/nucleus/Z008/Z8_0.jpg,nucleus,2,Z008,train,Z8_0.jpg
/content/drive/MyDrive/494_Project_test_3/COMI/dataset/BPAEC/nucleus/Z008/Z8_1.jpg,nucleus,2,Z008,train,Z8_1.jpg
/content/drive/MyDrive/494_Project_test_3/COMI/dataset/BPAEC/nucleus/Z008/Z8_10.jpg,nucleus,2,Z008,train,Z8_10.jpg
/content/drive/MyDrive/494_Project_test_3/COMI/dataset/BPAEC/nucleus/Z008/Z8_11.jpg,nucleus,2,Z008,train,Z8_11.jpg
/content/drive/MyDrive/494_Project_test_3/COMI/dataset/BPAEC/nucleus/Z008/Z8_12.jpg,nucleus,2,Z008,train,Z8_12.jpg
/content/drive/MyDrive/494_Project_test_3/COMI/dataset/BPAEC/nucleus/Z008/Z8_13.jpg,nucleus,2,Z008,train,Z8_13.jpg
/content/drive/MyDrive/494_Project_test_3/COMI/dataset/BPAEC/nucleus/Z008/Z8_14.jpg,nucleus,2,Z008,train,Z8_14.jpg
/content/drive/MyDrive/494_Project_test_3/COMI/dataset/BPAEC/nucleus/Z008/Z8_15.jpg,nucleus,2,Z008,train,Z8_15.jpg
/content/drive/MyDrive/494_Project_test_3/COMI/dataset/BPAEC/nucleus/Z008/Z8_16.jpg,nucleus,2,Z008,train,Z8_16.jpg
/content/drive/MyDrive/494_Project_test_3/COMI/dataset/BPAEC/nucleus/Z008/Z8_17.jpg,nucleus,2,Z008,train,Z8_17.jpg
/content/drive/MyDrive/494_Project_test_3/COMI/dataset/BPAEC/nucleus/Z008/Z8_18.jpg,nucleus,2,Z008,train,Z8_18.jpg
/content/drive/MyDrive/494_Project_test_3/COMI/dataset/BPAEC/nucleus/Z008/Z8_19.jpg,nucleus,2,Z008,train,Z8_19.jpg
/content/drive/MyDrive/494_Project_test_3/COMI/dataset/BPAEC/nucleus/Z008/Z8_2.jpg,nucleus,2,Z008,train,Z8_2.jpg
/content/drive/MyDrive/494_Project_test_3/COMI/dataset/BPAEC/nucleus/Z008/Z8_20.jpg,nucleus,2,Z008,train,Z8_20.jpg
/content/drive/MyDrive/494_Project_test_3/COMI/dataset/BPAEC/nucleus/Z008/Z8_21.jpg,nucleus,2,Z008,train,Z8_21.jpg
/content/drive/MyDrive/494_Project_test_3/COMI/dataset/BPAEC/nucleus/Z008/Z8_22.jpg,nucleus,2,Z008,train,Z8_22.jpg
/content/drive/MyDrive/494_Project_test_3/COMI/dataset/BPAEC/nucleus/Z008/Z8_23.jpg,nucleus,2,Z008,train,Z8_23.jpg
/content/drive/MyDrive/494_Project_test_3/COMI/dataset/BPAEC/nucleus/Z008/Z8_24.jpg,nucleus,2,Z008,train,Z8_24.jpg
/content/drive/MyDrive/494_Project_test_3/COMI/dataset/BPAEC/nucleus/Z008/Z8_25.jpg,nucleus,2,Z008,train,Z8_25.jpg
/content/drive/MyDrive/494_Project_test_3/COMI/dataset/BPAEC/nucleus/Z008/Z8_26.jpg,nucleus,2,Z008,train,Z8_26.jpg
/content/drive/MyDrive/494_Project_test_3/COMI/dataset/BPAEC/nucleus/Z008/Z8_27.jpg,nucleus,2,Z008,train,Z8_27.jpg
/content/drive/MyDrive/494_Project_test_3/COMI/dataset/BPAEC/nucleus/Z008/Z8_28.jpg,nucleus,2,Z008,train,Z8_28.jpg
/content/drive/MyDrive/494_Project_test_3/COMI/dataset/BPAEC/nucleus/Z008/Z8_29.jpg,nucleus,2,Z008,train,Z8_29.jpg
/content/drive/MyDrive/494_Project_test_3/COMI/dataset/BPAEC/nucleus/Z008/Z8_3.jpg,nucleus,2,Z008,train,Z8_3.jpg
/content/drive/MyDrive/494_Project_test_3/COMI/dataset/BPAEC/nucleus/Z008/Z8_30.jpg,nucleus,2,Z008,train,Z8_30.jpg
/content/drive/MyDrive/494_Project_test_3/COMI/dataset/BPAEC/nucleus/Z008/Z8_31.jpg,nucleus,2,Z008,train,Z8_31.jpg
/content/drive/MyDrive/494_Project_test_3/COMI/dataset/BPAEC/nucleus/Z008/Z8_32.jpg,nucleus,2,Z008,train,Z8_32.jpg
/content/drive/MyDrive/494_Project_test_3/COMI/dataset/BPAEC/nucleus/Z008/Z8_33.jpg,nucleus,2,Z008,train,Z8_33.jpg
/content/drive/MyDrive/494_Project_test_3/COMI/dataset/BPAEC/nucleus/Z008/Z8_34.jpg,nucleus,2,Z008,train,Z8_34.jpg
/content/drive/MyDrive/494_Project_test_3/COMI/dataset/BPAEC/nucleus/Z008/Z8_35.jpg,nucleus,2,Z008,train,Z8_35.jpg
/content/drive/MyDrive/494_Project_test_3/COMI/dataset/BPAEC/nucleus/Z008/Z8_36.jpg,nucleus,2,Z008,train,Z8_36.jpg
/content/drive/MyDrive/494_Project_test_3/COMI/dataset/BPAEC/nucleus/Z008/Z8_37.jpg,nucleus,2,Z008,train,Z8_37.jpg
/content/drive/MyDrive/494_Project_test_3/COMI/dataset/BPAEC/nucleus/Z008/Z8_38.jpg,nucleus,2,Z008,train,Z8_38.jpg
/content/drive/MyDrive/494_Project_test_3/COMI/dataset/BPAEC/nucleus/Z008/Z8_39.jpg,nucleus,2,Z008,train,Z8_39.jpg
/content/drive/MyDrive/494_Project_test_3/COMI/dataset/BPAEC/nucleus/Z008/Z8_4.jpg,nucleus,2,Z008,train,Z8_4.jpg
/content/drive/MyDrive/494_Project_test_3/COMI/dataset/BPAEC/nucleus/Z008/Z8_40.jpg,nucleus,2,Z008,train,Z8_40.jpg
/content/drive/MyDrive/494_Project_test_3/COMI/dataset/BPAEC/nucleus/Z008/Z8_41.jpg,nucleus,2,Z008,train,Z8_41.jpg
/content/drive/MyDrive/494_Project_test_3/COMI/dataset/BPAEC/nucleus/Z008/Z8_42.jpg,nucleus,2,Z008,train,Z8_42.jpg
/content/drive/MyDrive/494_Project_test_3/COMI/dataset/BPAEC/nucleus/Z008/Z8_43.jpg,nucleus,2,Z008,train,Z8_43.jpg
/content/drive/MyDrive/494_Project_test_3/COMI/dataset/BPAEC/nucleus/Z008/Z8_44.jpg,nucleus,2,Z008,train,Z8_44.jpg
/content/drive/MyDrive/494_Project_test_3/COMI/dataset/BPAEC/nucleus/Z008/Z8_45.jpg,nucleus,2,Z008,train,Z8_45.jpg
/content/drive/MyDrive/494_Project_test_3/COMI/dataset/BPAEC/nucleus/Z008/Z8_46.jpg,nucleus,2,Z008,train,Z8_46.jpg
/content/drive/MyDrive/494_Project_test_3/COMI/dataset/BPAEC/nucleus/Z008/Z8_47.jpg,nucleus,2,Z008,train,Z8_47.jpg
/content/drive/MyDrive/494_Project_test_3/COMI/dataset/BPAEC/nucleus/Z008/Z8_48.jpg,nucleus,2,Z008,train,Z8_48.jpg
/content/drive/MyDrive/494_Project_test_3/COMI/dataset/BPAEC/nucleus/Z008/Z8_49.jpg,nucleus,2,Z008,train,Z8_49.jpg
/content/drive/MyDrive/494_Project_test_3/COMI/dataset/BPAEC/nucleus/Z008/Z8_5.jpg,nucleus,2,Z008,train,Z8_5.jpg
/content/drive/MyDrive/494_Project_test_3/COMI/dataset/BPAEC/nucleus/Z008/Z8_50.jpg,nucleus,2,Z008,train,Z8_50.jpg
/content/drive/MyDrive/494_Project_test_3/COMI/dataset/BPAEC/nucleus/Z008/Z8_51.jpg,nucleus,2,Z008,train,Z8_51.jpg
/content/drive/MyDrive/494_Project_test_3/COMI/dataset/BPAEC/nucleus/Z008/Z8_52.jpg,nucleus,2,Z008,train,Z8_52.jpg
/content/drive/MyDrive/494_Project_test_3/COMI/dataset/BPAEC/nucleus/Z008/Z8_53.jpg,nucleus,2,Z008,train,Z8_53.jpg
/content/drive/MyDrive/494_Project_test_3/COMI/dataset/BPAEC/nucleus/Z008/Z8_54.jpg,nucleus,2,Z008,train,Z8_54.jpg
/content/drive/MyDrive/494_Project_test_3/COMI/dataset/BPAEC/nucleus/Z008/Z8_55.jpg,nucleus,2,Z008,train,Z8_55.jpg
/content/drive/MyDrive/494_Project_test_3/COMI/dataset/BPAEC/nucleus/Z008/Z8_56.jpg,nucleus,2,Z008,train,Z8_56.jpg
/content/drive/MyDrive/494_Project_test_3/COMI/dataset/BPAEC/nucleus/Z008/Z8_57.jpg,nucleus,2,Z008,train,Z8_57.jpg
/content/drive/MyDrive/494_Project_test_3/COMI/dataset/BPAEC/nucleus/Z008/Z8_58.jpg,nucleus,2,Z008,train,Z8_58.jpg
/content/drive/MyDrive/494_Project_test_3/COMI/dataset/BPAEC/nucleus/Z008/Z8_59.jpg,nucleus,2,Z008,train,Z8_59.jpg
/content/drive/MyDrive/494_Project_test_3/COMI/dataset/BPAEC/nucleus/Z008/Z8_6.jpg,nucleus,2,Z008,train,Z8_6.jpg
/content/drive/MyDrive/494_Project_test_3/COMI/dataset/BPAEC/nucleus/Z008/Z8_60.jpg,nucleus,2,Z008,train,Z8_60.jpg
/content/drive/MyDrive/494_Project_test_3/COMI/dataset/BPAEC/nucleus/Z008/Z8_61.jpg,nucleus,2,Z008,train,Z8_61.jpg
/content/drive/MyDrive/494_Project_test_3/COMI/dataset/BPAEC/nucleus/Z008/Z8_62.jpg,nucleus,2,Z008,train,Z8_62.jpg
/content/drive/MyDrive/494_Project_test_3/COMI/dataset/BPAEC/nucleus/Z008/Z8_63.jpg,nucleus,2,Z008,train,Z8_63.jpg
/content/drive/MyDrive/494_Project_test_3/COMI/dataset/BPAEC/nucleus/Z008/Z8_64.jpg,nucleus,2,Z008,train,Z8_64.jpg
/content/drive/MyDrive/494_Project_test_3/COMI/dataset/BPAEC/nucleus/Z008/Z8_65.jpg,nucleus,2,Z008,train,Z8_65.jpg
/content/drive/MyDrive/494_Project_test_3/COMI/dataset/BPAEC/nucleus/Z008/Z8_66.jpg,nucleus,2,Z008,train,Z8_66.jpg
/content/drive/MyDrive/494_Project_test_3/COMI/dataset/BPAEC/nucleus/Z008/Z8_67.jpg,nucleus,2,Z008,train,Z8_67.jpg
/content/drive/MyDrive/494_Project_test_3/COMI/dataset/BPAEC/nucleus/Z008/Z8_68.jpg,nucleus,2,Z008,train,Z8_68.jpg
/content/drive/MyDrive/494_Project_test_3/COMI/dataset/BPAEC/nucleus/Z008/Z8_69.jpg,nucleus,2,Z008,train,Z8_69.jpg
/content/drive/MyDrive/494_Project_test_3/COMI/dataset/BPAEC/nucleus/Z008/Z8_7.jpg,nucleus,2,Z008,train,Z8_7.jpg
/content/drive/MyDrive/494_Project_test_3/COMI/dataset/BPAEC/nucleus/Z008/Z8_70.jpg,nucleus,2,Z008,train,Z8_70.jpg
/content/drive/MyDrive/494_Project_test_3/COMI/dataset/BPAEC/nucleus/Z008/Z8_71.jpg,nucleus,2,Z008,train,Z8_71.jpg
/content/drive/MyDrive/494_Project_test_3/COMI/dataset/BPAEC/nucleus/Z008/Z8_72.jpg,nucleus,2,Z008,train,Z8_72.jpg
/content/drive/MyDrive/494_Project_test_3/COMI/dataset/BPAEC/nucleus/Z008/Z8_73.jpg,nucleus,2,Z008,train,Z8_73.jpg
/content/drive/MyDrive/494_Project_test_3/COMI/dataset/BPAEC/nucleus/Z008/Z8_74.jpg,nucleus,2,Z008,train,Z8_74.jpg
/content/drive/MyDrive/494_Project_test_3/COMI/dataset/BPAEC/nucleus/Z008/Z8_75.jpg,nucleus,2,Z008,train,Z8_75.jpg
/content/drive/MyDrive/494_Project_test_3/COMI/dataset/BPAEC/nucleus/Z008/Z8_76.jpg,nucleus,2,Z008,train,Z8_76.jpg
/content/drive/MyDrive/494_Project_test_3/COMI/dataset/BPAEC/nucleus/Z008/Z8_77.jpg,nucleus,2,Z008,train,Z8_77.jpg
/content/drive/MyDrive/494_Project_test_3/COMI/dataset/BPAEC/nucleus/Z008/Z8_78.jpg,nucleus,2,Z008,train,Z8_78.jpg
/content/drive/MyDrive/494_Project_test_3/COMI/dataset/BPAEC/nucleus/Z008/Z8_79.jpg,nucleus,2,Z008,train,Z8_79.jpg
/content/drive/MyDrive/494_Project_test_3/COMI/dataset/BPAEC/nucleus/Z008/Z8_8.jpg,nucleus,2,Z008,train,Z8_8.jpg
/content/drive/MyDrive/494_Project_test_3/COMI/dataset/BPAEC/nucleus/Z008/Z8_80.jpg,nucleus,2,Z008,train,Z8_80.jpg
/content/drive/MyDrive/494_Project_test_3/COMI/dataset/BPAEC/nucleus/Z008/Z8_81.jpg,nucleus,2,Z008,train,Z8_81.jpg
/content/drive/MyDrive/494_Project_test_3/COMI/dataset/BPAEC/nucleus/Z008/Z8_82.jpg,nucleus,2,Z008,train,Z8_82.jpg
/content/drive/MyDrive/494_Project_test_3/COMI/dataset/BPAEC/nucleus/Z008/Z8_83.jpg,nucleus,2,Z008,train,Z8_83.jpg
/content/drive/MyDrive/494_Project_test_3/COMI/dataset/BPAEC/nucleus/Z008/Z8_84.jpg,nucleus,2,Z008,train,Z8_84.jpg
/content/drive/MyDrive/494_Project_test_3/COMI/dataset/BPAEC/nucleus/Z008/Z8_85.jpg,nucleus,2,Z008,train,Z8_85.jpg
/content/drive/MyDrive/494_Project_test_3/COMI/dataset/BPAEC/nucleus/Z008/Z8_86.jpg,nucleus,2,Z008,train,Z8_86.jpg
/content/drive/MyDrive/494_Project_test_3/COMI/dataset/BPAEC/nucleus/Z008/Z8_87.jpg,nucleus,2,Z008,train,Z8_87.jpg
/content/drive/MyDrive/494_Project_test_3/COMI/dataset/BPAEC/nucleus/Z008/Z8_88.jpg,nucleus,2,Z008,train,Z8_88.jpg
/content/drive/MyDrive/494_Project_test_3/COMI/dataset/BPAEC/nucleus/Z008/Z8_89.jpg,nucleus,2,Z008,train,Z8_89.jpg
/content/drive/MyDrive/494_Project_test_3/COMI/dataset/BPAEC/nucleus/Z008/Z8_9.jpg,nucleus,2,Z008,train,Z8_9.jpg
/content/drive/MyDrive/494_Project_test_3/COMI/dataset/BPAEC/nucleus/Z008/Z8_90.jpg,nucleus,2,Z008,train,Z8_90.jpg
/content/drive/MyDrive/494_Project_test_3/COMI/dataset/BPAEC/nucleus/Z008/Z8_91.jpg,nucleus,2,Z008,train,Z8_91.jpg
/content/drive/MyDrive/494_Project_test_3/COMI/dataset/BPAEC/nucleus/Z008/Z8_92.jpg,nucleus,2,Z008,train,Z8_92.jpg
/content/drive/MyDrive/494_Project_test_3/COMI/dataset/BPAEC/nucleus/Z008/Z8_93.jpg,nucleus,2,Z008,train,Z8_93.jpg
/content/drive/MyDrive/494_Project_test_3/COMI/dataset/BPAEC/nucleus/Z008/Z8_94.jpg,nucleus,2,Z008,train,Z8_94.jpg
/content/drive/MyDrive/494_Project_test_3/COMI/dataset/BPAEC/nucleus/Z008/Z8_95.jpg,nucleus,2,Z008,train,Z8_95.jpg
/content/drive/MyDrive/494_Project_test_3/COMI/dataset/BPAEC/nucleus/Z008/Z8_96.jpg,nucleus,2,Z008,train,Z8_96.jpg
/content/drive/MyDrive/494_Project_test_3/COMI/dataset/BPAEC/nucleus/Z008/Z8_97.jpg,nucleus,2,Z008,train,Z8_97.jpg
/content/drive/MyDrive/494_Project_test_3/COMI/dataset/BPAEC/nucleus/Z008/Z8_98.jpg,nucleus,2,Z008,train,Z8_98.jpg
/content/drive/MyDrive/494_Project_test_3/COMI/dataset/BPAEC/nucleus/Z008/Z8_99.jpg,nucleus,2,Z008,train,Z8_99.jpg
/content/drive/MyDrive/494_Project_test_3/COMI/dataset/BPAEC/actin/Z009/Z9_0.jpg,actin,0,Z009,val,Z9_0.jpg
/content/drive/MyDrive/494_Project_test_3/COMI/dataset/BPAEC/actin/Z009/Z9_1.jpg,actin,0,Z009,val,Z9_1.jpg
/content/drive/MyDrive/494_Project_test_3/COMI/dataset/BPAEC/actin/Z009/Z9_10.jpg,actin,0,Z009,val,Z9_10.jpg
/content/drive/MyDrive/494_Project_test_3/COMI/dataset/BPAEC/actin/Z009/Z9_11.jpg,actin,0,Z009,val,Z9_11.jpg
/content/drive/MyDrive/494_Project_test_3/COMI/dataset/BPAEC/actin/Z009/Z9_12.jpg,actin,0,Z009,val,Z9_12.jpg
/content/drive/MyDrive/494_Project_test_3/COMI/dataset/BPAEC/actin/Z009/Z9_13.jpg,actin,0,Z009,val,Z9_13.jpg
/content/drive/MyDrive/494_Project_test_3/COMI/dataset/BPAEC/actin/Z009/Z9_14.jpg,actin,0,Z009,val,Z9_14.jpg
/content/drive/MyDrive/494_Project_test_3/COMI/dataset/BPAEC/actin/Z009/Z9_15.jpg,actin,0,Z009,val,Z9_15.jpg
/content/drive/MyDrive/494_Project_test_3/COMI/dataset/BPAEC/actin/Z009/Z9_16.jpg,actin,0,Z009,val,Z9_16.jpg
/content/drive/MyDrive/494_Project_test_3/COMI/dataset/BPAEC/actin/Z009/Z9_17.jpg,actin,0,Z009,val,Z9_17.jpg
/content/drive/MyDrive/494_Project_test_3/COMI/dataset/BPAEC/actin/Z009/Z9_18.jpg,actin,0,Z009,val,Z9_18.jpg
/content/drive/MyDrive/494_Project_test_3/COMI/dataset/BPAEC/actin/Z009/Z9_19.jpg,actin,0,Z009,val,Z9_19.jpg
/content/drive/MyDrive/494_Project_test_3/COMI/dataset/BPAEC/actin/Z009/Z9_2.jpg,actin,0,Z009,val,Z9_2.jpg
/content/drive/MyDrive/494_Project_test_3/COMI/dataset/BPAEC/actin/Z009/Z9_20.jpg,actin,0,Z009,val,Z9_20.jpg
/content/drive/MyDrive/494_Project_test_3/COMI/dataset/BPAEC/actin/Z009/Z9_21.jpg,actin,0,Z009,val,Z9_21.jpg
/content/drive/MyDrive/494_Project_test_3/COMI/dataset/BPAEC/actin/Z009/Z9_22.jpg,actin,0,Z009,val,Z9_22.jpg
/content/drive/MyDrive/494_Project_test_3/COMI/dataset/BPAEC/actin/Z009/Z9_23.jpg,actin,0,Z009,val,Z9_23.jpg
/content/drive/MyDrive/494_Project_test_3/COMI/dataset/BPAEC/actin/Z009/Z9_24.jpg,actin,0,Z009,val,Z9_24.jpg
/content/drive/MyDrive/494_Project_test_3/COMI/dataset/BPAEC/actin/Z009/Z9_25.jpg,actin,0,Z009,val,Z9_25.jpg
/content/drive/MyDrive/494_Project_test_3/COMI/dataset/BPAEC/actin/Z009/Z9_26.jpg,actin,0,Z009,val,Z9_26.jpg
/content/drive/MyDrive/494_Project_test_3/COMI/dataset/BPAEC/actin/Z009/Z9_27.jpg,actin,0,Z009,val,Z9_27.jpg
/content/drive/MyDrive/494_Project_test_3/COMI/dataset/BPAEC/actin/Z009/Z9_28.jpg,actin,0,Z009,val,Z9_28.jpg
/content/drive/MyDrive/494_Project_test_3/COMI/dataset/BPAEC/actin/Z009/Z9_29.jpg,actin,0,Z009,val,Z9_29.jpg
/content/drive/MyDrive/494_Project_test_3/COMI/dataset/BPAEC/actin/Z009/Z9_3.jpg,actin,0,Z009,val,Z9_3.jpg
/content/drive/MyDrive/494_Project_test_3/COMI/dataset/BPAEC/actin/Z009/Z9_30.jpg,actin,0,Z009,val,Z9_30.jpg
/content/drive/MyDrive/494_Project_test_3/COMI/dataset/BPAEC/actin/Z009/Z9_31.jpg,actin,0,Z009,val,Z9_31.jpg
/content/drive/MyDrive/494_Project_test_3/COMI/dataset/BPAEC/actin/Z009/Z9_32.jpg,actin,0,Z009,val,Z9_32.jpg
/content/drive/MyDrive/494_Project_test_3/COMI/dataset/BPAEC/actin/Z009/Z9_33.jpg,actin,0,Z009,val,Z9_33.jpg
/content/drive/MyDrive/494_Project_test_3/COMI/dataset/BPAEC/actin/Z009/Z9_34.jpg,actin,0,Z009,val,Z9_34.jpg
/content/drive/MyDrive/494_Project_test_3/COMI/dataset/BPAEC/actin/Z009/Z9_35.jpg,actin,0,Z009,val,Z9_35.jpg
/content/drive/MyDrive/494_Project_test_3/COMI/dataset/BPAEC/actin/Z009/Z9_36.jpg,actin,0,Z009,val,Z9_36.jpg
/content/drive/MyDrive/494_Project_test_3/COMI/dataset/BPAEC/actin/Z009/Z9_37.jpg,actin,0,Z009,val,Z9_37.jpg
/content/drive/MyDrive/494_Project_test_3/COMI/dataset/BPAEC/actin/Z009/Z9_38.jpg,actin,0,Z009,val,Z9_38.jpg
/content/drive/MyDrive/494_Project_test_3/COMI/dataset/BPAEC/actin/Z009/Z9_39.jpg,actin,0,Z009,val,Z9_39.jpg
/content/drive/MyDrive/494_Project_test_3/COMI/dataset/BPAEC/actin/Z009/Z9_4.jpg,actin,0,Z009,val,Z9_4.jpg
/content/drive/MyDrive/494_Project_test_3/COMI/dataset/BPAEC/actin/Z009/Z9_40.jpg,actin,0,Z009,val,Z9_40.jpg
/content/drive/MyDrive/494_Project_test_3/COMI/dataset/BPAEC/actin/Z009/Z9_41.jpg,actin,0,Z009,val,Z9_41.jpg
/content/drive/MyDrive/494_Project_test_3/COMI/dataset/BPAEC/actin/Z009/Z9_42.jpg,actin,0,Z009,val,Z9_42.jpg
/content/drive/MyDrive/494_Project_test_3/COMI/dataset/BPAEC/actin/Z009/Z9_43.jpg,actin,0,Z009,val,Z9_43.jpg
/content/drive/MyDrive/494_Project_test_3/COMI/dataset/BPAEC/actin/Z009/Z9_44.jpg,actin,0,Z009,val,Z9_44.jpg
/content/drive/MyDrive/494_Project_test_3/COMI/dataset/BPAEC/actin/Z009/Z9_45.jpg,actin,0,Z009,val,Z9_45.jpg
/content/drive/MyDrive/494_Project_test_3/COMI/dataset/BPAEC/actin/Z009/Z9_46.jpg,actin,0,Z009,val,Z9_46.jpg
/content/drive/MyDrive/494_Project_test_3/COMI/dataset/BPAEC/actin/Z009/Z9_47.jpg,actin,0,Z009,val,Z9_47.jpg
/content/drive/MyDrive/494_Project_test_3/COMI/dataset/BPAEC/actin/Z009/Z9_48.jpg,actin,0,Z009,val,Z9_48.jpg
/content/drive/MyDrive/494_Project_test_3/COMI/dataset/BPAEC/actin/Z009/Z9_49.jpg,actin,0,Z009,val,Z9_49.jpg
/content/drive/MyDrive/494_Project_test_3/COMI/dataset/BPAEC/actin/Z009/Z9_5.jpg,actin,0,Z009,val,Z9_5.jpg
/content/drive/MyDrive/494_Project_test_3/COMI/dataset/BPAEC/actin/Z009/Z9_50.jpg,actin,0,Z009,val,Z9_50.jpg
/content/drive/MyDrive/494_Project_test_3/COMI/dataset/BPAEC/actin/Z009/Z9_51.jpg,actin,0,Z009,val,Z9_51.jpg
/content/drive/MyDrive/494_Project_test_3/COMI/dataset/BPAEC/actin/Z009/Z9_52.jpg,actin,0,Z009,val,Z9_52.jpg
/content/drive/MyDrive/494_Project_test_3/COMI/dataset/BPAEC/actin/Z009/Z9_53.jpg,actin,0,Z009,val,Z9_53.jpg
/content/drive/MyDrive/494_Project_test_3/COMI/dataset/BPAEC/actin/Z009/Z9_54.jpg,actin,0,Z009,val,Z9_54.jpg
/content/drive/MyDrive/494_Project_test_3/COMI/dataset/BPAEC/actin/Z009/Z9_55.jpg,actin,0,Z009,val,Z9_55.jpg
/content/drive/MyDrive/494_Project_test_3/COMI/dataset/BPAEC/actin/Z009/Z9_56.jpg,actin,0,Z009,val,Z9_56.jpg
/content/drive/MyDrive/494_Project_test_3/COMI/dataset/BPAEC/actin/Z009/Z9_57.jpg,actin,0,Z009,val,Z9_57.jpg
/content/drive/MyDrive/494_Project_test_3/COMI/dataset/BPAEC/actin/Z009/Z9_58.jpg,actin,0,Z009,val,Z9_58.jpg
/content/drive/MyDrive/494_Project_test_3/COMI/dataset/BPAEC/actin/Z009/Z9_59.jpg,actin,0,Z009,val,Z9_59.jpg
/content/drive/MyDrive/494_Project_test_3/COMI/dataset/BPAEC/actin/Z009/Z9_6.jpg,actin,0,Z009,val,Z9_6.jpg
/content/drive/MyDrive/494_Project_test_3/COMI/dataset/BPAEC/actin/Z009/Z9_60.jpg,actin,0,Z009,val,Z9_60.jpg
/content/drive/MyDrive/494_Project_test_3/COMI/dataset/BPAEC/actin/Z009/Z9_61.jpg,actin,0,Z009,val,Z9_61.jpg
/content/drive/MyDrive/494_Project_test_3/COMI/dataset/BPAEC/actin/Z009/Z9_62.jpg,actin,0,Z009,val,Z9_62.jpg
/content/drive/MyDrive/494_Project_test_3/COMI/dataset/BPAEC/actin/Z009/Z9_63.jpg,actin,0,Z009,val,Z9_63.jpg
/content/drive/MyDrive/494_Project_test_3/COMI/dataset/BPAEC/actin/Z009/Z9_64.jpg,actin,0,Z009,val,Z9_64.jpg
/content/drive/MyDrive/494_Project_test_3/COMI/dataset/BPAEC/actin/Z009/Z9_65.jpg,actin,0,Z009,val,Z9_65.jpg
/content/drive/MyDrive/494_Project_test_3/COMI/dataset/BPAEC/actin/Z009/Z9_66.jpg,actin,0,Z009,val,Z9_66.jpg
/content/drive/MyDrive/494_Project_test_3/COMI/dataset/BPAEC/actin/Z009/Z9_67.jpg,actin,0,Z009,val,Z9_67.jpg
/content/drive/MyDrive/494_Project_test_3/COMI/dataset/BPAEC/actin/Z009/Z9_68.jpg,actin,0,Z009,val,Z9_68.jpg
/content/drive/MyDrive/494_Project_test_3/COMI/dataset/BPAEC/actin/Z009/Z9_69.jpg,actin,0,Z009,val,Z9_69.jpg
/content/drive/MyDrive/494_Project_test_3/COMI/dataset/BPAEC/actin/Z009/Z9_7.jpg,actin,0,Z009,val,Z9_7.jpg
/content/drive/MyDrive/494_Project_test_3/COMI/dataset/BPAEC/actin/Z009/Z9_70.jpg,actin,0,Z009,val,Z9_70.jpg
/content/drive/MyDrive/494_Project_test_3/COMI/dataset/BPAEC/actin/Z009/Z9_71.jpg,actin,0,Z009,val,Z9_71.jpg
/content/drive/MyDrive/494_Project_test_3/COMI/dataset/BPAEC/actin/Z009/Z9_72.jpg,actin,0,Z009,val,Z9_72.jpg
/content/drive/MyDrive/494_Project_test_3/COMI/dataset/BPAEC/actin/Z009/Z9_73.jpg,actin,0,Z009,val,Z9_73.jpg
/content/drive/MyDrive/494_Project_test_3/COMI/dataset/BPAEC/actin/Z009/Z9_74.jpg,actin,0,Z009,val,Z9_74.jpg
/content/drive/MyDrive/494_Project_test_3/COMI/dataset/BPAEC/actin/Z009/Z9_75.jpg,actin,0,Z009,val,Z9_75.jpg
/content/drive/MyDrive/494_Project_test_3/COMI/dataset/BPAEC/actin/Z009/Z9_76.jpg,actin,0,Z009,val,Z9_76.jpg
/content/drive/MyDrive/494_Project_test_3/COMI/dataset/BPAEC/actin/Z009/Z9_77.jpg,actin,0,Z009,val,Z9_77.jpg
/content/drive/MyDrive/494_Project_test_3/COMI/dataset/BPAEC/actin/Z009/Z9_78.jpg,actin,0,Z009,val,Z9_78.jpg
/content/drive/MyDrive/494_Project_test_3/COMI/dataset/BPAEC/actin/Z009/Z9_79.jpg,actin,0,Z009,val,Z9_79.jpg
/content/drive/MyDrive/494_Project_test_3/COMI/dataset/BPAEC/actin/Z009/Z9_8.jpg,actin,0,Z009,val,Z9_8.jpg
/content/drive/MyDrive/494_Project_test_3/COMI/dataset/BPAEC/actin/Z009/Z9_80.jpg,actin,0,Z009,val,Z9_80.jpg
/content/drive/MyDrive/494_Project_test_3/COMI/dataset/BPAEC/actin/Z009/Z9_81.jpg,actin,0,Z009,val,Z9_81.jpg
/content/drive/MyDrive/494_Project_test_3/COMI/dataset/BPAEC/actin/Z009/Z9_82.jpg,actin,0,Z009,val,Z9_82.jpg
/content/drive/MyDrive/494_Project_test_3/COMI/dataset/BPAEC/actin/Z009/Z9_83.jpg,actin,0,Z009,val,Z9_83.jpg
/content/drive/MyDrive/494_Project_test_3/COMI/dataset/BPAEC/actin/Z009/Z9_84.jpg,actin,0,Z009,val,Z9_84.jpg
/content/drive/MyDrive/494_Project_test_3/COMI/dataset/BPAEC/actin/Z009/Z9_85.jpg,actin,0,Z009,val,Z9_85.jpg
/content/drive/MyDrive/494_Project_test_3/COMI/dataset/BPAEC/actin/Z009/Z9_86.jpg,actin,0,Z009,val,Z9_86.jpg
/content/drive/MyDrive/494_Project_test_3/COMI/dataset/BPAEC/actin/Z009/Z9_87.jpg,actin,0,Z009,val,Z9_87.jpg
/content/drive/MyDrive/494_Project_test_3/COMI/dataset/BPAEC/actin/Z009/Z9_88.jpg,actin,0,Z009,val,Z9_88.jpg
/content/drive/MyDrive/494_Project_test_3/COMI/dataset/BPAEC/actin/Z009/Z9_89.jpg,actin,0,Z009,val,Z9_89.jpg
/content/drive/MyDrive/494_Project_test_3/COMI/dataset/BPAEC/actin/Z009/Z9_9.jpg,actin,0,Z009,val,Z9_9.jpg
/content/drive/MyDrive/494_Project_test_3/COMI/dataset/BPAEC/actin/Z009/Z9_90.jpg,actin,0,Z009,val,Z9_90.jpg
/content/drive/MyDrive/494_Project_test_3/COMI/dataset/BPAEC/actin/Z009/Z9_91.jpg,actin,0,Z009,val,Z9_91.jpg
/content/drive/MyDrive/494_Project_test_3/COMI/dataset/BPAEC/actin/Z009/Z9_92.jpg,actin,0,Z009,val,Z9_92.jpg
/content/drive/MyDrive/494_Project_test_3/COMI/dataset/BPAEC/actin/Z009/Z9_93.jpg,actin,0,Z009,val,Z9_93.jpg
/content/drive/MyDrive/494_Project_test_3/COMI/dataset/BPAEC/actin/Z009/Z9_94.jpg,actin,0,Z009,val,Z9_94.jpg
/content/drive/MyDrive/494_Project_test_3/COMI/dataset/BPAEC/actin/Z009/Z9_95.jpg,actin,0,Z009,val,Z9_95.jpg
/content/drive/MyDrive/494_Project_test_3/COMI/dataset/BPAEC/actin/Z009/Z9_96.jpg,actin,0,Z009,val,Z9_96.jpg
/content/drive/MyDrive/494_Project_test_3/COMI/dataset/BPAEC/actin/Z009/Z9_97.jpg,actin,0,Z009,val,Z9_97.jpg
/content/drive/MyDrive/494_Project_test_3/COMI/dataset/BPAEC/actin/Z009/Z9_98.jpg,actin,0,Z009,val,Z9_98.jpg
/content/drive/MyDrive/494_Project_test_3/COMI/dataset/BPAEC/actin/Z009/Z9_99.jpg,actin,0,Z009,val,Z9_99.jpg
/content/drive/MyDrive/494_Project_test_3/COMI/dataset/BPAEC/mitochondria/Z009/Z9_0.jpg,mitochondria,1,Z009,val,Z9_0.jpg
/content/drive/MyDrive/494_Project_test_3/COMI/dataset/BPAEC/mitochondria/Z009/Z9_1.jpg,mitochondria,1,Z009,val,Z9_1.jpg
/content/drive/MyDrive/494_Project_test_3/COMI/dataset/BPAEC/mitochondria/Z009/Z9_10.jpg,mitochondria,1,Z009,val,Z9_10.jpg
/content/drive/MyDrive/494_Project_test_3/COMI/dataset/BPAEC/mitochondria/Z009/Z9_11.jpg,mitochondria,1,Z009,val,Z9_11.jpg
/content/drive/MyDrive/494_Project_test_3/COMI/dataset/BPAEC/mitochondria/Z009/Z9_12.jpg,mitochondria,1,Z009,val,Z9_12.jpg
/content/drive/MyDrive/494_Project_test_3/COMI/dataset/BPAEC/mitochondria/Z009/Z9_13.jpg,mitochondria,1,Z009,val,Z9_13.jpg
/content/drive/MyDrive/494_Project_test_3/COMI/dataset/BPAEC/mitochondria/Z009/Z9_14.jpg,mitochondria,1,Z009,val,Z9_14.jpg
/content/drive/MyDrive/494_Project_test_3/COMI/dataset/BPAEC/mitochondria/Z009/Z9_15.jpg,mitochondria,1,Z009,val,Z9_15.jpg
/content/drive/MyDrive/494_Project_test_3/COMI/dataset/BPAEC/mitochondria/Z009/Z9_16.jpg,mitochondria,1,Z009,val,Z9_16.jpg
/content/drive/MyDrive/494_Project_test_3/COMI/dataset/BPAEC/mitochondria/Z009/Z9_17.jpg,mitochondria,1,Z009,val,Z9_17.jpg
/content/drive/MyDrive/494_Project_test_3/COMI/dataset/BPAEC/mitochondria/Z009/Z9_18.jpg,mitochondria,1,Z009,val,Z9_18.jpg
/content/drive/MyDrive/494_Project_test_3/COMI/dataset/BPAEC/mitochondria/Z009/Z9_19.jpg,mitochondria,1,Z009,val,Z9_19.jpg
/content/drive/MyDrive/494_Project_test_3/COMI/dataset/BPAEC/mitochondria/Z009/Z9_2.jpg,mitochondria,1,Z009,val,Z9_2.jpg
/content/drive/MyDrive/494_Project_test_3/COMI/dataset/BPAEC/mitochondria/Z009/Z9_20.jpg,mitochondria,1,Z009,val,Z9_20.jpg
/content/drive/MyDrive/494_Project_test_3/COMI/dataset/BPAEC/mitochondria/Z009/Z9_21.jpg,mitochondria,1,Z009,val,Z9_21.jpg
/content/drive/MyDrive/494_Project_test_3/COMI/dataset/BPAEC/mitochondria/Z009/Z9_22.jpg,mitochondria,1,Z009,val,Z9_22.jpg
/content/drive/MyDrive/494_Project_test_3/COMI/dataset/BPAEC/mitochondria/Z009/Z9_23.jpg,mitochondria,1,Z009,val,Z9_23.jpg
/content/drive/MyDrive/494_Project_test_3/COMI/dataset/BPAEC/mitochondria/Z009/Z9_24.jpg,mitochondria,1,Z009,val,Z9_24.jpg
/content/drive/MyDrive/494_Project_test_3/COMI/dataset/BPAEC/mitochondria/Z009/Z9_25.jpg,mitochondria,1,Z009,val,Z9_25.jpg
/content/drive/MyDrive/494_Project_test_3/COMI/dataset/BPAEC/mitochondria/Z009/Z9_26.jpg,mitochondria,1,Z009,val,Z9_26.jpg
/content/drive/MyDrive/494_Project_test_3/COMI/dataset/BPAEC/mitochondria/Z009/Z9_27.jpg,mitochondria,1,Z009,val,Z9_27.jpg
/content/drive/MyDrive/494_Project_test_3/COMI/dataset/BPAEC/mitochondria/Z009/Z9_28.jpg,mitochondria,1,Z009,val,Z9_28.jpg
/content/drive/MyDrive/494_Project_test_3/COMI/dataset/BPAEC/mitochondria/Z009/Z9_29.jpg,mitochondria,1,Z009,val,Z9_29.jpg
/content/drive/MyDrive/494_Project_test_3/COMI/dataset/BPAEC/mitochondria/Z009/Z9_3.jpg,mitochondria,1,Z009,val,Z9_3.jpg
/content/drive/MyDrive/494_Project_test_3/COMI/dataset/BPAEC/mitochondria/Z009/Z9_30.jpg,mitochondria,1,Z009,val,Z9_30.jpg
/content/drive/MyDrive/494_Project_test_3/COMI/dataset/BPAEC/mitochondria/Z009/Z9_31.jpg,mitochondria,1,Z009,val,Z9_31.jpg
/content/drive/MyDrive/494_Project_test_3/COMI/dataset/BPAEC/mitochondria/Z009/Z9_32.jpg,mitochondria,1,Z009,val,Z9_32.jpg
/content/drive/MyDrive/494_Project_test_3/COMI/dataset/BPAEC/mitochondria/Z009/Z9_33.jpg,mitochondria,1,Z009,val,Z9_33.jpg
/content/drive/MyDrive/494_Project_test_3/COMI/dataset/BPAEC/mitochondria/Z009/Z9_34.jpg,mitochondria,1,Z009,val,Z9_34.jpg
/content/drive/MyDrive/494_Project_test_3/COMI/dataset/BPAEC/mitochondria/Z009/Z9_35.jpg,mitochondria,1,Z009,val,Z9_35.jpg
/content/drive/MyDrive/494_Project_test_3/COMI/dataset/BPAEC/mitochondria/Z009/Z9_36.jpg,mitochondria,1,Z009,val,Z9_36.jpg
/content/drive/MyDrive/494_Project_test_3/COMI/dataset/BPAEC/mitochondria/Z009/Z9_37.jpg,mitochondria,1,Z009,val,Z9_37.jpg
/content/drive/MyDrive/494_Project_test_3/COMI/dataset/BPAEC/mitochondria/Z009/Z9_38.jpg,mitochondria,1,Z009,val,Z9_38.jpg
/content/drive/MyDrive/494_Project_test_3/COMI/dataset/BPAEC/mitochondria/Z009/Z9_39.jpg,mitochondria,1,Z009,val,Z9_39.jpg
/content/drive/MyDrive/494_Project_test_3/COMI/dataset/BPAEC/mitochondria/Z009/Z9_4.jpg,mitochondria,1,Z009,val,Z9_4.jpg
/content/drive/MyDrive/494_Project_test_3/COMI/dataset/BPAEC/mitochondria/Z009/Z9_40.jpg,mitochondria,1,Z009,val,Z9_40.jpg
/content/drive/MyDrive/494_Project_test_3/COMI/dataset/BPAEC/mitochondria/Z009/Z9_41.jpg,mitochondria,1,Z009,val,Z9_41.jpg
/content/drive/MyDrive/494_Project_test_3/COMI/dataset/BPAEC/mitochondria/Z009/Z9_42.jpg,mitochondria,1,Z009,val,Z9_42.jpg
/content/drive/MyDrive/494_Project_test_3/COMI/dataset/BPAEC/mitochondria/Z009/Z9_43.jpg,mitochondria,1,Z009,val,Z9_43.jpg
/content/drive/MyDrive/494_Project_test_3/COMI/dataset/BPAEC/mitochondria/Z009/Z9_44.jpg,mitochondria,1,Z009,val,Z9_44.jpg
/content/drive/MyDrive/494_Project_test_3/COMI/dataset/BPAEC/mitochondria/Z009/Z9_45.jpg,mitochondria,1,Z009,val,Z9_45.jpg
/content/drive/MyDrive/494_Project_test_3/COMI/dataset/BPAEC/mitochondria/Z009/Z9_46.jpg,mitochondria,1,Z009,val,Z9_46.jpg
/content/drive/MyDrive/494_Project_test_3/COMI/dataset/BPAEC/mitochondria/Z009/Z9_47.jpg,mitochondria,1,Z009,val,Z9_47.jpg
/content/drive/MyDrive/494_Project_test_3/COMI/dataset/BPAEC/mitochondria/Z009/Z9_48.jpg,mitochondria,1,Z009,val,Z9_48.jpg
/content/drive/MyDrive/494_Project_test_3/COMI/dataset/BPAEC/mitochondria/Z009/Z9_49.jpg,mitochondria,1,Z009,val,Z9_49.jpg
/content/drive/MyDrive/494_Project_test_3/COMI/dataset/BPAEC/mitochondria/Z009/Z9_5.jpg,mitochondria,1,Z009,val,Z9_5.jpg
/content/drive/MyDrive/494_Project_test_3/COMI/dataset/BPAEC/mitochondria/Z009/Z9_50.jpg,mitochondria,1,Z009,val,Z9_50.jpg
/content/drive/MyDrive/494_Project_test_3/COMI/dataset/BPAEC/mitochondria/Z009/Z9_51.jpg,mitochondria,1,Z009,val,Z9_51.jpg
/content/drive/MyDrive/494_Project_test_3/COMI/dataset/BPAEC/mitochondria/Z009/Z9_52.jpg,mitochondria,1,Z009,val,Z9_52.jpg
/content/drive/MyDrive/494_Project_test_3/COMI/dataset/BPAEC/mitochondria/Z009/Z9_53.jpg,mitochondria,1,Z009,val,Z9_53.jpg
/content/drive/MyDrive/494_Project_test_3/COMI/dataset/BPAEC/mitochondria/Z009/Z9_54.jpg,mitochondria,1,Z009,val,Z9_54.jpg
/content/drive/MyDrive/494_Project_test_3/COMI/dataset/BPAEC/mitochondria/Z009/Z9_55.jpg,mitochondria,1,Z009,val,Z9_55.jpg
/content/drive/MyDrive/494_Project_test_3/COMI/dataset/BPAEC/mitochondria/Z009/Z9_56.jpg,mitochondria,1,Z009,val,Z9_56.jpg
/content/drive/MyDrive/494_Project_test_3/COMI/dataset/BPAEC/mitochondria/Z009/Z9_57.jpg,mitochondria,1,Z009,val,Z9_57.jpg
/content/drive/MyDrive/494_Project_test_3/COMI/dataset/BPAEC/mitochondria/Z009/Z9_58.jpg,mitochondria,1,Z009,val,Z9_58.jpg
/content/drive/MyDrive/494_Project_test_3/COMI/dataset/BPAEC/mitochondria/Z009/Z9_59.jpg,mitochondria,1,Z009,val,Z9_59.jpg
/content/drive/MyDrive/494_Project_test_3/COMI/dataset/BPAEC/mitochondria/Z009/Z9_6.jpg,mitochondria,1,Z009,val,Z9_6.jpg
/content/drive/MyDrive/494_Project_test_3/COMI/dataset/BPAEC/mitochondria/Z009/Z9_60.jpg,mitochondria,1,Z009,val,Z9_60.jpg
/content/drive/MyDrive/494_Project_test_3/COMI/dataset/BPAEC/mitochondria/Z009/Z9_61.jpg,mitochondria,1,Z009,val,Z9_61.jpg
/content/drive/MyDrive/494_Project_test_3/COMI/dataset/BPAEC/mitochondria/Z009/Z9_62.jpg,mitochondria,1,Z009,val,Z9_62.jpg
/content/drive/MyDrive/494_Project_test_3/COMI/dataset/BPAEC/mitochondria/Z009/Z9_63.jpg,mitochondria,1,Z009,val,Z9_63.jpg
/content/drive/MyDrive/494_Project_test_3/COMI/dataset/BPAEC/mitochondria/Z009/Z9_64.jpg,mitochondria,1,Z009,val,Z9_64.jpg
/content/drive/MyDrive/494_Project_test_3/COMI/dataset/BPAEC/mitochondria/Z009/Z9_65.jpg,mitochondria,1,Z009,val,Z9_65.jpg
/content/drive/MyDrive/494_Project_test_3/COMI/dataset/BPAEC/mitochondria/Z009/Z9_66.jpg,mitochondria,1,Z009,val,Z9_66.jpg
/content/drive/MyDrive/494_Project_test_3/COMI/dataset/BPAEC/mitochondria/Z009/Z9_67.jpg,mitochondria,1,Z009,val,Z9_67.jpg
/content/drive/MyDrive/494_Project_test_3/COMI/dataset/BPAEC/mitochondria/Z009/Z9_68.jpg,mitochondria,1,Z009,val,Z9_68.jpg
/content/drive/MyDrive/494_Project_test_3/COMI/dataset/BPAEC/mitochondria/Z009/Z9_69.jpg,mitochondria,1,Z009,val,Z9_69.jpg
/content/drive/MyDrive/494_Project_test_3/COMI/dataset/BPAEC/mitochondria/Z009/Z9_7.jpg,mitochondria,1,Z009,val,Z9_7.jpg
/content/drive/MyDrive/494_Project_test_3/COMI/dataset/BPAEC/mitochondria/Z009/Z9_70.jpg,mitochondria,1,Z009,val,Z9_70.jpg
/content/drive/MyDrive/494_Project_test_3/COMI/dataset/BPAEC/mitochondria/Z009/Z9_71.jpg,mitochondria,1,Z009,val,Z9_71.jpg
/content/drive/MyDrive/494_Project_test_3/COMI/dataset/BPAEC/mitochondria/Z009/Z9_72.jpg,mitochondria,1,Z009,val,Z9_72.jpg
/content/drive/MyDrive/494_Project_test_3/COMI/dataset/BPAEC/mitochondria/Z009/Z9_73.jpg,mitochondria,1,Z009,val,Z9_73.jpg
/content/drive/MyDrive/494_Project_test_3/COMI/dataset/BPAEC/mitochondria/Z009/Z9_74.jpg,mitochondria,1,Z009,val,Z9_74.jpg
/content/drive/MyDrive/494_Project_test_3/COMI/dataset/BPAEC/mitochondria/Z009/Z9_75.jpg,mitochondria,1,Z009,val,Z9_75.jpg
/content/drive/MyDrive/494_Project_test_3/COMI/dataset/BPAEC/mitochondria/Z009/Z9_76.jpg,mitochondria,1,Z009,val,Z9_76.jpg
/content/drive/MyDrive/494_Project_test_3/COMI/dataset/BPAEC/mitochondria/Z009/Z9_77.jpg,mitochondria,1,Z009,val,Z9_77.jpg
/content/drive/MyDrive/494_Project_test_3/COMI/dataset/BPAEC/mitochondria/Z009/Z9_78.jpg,mitochondria,1,Z009,val,Z9_78.jpg
/content/drive/MyDrive/494_Project_test_3/COMI/dataset/BPAEC/mitochondria/Z009/Z9_79.jpg,mitochondria,1,Z009,val,Z9_79.jpg
/content/drive/MyDrive/494_Project_test_3/COMI/dataset/BPAEC/mitochondria/Z009/Z9_8.jpg,mitochondria,1,Z009,val,Z9_8.jpg
/content/drive/MyDrive/494_Project_test_3/COMI/dataset/BPAEC/mitochondria/Z009/Z9_80.jpg,mitochondria,1,Z009,val,Z9_80.jpg
/content/drive/MyDrive/494_Project_test_3/COMI/dataset/BPAEC/mitochondria/Z009/Z9_81.jpg,mitochondria,1,Z009,val,Z9_81.jpg
/content/drive/MyDrive/494_Project_test_3/COMI/dataset/BPAEC/mitochondria/Z009/Z9_82.jpg,mitochondria,1,Z009,val,Z9_82.jpg
/content/drive/MyDrive/494_Project_test_3/COMI/dataset/BPAEC/mitochondria/Z009/Z9_83.jpg,mitochondria,1,Z009,val,Z9_83.jpg
/content/drive/MyDrive/494_Project_test_3/COMI/dataset/BPAEC/mitochondria/Z009/Z9_84.jpg,mitochondria,1,Z009,val,Z9_84.jpg
/content/drive/MyDrive/494_Project_test_3/COMI/dataset/BPAEC/mitochondria/Z009/Z9_85.jpg,mitochondria,1,Z009,val,Z9_85.jpg
/content/drive/MyDrive/494_Project_test_3/COMI/dataset/BPAEC/mitochondria/Z009/Z9_86.jpg,mitochondria,1,Z009,val,Z9_86.jpg
/content/drive/MyDrive/494_Project_test_3/COMI/dataset/BPAEC/mitochondria/Z009/Z9_87.jpg,mitochondria,1,Z009,val,Z9_87.jpg
/content/drive/MyDrive/494_Project_test_3/COMI/dataset/BPAEC/mitochondria/Z009/Z9_88.jpg,mitochondria,1,Z009,val,Z9_88.jpg
/content/drive/MyDrive/494_Project_test_3/COMI/dataset/BPAEC/mitochondria/Z009/Z9_89.jpg,mitochondria,1,Z009,val,Z9_89.jpg
/content/drive/MyDrive/494_Project_test_3/COMI/dataset/BPAEC/mitochondria/Z009/Z9_9.jpg,mitochondria,1,Z009,val,Z9_9.jpg
/content/drive/MyDrive/494_Project_test_3/COMI/dataset/BPAEC/mitochondria/Z009/Z9_90.jpg,mitochondria,1,Z009,val,Z9_90.jpg
/content/drive/MyDrive/494_Project_test_3/COMI/dataset/BPAEC/mitochondria/Z009/Z9_91.jpg,mitochondria,1,Z009,val,Z9_91.jpg
/content/drive/MyDrive/494_Project_test_3/COMI/dataset/BPAEC/mitochondria/Z009/Z9_92.jpg,mitochondria,1,Z009,val,Z9_92.jpg
/content/drive/MyDrive/494_Project_test_3/COMI/dataset/BPAEC/mitochondria/Z009/Z9_93.jpg,mitochondria,1,Z009,val,Z9_93.jpg
/content/drive/MyDrive/494_Project_test_3/COMI/dataset/BPAEC/mitochondria/Z009/Z9_94.jpg,mitochondria,1,Z009,val,Z9_94.jpg
/content/drive/MyDrive/494_Project_test_3/COMI/dataset/BPAEC/mitochondria/Z009/Z9_95.jpg,mitochondria,1,Z009,val,Z9_95.jpg
/content/drive/MyDrive/494_Project_test_3/COMI/dataset/BPAEC/mitochondria/Z009/Z9_96.jpg,mitochondria,1,Z009,val,Z9_96.jpg
/content/drive/MyDrive/494_Project_test_3/COMI/dataset/BPAEC/nucleus/Z009/Z9_0.jpg,nucleus,2,Z009,val,Z9_0.jpg
/content/drive/MyDrive/494_Project_test_3/COMI/dataset/BPAEC/nucleus/Z009/Z9_1.jpg,nucleus,2,Z009,val,Z9_1.jpg
/content/drive/MyDrive/494_Project_test_3/COMI/dataset/BPAEC/nucleus/Z009/Z9_10.jpg,nucleus,2,Z009,val,Z9_10.jpg
/content/drive/MyDrive/494_Project_test_3/COMI/dataset/BPAEC/nucleus/Z009/Z9_11.jpg,nucleus,2,Z009,val,Z9_11.jpg
/content/drive/MyDrive/494_Project_test_3/COMI/dataset/BPAEC/nucleus/Z009/Z9_12.jpg,nucleus,2,Z009,val,Z9_12.jpg
/content/drive/MyDrive/494_Project_test_3/COMI/dataset/BPAEC/nucleus/Z009/Z9_13.jpg,nucleus,2,Z009,val,Z9_13.jpg
/content/drive/MyDrive/494_Project_test_3/COMI/dataset/BPAEC/nucleus/Z009/Z9_14.jpg,nucleus,2,Z009,val,Z9_14.jpg
/content/drive/MyDrive/494_Project_test_3/COMI/dataset/BPAEC/nucleus/Z009/Z9_15.jpg,nucleus,2,Z009,val,Z9_15.jpg
/content/drive/MyDrive/494_Project_test_3/COMI/dataset/BPAEC/nucleus/Z009/Z9_16.jpg,nucleus,2,Z009,val,Z9_16.jpg
/content/drive/MyDrive/494_Project_test_3/COMI/dataset/BPAEC/nucleus/Z009/Z9_17.jpg,nucleus,2,Z009,val,Z9_17.jpg
/content/drive/MyDrive/494_Project_test_3/COMI/dataset/BPAEC/nucleus/Z009/Z9_18.jpg,nucleus,2,Z009,val,Z9_18.jpg
/content/drive/MyDrive/494_Project_test_3/COMI/dataset/BPAEC/nucleus/Z009/Z9_19.jpg,nucleus,2,Z009,val,Z9_19.jpg
/content/drive/MyDrive/494_Project_test_3/COMI/dataset/BPAEC/nucleus/Z009/Z9_2.jpg,nucleus,2,Z009,val,Z9_2.jpg
/content/drive/MyDrive/494_Project_test_3/COMI/dataset/BPAEC/nucleus/Z009/Z9_20.jpg,nucleus,2,Z009,val,Z9_20.jpg
/content/drive/MyDrive/494_Project_test_3/COMI/dataset/BPAEC/nucleus/Z009/Z9_21.jpg,nucleus,2,Z009,val,Z9_21.jpg
/content/drive/MyDrive/494_Project_test_3/COMI/dataset/BPAEC/nucleus/Z009/Z9_22.jpg,nucleus,2,Z009,val,Z9_22.jpg
/content/drive/MyDrive/494_Project_test_3/COMI/dataset/BPAEC/nucleus/Z009/Z9_23.jpg,nucleus,2,Z009,val,Z9_23.jpg
/content/drive/MyDrive/494_Project_test_3/COMI/dataset/BPAEC/nucleus/Z009/Z9_24.jpg,nucleus,2,Z009,val,Z9_24.jpg
/content/drive/MyDrive/494_Project_test_3/COMI/dataset/BPAEC/nucleus/Z009/Z9_25.jpg,nucleus,2,Z009,val,Z9_25.jpg
/content/drive/MyDrive/494_Project_test_3/COMI/dataset/BPAEC/nucleus/Z009/Z9_26.jpg,nucleus,2,Z009,val,Z9_26.jpg
/content/drive/MyDrive/494_Project_test_3/COMI/dataset/BPAEC/nucleus/Z009/Z9_27.jpg,nucleus,2,Z009,val,Z9_27.jpg
/content/drive/MyDrive/494_Project_test_3/COMI/dataset/BPAEC/nucleus/Z009/Z9_28.jpg,nucleus,2,Z009,val,Z9_28.jpg
/content/drive/MyDrive/494_Project_test_3/COMI/dataset/BPAEC/nucleus/Z009/Z9_29.jpg,nucleus,2,Z009,val,Z9_29.jpg
/content/drive/MyDrive/494_Project_test_3/COMI/dataset/BPAEC/nucleus/Z009/Z9_3.jpg,nucleus,2,Z009,val,Z9_3.jpg
/content/drive/MyDrive/494_Project_test_3/COMI/dataset/BPAEC/nucleus/Z009/Z9_30.jpg,nucleus,2,Z009,val,Z9_30.jpg
/content/drive/MyDrive/494_Project_test_3/COMI/dataset/BPAEC/nucleus/Z009/Z9_31.jpg,nucleus,2,Z009,val,Z9_31.jpg
/content/drive/MyDrive/494_Project_test_3/COMI/dataset/BPAEC/nucleus/Z009/Z9_32.jpg,nucleus,2,Z009,val,Z9_32.jpg
/content/drive/MyDrive/494_Project_test_3/COMI/dataset/BPAEC/nucleus/Z009/Z9_33.jpg,nucleus,2,Z009,val,Z9_33.jpg
/content/drive/MyDrive/494_Project_test_3/COMI/dataset/BPAEC/nucleus/Z009/Z9_34.jpg,nucleus,2,Z009,val,Z9_34.jpg
/content/drive/MyDrive/494_Project_test_3/COMI/dataset/BPAEC/nucleus/Z009/Z9_35.jpg,nucleus,2,Z009,val,Z9_35.jpg
/content/drive/MyDrive/494_Project_test_3/COMI/dataset/BPAEC/nucleus/Z009/Z9_36.jpg,nucleus,2,Z009,val,Z9_36.jpg
/content/drive/MyDrive/494_Project_test_3/COMI/dataset/BPAEC/nucleus/Z009/Z9_37.jpg,nucleus,2,Z009,val,Z9_37.jpg
/content/drive/MyDrive/494_Project_test_3/COMI/dataset/BPAEC/nucleus/Z009/Z9_38.jpg,nucleus,2,Z009,val,Z9_38.jpg
/content/drive/MyDrive/494_Project_test_3/COMI/dataset/BPAEC/nucleus/Z009/Z9_39.jpg,nucleus,2,Z009,val,Z9_39.jpg
/content/drive/MyDrive/494_Project_test_3/COMI/dataset/BPAEC/nucleus/Z009/Z9_4.jpg,nucleus,2,Z009,val,Z9_4.jpg
/content/drive/MyDrive/494_Project_test_3/COMI/dataset/BPAEC/nucleus/Z009/Z9_40.jpg,nucleus,2,Z009,val,Z9_40.jpg
/content/drive/MyDrive/494_Project_test_3/COMI/dataset/BPAEC/nucleus/Z009/Z9_41.jpg,nucleus,2,Z009,val,Z9_41.jpg
/content/drive/MyDrive/494_Project_test_3/COMI/dataset/BPAEC/nucleus/Z009/Z9_42.jpg,nucleus,2,Z009,val,Z9_42.jpg
/content/drive/MyDrive/494_Project_test_3/COMI/dataset/BPAEC/nucleus/Z009/Z9_43.jpg,nucleus,2,Z009,val,Z9_43.jpg
/content/drive/MyDrive/494_Project_test_3/COMI/dataset/BPAEC/nucleus/Z009/Z9_44.jpg,nucleus,2,Z009,val,Z9_44.jpg
/content/drive/MyDrive/494_Project_test_3/COMI/dataset/BPAEC/nucleus/Z009/Z9_45.jpg,nucleus,2,Z009,val,Z9_45.jpg
/content/drive/MyDrive/494_Project_test_3/COMI/dataset/BPAEC/nucleus/Z009/Z9_46.jpg,nucleus,2,Z009,val,Z9_46.jpg
/content/drive/MyDrive/494_Project_test_3/COMI/dataset/BPAEC/nucleus/Z009/Z9_47.jpg,nucleus,2,Z009,val,Z9_47.jpg
/content/drive/MyDrive/494_Project_test_3/COMI/dataset/BPAEC/nucleus/Z009/Z9_48.jpg,nucleus,2,Z009,val,Z9_48.jpg
/content/drive/MyDrive/494_Project_test_3/COMI/dataset/BPAEC/nucleus/Z009/Z9_49.jpg,nucleus,2,Z009,val,Z9_49.jpg
/content/drive/MyDrive/494_Project_test_3/COMI/dataset/BPAEC/nucleus/Z009/Z9_5.jpg,nucleus,2,Z009,val,Z9_5.jpg
/content/drive/MyDrive/494_Project_test_3/COMI/dataset/BPAEC/nucleus/Z009/Z9_50.jpg,nucleus,2,Z009,val,Z9_50.jpg
/content/drive/MyDrive/494_Project_test_3/COMI/dataset/BPAEC/nucleus/Z009/Z9_51.jpg,nucleus,2,Z009,val,Z9_51.jpg
/content/drive/MyDrive/494_Project_test_3/COMI/dataset/BPAEC/nucleus/Z009/Z9_52.jpg,nucleus,2,Z009,val,Z9_52.jpg
/content/drive/MyDrive/494_Project_test_3/COMI/dataset/BPAEC/nucleus/Z009/Z9_53.jpg,nucleus,2,Z009,val,Z9_53.jpg
/content/drive/MyDrive/494_Project_test_3/COMI/dataset/BPAEC/nucleus/Z009/Z9_54.jpg,nucleus,2,Z009,val,Z9_54.jpg
/content/drive/MyDrive/494_Project_test_3/COMI/dataset/BPAEC/nucleus/Z009/Z9_55.jpg,nucleus,2,Z009,val,Z9_55.jpg
/content/drive/MyDrive/494_Project_test_3/COMI/dataset/BPAEC/nucleus/Z009/Z9_56.jpg,nucleus,2,Z009,val,Z9_56.jpg
/content/drive/MyDrive/494_Project_test_3/COMI/dataset/BPAEC/nucleus/Z009/Z9_57.jpg,nucleus,2,Z009,val,Z9_57.jpg
/content/drive/MyDrive/494_Project_test_3/COMI/dataset/BPAEC/nucleus/Z009/Z9_58.jpg,nucleus,2,Z009,val,Z9_58.jpg
/content/drive/MyDrive/494_Project_test_3/COMI/dataset/BPAEC/nucleus/Z009/Z9_59.jpg,nucleus,2,Z009,val,Z9_59.jpg
/content/drive/MyDrive/494_Project_test_3/COMI/dataset/BPAEC/nucleus/Z009/Z9_6.jpg,nucleus,2,Z009,val,Z9_6.jpg
/content/drive/MyDrive/494_Project_test_3/COMI/dataset/BPAEC/nucleus/Z009/Z9_60.jpg,nucleus,2,Z009,val,Z9_60.jpg
/content/drive/MyDrive/494_Project_test_3/COMI/dataset/BPAEC/nucleus/Z009/Z9_61.jpg,nucleus,2,Z009,val,Z9_61.jpg
/content/drive/MyDrive/494_Project_test_3/COMI/dataset/BPAEC/nucleus/Z009/Z9_62.jpg,nucleus,2,Z009,val,Z9_62.jpg
/content/drive/MyDrive/494_Project_test_3/COMI/dataset/BPAEC/nucleus/Z009/Z9_63.jpg,nucleus,2,Z009,val,Z9_63.jpg
/content/drive/MyDrive/494_Project_test_3/COMI/dataset/BPAEC/nucleus/Z009/Z9_64.jpg,nucleus,2,Z009,val,Z9_64.jpg
/content/drive/MyDrive/494_Project_test_3/COMI/dataset/BPAEC/nucleus/Z009/Z9_65.jpg,nucleus,2,Z009,val,Z9_65.jpg
/content/drive/MyDrive/494_Project_test_3/COMI/dataset/BPAEC/nucleus/Z009/Z9_66.jpg,nucleus,2,Z009,val,Z9_66.jpg
/content/drive/MyDrive/494_Project_test_3/COMI/dataset/BPAEC/nucleus/Z009/Z9_67.jpg,nucleus,2,Z009,val,Z9_67.jpg
/content/drive/MyDrive/494_Project_test_3/COMI/dataset/BPAEC/nucleus/Z009/Z9_68.jpg,nucleus,2,Z009,val,Z9_68.jpg
/content/drive/MyDrive/494_Project_test_3/COMI/dataset/BPAEC/nucleus/Z009/Z9_69.jpg,nucleus,2,Z009,val,Z9_69.jpg
/content/drive/MyDrive/494_Project_test_3/COMI/dataset/BPAEC/nucleus/Z009/Z9_7.jpg,nucleus,2,Z009,val,Z9_7.jpg
/content/drive/MyDrive/494_Project_test_3/COMI/dataset/BPAEC/nucleus/Z009/Z9_70.jpg,nucleus,2,Z009,val,Z9_70.jpg
/content/drive/MyDrive/494_Project_test_3/COMI/dataset/BPAEC/nucleus/Z009/Z9_71.jpg,nucleus,2,Z009,val,Z9_71.jpg
/content/drive/MyDrive/494_Project_test_3/COMI/dataset/BPAEC/nucleus/Z009/Z9_72.jpg,nucleus,2,Z009,val,Z9_72.jpg
/content/drive/MyDrive/494_Project_test_3/COMI/dataset/BPAEC/nucleus/Z009/Z9_73.jpg,nucleus,2,Z009,val,Z9_73.jpg
/content/drive/MyDrive/494_Project_test_3/COMI/dataset/BPAEC/nucleus/Z009/Z9_74.jpg,nucleus,2,Z009,val,Z9_74.jpg
/content/drive/MyDrive/494_Project_test_3/COMI/dataset/BPAEC/nucleus/Z009/Z9_75.jpg,nucleus,2,Z009,val,Z9_75.jpg
/content/drive/MyDrive/494_Project_test_3/COMI/dataset/BPAEC/nucleus/Z009/Z9_76.jpg,nucleus,2,Z009,val,Z9_76.jpg
/content/drive/MyDrive/494_Project_test_3/COMI/dataset/BPAEC/nucleus/Z009/Z9_77.jpg,nucleus,2,Z009,val,Z9_77.jpg
/content/drive/MyDrive/494_Project_test_3/COMI/dataset/BPAEC/nucleus/Z009/Z9_78.jpg,nucleus,2,Z009,val,Z9_78.jpg
/content/drive/MyDrive/494_Project_test_3/COMI/dataset/BPAEC/nucleus/Z009/Z9_79.jpg,nucleus,2,Z009,val,Z9_79.jpg
/content/drive/MyDrive/494_Project_test_3/COMI/dataset/BPAEC/nucleus/Z009/Z9_8.jpg,nucleus,2,Z009,val,Z9_8.jpg
/content/drive/MyDrive/494_Project_test_3/COMI/dataset/BPAEC/nucleus/Z009/Z9_80.jpg,nucleus,2,Z009,val,Z9_80.jpg
/content/drive/MyDrive/494_Project_test_3/COMI/dataset/BPAEC/nucleus/Z009/Z9_81.jpg,nucleus,2,Z009,val,Z9_81.jpg
/content/drive/MyDrive/494_Project_test_3/COMI/dataset/BPAEC/nucleus/Z009/Z9_82.jpg,nucleus,2,Z009,val,Z9_82.jpg
/content/drive/MyDrive/494_Project_test_3/COMI/dataset/BPAEC/nucleus/Z009/Z9_83.jpg,nucleus,2,Z009,val,Z9_83.jpg
/content/drive/MyDrive/494_Project_test_3/COMI/dataset/BPAEC/nucleus/Z009/Z9_84.jpg,nucleus,2,Z009,val,Z9_84.jpg
/content/drive/MyDrive/494_Project_test_3/COMI/dataset/BPAEC/nucleus/Z009/Z9_85.jpg,nucleus,2,Z009,val,Z9_85.jpg
/content/drive/MyDrive/494_Project_test_3/COMI/dataset/BPAEC/nucleus/Z009/Z9_86.jpg,nucleus,2,Z009,val,Z9_86.jpg
/content/drive/MyDrive/494_Project_test_3/COMI/dataset/BPAEC/nucleus/Z009/Z9_87.jpg,nucleus,2,Z009,val,Z9_87.jpg
/content/drive/MyDrive/494_Project_test_3/COMI/dataset/BPAEC/nucleus/Z009/Z9_88.jpg,nucleus,2,Z009,val,Z9_88.jpg
/content/drive/MyDrive/494_Project_test_3/COMI/dataset/BPAEC/nucleus/Z009/Z9_89.jpg,nucleus,2,Z009,val,Z9_89.jpg
/content/drive/MyDrive/494_Project_test_3/COMI/dataset/BPAEC/nucleus/Z009/Z9_9.jpg,nucleus,2,Z009,val,Z9_9.jpg
/content/drive/MyDrive/494_Project_test_3/COMI/dataset/BPAEC/nucleus/Z009/Z9_90.jpg,nucleus,2,Z009,val,Z9_90.jpg
/content/drive/MyDrive/494_Project_test_3/COMI/dataset/BPAEC/nucleus/Z009/Z9_91.jpg,nucleus,2,Z009,val,Z9_91.jpg
/content/drive/MyDrive/494_Project_test_3/COMI/dataset/BPAEC/nucleus/Z009/Z9_92.jpg,nucleus,2,Z009,val,Z9_92.jpg
/content/drive/MyDrive/494_Project_test_3/COMI/dataset/BPAEC/nucleus/Z009/Z9_93.jpg,nucleus,2,Z009,val,Z9_93.jpg
/content/drive/MyDrive/494_Project_test_3/COMI/dataset/BPAEC/nucleus/Z009/Z9_94.jpg,nucleus,2,Z009,val,Z9_94.jpg
/content/drive/MyDrive/494_Project_test_3/COMI/dataset/BPAEC/nucleus/Z009/Z9_95.jpg,nucleus,2,Z009,val,Z9_95.jpg
/content/drive/MyDrive/494_Project_test_3/COMI/dataset/BPAEC/nucleus/Z009/Z9_96.jpg,nucleus,2,Z009,val,Z9_96.jpg
/content/drive/MyDrive/494_Project_test_3/COMI/dataset/BPAEC/nucleus/Z009/Z9_97.jpg,nucleus,2,Z009,val,Z9_97.jpg
/content/drive/MyDrive/494_Project_test_3/COMI/dataset/BPAEC/nucleus/Z009/Z9_98.jpg,nucleus,2,Z009,val,Z9_98.jpg
/content/drive/MyDrive/494_Project_test_3/COMI/dataset/BPAEC/nucleus/Z009/Z9_99.jpg,nucleus,2,Z009,val,Z9_99.jpg
