path,true_idx,true_label,pred_idx,pred_label,emb_0,emb_1,emb_2,emb_3,emb_4,emb_5,emb_6,emb_7,emb_8,emb_9,emb_10,emb_11,emb_12,emb_13,emb_14,emb_15,emb_16,emb_17,emb_18,emb_19,emb_20,emb_21,emb_22,emb_23,emb_24,emb_25,emb_26,emb_27,emb_28,emb_29,emb_30,emb_31,emb_32,emb_33,emb_34,emb_35,emb_36,emb_37,emb_38,emb_39,emb_40,emb_41,emb_42,emb_43,emb_44,emb_45,emb_46,emb_47,emb_48,emb_49,emb_50,emb_51,emb_52,emb_53,emb_54,emb_55,emb_56,emb_57,emb_58,emb_59,emb_60,emb_61,emb_62,emb_63,emb_64,emb_65,emb_66,emb_67,emb_68,emb_69,emb_70,emb_71,emb_72,emb_73,emb_74,emb_75,emb_76,emb_77,emb_78,emb_79,emb_80,emb_81,emb_82,emb_83,emb_84,emb_85,emb_86,emb_87,emb_88,emb_89,emb_90,emb_91,emb_92,emb_93,emb_94,emb_95,emb_96,emb_97,emb_98,emb_99,emb_100,emb_101,emb_102,emb_103,emb_104,emb_105,emb_106,emb_107,emb_108,emb_109,emb_110,emb_111,emb_112,emb_113,emb_114,emb_115,emb_116,emb_117,emb_118,emb_119,emb_120,emb_121,emb_122,emb_123,emb_124,emb_125,emb_126,emb_127
/content/drive/MyDrive/494_Project_test_3/COMI/dataset/BPAEC/actin/Z010/Z10_0.jpg,0,actin,0,actin,0.07679448276758194,0.046456173062324524,0.0,0.18561498820781708,0.37192344665527344,0.8121415972709656,0.0,0.0896969586610794,0.757211446762085,0.4814964532852173,0.0,0.0,0.0,0.0,0.0,0.0,0.7479565143585205,0.0,0.0,0.0,0.7516258955001831,0.0,0.0,0.4371420443058014,0.0,0.7573049664497375,0.024124782532453537,0.0,0.0,0.0,0.6682098507881165,0.0,0.032234929502010345,0.2285105288028717,0.04572761058807373,0.23132316768169403,0.0,0.0,0.35186877846717834,0.0,0.20603284239768982,0.08391328155994415,0.0,0.0,0.0,0.4872375726699829,0.0,0.4581383764743805,0.1472017467021942,0.0,0.4244208037853241,0.8650081753730774,0.36750712990760803,0.35424312949180603,0.0,0.6872003674507141,0.0,0.7982428669929504,0.0,0.2995116412639618,0.8958179950714111,0.0,1.0184396505355835,0.4305383861064911,0.0,0.0,0.07628520578145981,0.0,0.611113429069519,0.8741368651390076,0.26395177841186523,0.0,0.0,0.4861210584640503,0.0,0.0,0.0,0.0,0.0,0.0,0.30454930663108826,0.12555158138275146,0.5559513568878174,0.8827528357505798,0.0,0.8696516156196594,0.0,1.0371912717819214,0.09914736449718475,0.6955230236053467,0.0,0.7871574759483337,0.0,0.0,0.0,0.2732469141483307,0.0,0.10286648571491241,0.5384454727172852,0.0,0.43056222796440125,0.0,0.3939650058746338,0.9191670417785645,0.08483481407165527,0.0,0.5737401247024536,0.0,1.0247026681900024,0.15130950510501862,0.0,0.058220744132995605,0.46114006638526917,0.0,0.9019579887390137,0.0,0.0,0.0,0.0,1.0855145454406738,0.4373362064361572,0.31336280703544617,0.0,0.0,0.0,0.0,0.4332369863986969,0.0
/content/drive/MyDrive/494_Project_test_3/COMI/dataset/BPAEC/actin/Z010/Z10_1.jpg,0,actin,0,actin,0.0,0.23185822367668152,0.0,0.26267141103744507,0.03956879302859306,0.6562303304672241,0.16705971956253052,0.0,0.6998897194862366,0.2163451761007309,0.0,0.22604387998580933,0.0,0.0,0.14784927666187286,0.007306821644306183,0.5253856182098389,0.0,0.0,0.0,1.018611192703247,0.0,0.0,0.26139703392982483,0.0,0.5919077396392822,0.0,0.0,0.0,0.1184629574418068,0.4603425860404968,0.30630582571029663,0.0,0.03582514449954033,0.0,0.12624984979629517,0.0,0.0,0.5667763352394104,0.0,0.0,0.0,0.2284388542175293,0.0,0.0,0.29084527492523193,0.0,0.8465165495872498,0.015436053276062012,0.3270139992237091,0.06288093328475952,0.5326964259147644,0.36230647563934326,0.5283295512199402,0.0,0.37860792875289917,0.0,0.6778756976127625,0.28153398633003235,0.1214396134018898,1.3517377376556396,0.07543259859085083,1.009185791015625,0.7601024508476257,0.40561801195144653,0.0,0.3185475170612335,0.0,0.2688882052898407,0.6070936918258667,0.0496034249663353,0.0,0.38538169860839844,0.6338168978691101,0.0,0.0,0.0,0.04454359412193298,0.45421460270881653,0.25227829813957214,0.6782265305519104,0.2697526514530182,0.35091739892959595,0.6008809804916382,0.07700788229703903,0.512068510055542,0.0,0.7565504908561707,0.3674068748950958,0.40905508399009705,0.3323887586593628,0.6958370804786682,0.06149262934923172,0.35092923045158386,0.08253034949302673,0.45603424310684204,0.3991895318031311,0.0,0.776160717010498,0.0,0.7354204058647156,0.0,0.515140175819397,0.6397064924240112,0.40682321786880493,0.4958847463130951,1.0469454526901245,0.0,0.8179611563682556,0.0,0.0,0.0,1.0232714414596558,0.0,0.6139535903930664,0.0,0.0,0.0,0.0,0.8246380090713501,0.23845182359218597,0.6408345103263855,0.05012022703886032,0.0,0.0,0.0,0.22231557965278625,0.0
/content/drive/MyDrive/494_Project_test_3/COMI/dataset/BPAEC/actin/Z010/Z10_10.jpg,0,actin,0,actin,0.0,0.26689738035202026,0.0,0.4104737937450409,0.18465320765972137,1.0256298780441284,0.0,0.0,1.0445834398269653,0.43056154251098633,0.0,0.0,0.0,0.0,0.0,0.0,1.0372402667999268,0.0,0.0,0.0,1.088547706604004,0.0,0.0,0.24194398522377014,0.0,0.9049805998802185,0.0,0.0,0.0,0.0,0.7795427441596985,0.0,0.0,0.20546424388885498,0.0,0.0,0.0,0.0,0.6584179997444153,0.0,0.055751699954271317,0.0,0.1313936412334442,0.0,0.0,0.7089067101478577,0.0,0.7776778340339661,0.0,0.0,0.3693678379058838,0.9627519845962524,0.14421090483665466,0.6493104696273804,0.0,0.7424900531768799,0.0,1.1014988422393799,0.0,0.0853293314576149,1.039056658744812,0.0,1.2877888679504395,0.6787487864494324,0.0,0.0,0.3181840479373932,0.0,0.47449570894241333,1.0620440244674683,0.17312942445278168,0.0,0.0,0.7114516496658325,0.0,0.0,0.0,0.0,0.0,0.0,0.6158934235572815,0.2662656307220459,0.7350777387619019,1.108064889907837,0.12440680712461472,1.0634595155715942,0.0,1.2318921089172363,0.3159100413322449,0.8888194561004639,0.0,1.0203053951263428,0.0,0.0,0.0,0.5356074571609497,0.0,0.0,0.8292872905731201,0.0,0.6960462927818298,0.0,0.1896556168794632,1.0730136632919312,0.3768763542175293,0.0,0.6292811036109924,0.0,1.2906417846679688,0.0,0.0,0.0,0.3683718144893646,0.0,1.1354997158050537,0.0,0.0,0.0,0.0,1.318405270576477,0.3045402765274048,0.5540513396263123,0.0,0.0,0.0,0.0,0.47361698746681213,0.0
/content/drive/MyDrive/494_Project_test_3/COMI/dataset/BPAEC/actin/Z010/Z10_11.jpg,0,actin,1,mitochondria,0.13202984631061554,0.0,0.0,0.0,0.43880322575569153,0.4495459198951721,0.23536378145217896,0.17017188668251038,0.3525122106075287,0.3902669847011566,0.032835543155670166,0.3020159900188446,0.0,0.0,0.2575934827327728,0.05278836935758591,0.2762637436389923,0.0,0.0,0.0,0.42286548018455505,0.0,0.0,0.5747780799865723,0.0,0.471036434173584,0.08202271163463593,0.026806168258190155,0.0,0.1296466588973999,0.40092891454696655,0.4137807786464691,0.17555955052375793,0.146100252866745,0.06886233389377594,0.5057826638221741,0.0,0.0,0.03937840461730957,0.0,0.24635425209999084,0.19388063251972198,0.0,0.0,0.0,0.11029799282550812,0.0,0.20570442080497742,0.327370822429657,0.34185919165611267,0.32681718468666077,0.549757182598114,0.6026124358177185,0.060207217931747437,0.0,0.4570865333080292,0.08995451033115387,0.3559943437576294,0.2622925639152527,0.49129778146743774,0.8830984234809875,0.2024746984243393,0.6492170095443726,0.2190832495689392,0.4204593300819397,0.0,0.0,0.0,0.5908128619194031,0.5081353187561035,0.2669656276702881,0.0,0.42992547154426575,0.239365816116333,0.0,0.0,0.0,0.11500366777181625,0.45605897903442383,0.323672890663147,0.06212470680475235,0.012615756131708622,0.22616265714168549,0.4371378421783447,0.0,0.4586712419986725,0.0,0.6365734934806824,0.0,0.2915631830692291,0.32981640100479126,0.4177479147911072,0.14228388667106628,0.36393308639526367,0.21963725984096527,0.011188138276338577,0.4018858075141907,0.1945386379957199,0.2564697265625,0.0,0.2102983295917511,0.0,0.6750338077545166,0.5823666453361511,0.0,0.26212581992149353,0.6810705661773682,0.0,0.5698174834251404,0.32675158977508545,0.0,0.14589622616767883,0.8007535934448242,0.21598124504089355,0.4700101315975189,0.0,0.0,0.0,0.06655047833919525,0.6408873796463013,0.49025923013687134,0.13398674130439758,0.14982442557811737,0.0,0.0,0.0,0.2596417963504791,0.0
/content/drive/MyDrive/494_Project_test_3/COMI/dataset/BPAEC/actin/Z010/Z10_12.jpg,0,actin,1,mitochondria,0.19959528744220734,0.0,0.0,0.0,0.5144047141075134,0.4895630478858948,0.31917741894721985,0.28542304039001465,0.35967350006103516,0.46106812357902527,0.13003918528556824,0.4147317409515381,0.0,0.10679111629724503,0.4043545424938202,0.15068048238754272,0.2616768181324005,0.05401085317134857,0.0,0.00418497622013092,0.4669742286205292,0.0,0.0,0.6607166528701782,0.0,0.5281733274459839,0.1362711489200592,0.17327004671096802,0.0,0.19196031987667084,0.45262178778648376,0.49442824721336365,0.2547939717769623,0.18394988775253296,0.11092763394117355,0.650791585445404,0.0,0.07244928181171417,0.03495826572179794,0.0,0.2940938472747803,0.30164724588394165,0.0,0.0,0.0,0.12847943603992462,0.0,0.22131004929542542,0.4126772880554199,0.43445032835006714,0.3395853340625763,0.5953500270843506,0.7037833333015442,0.07036322355270386,0.0,0.4635337293148041,0.17365780472755432,0.33252057433128357,0.36627480387687683,0.5424122214317322,0.9721032381057739,0.3105889558792114,0.6858417987823486,0.27518385648727417,0.5323305130004883,0.0,0.0,0.0635804533958435,0.7017637491226196,0.522704005241394,0.2965828776359558,0.0,0.5862486362457275,0.3066824674606323,0.0,0.0,0.0,0.2342672199010849,0.549266517162323,0.45969992876052856,0.09932427853345871,0.04955583065748215,0.23901475965976715,0.4701279401779175,0.0,0.437936007976532,0.0,0.6840534806251526,0.0,0.3040015697479248,0.4475782513618469,0.4364757835865021,0.24584044516086578,0.49099570512771606,0.36539533734321594,0.03367127105593681,0.5577332377433777,0.2614917457103729,0.2699037790298462,0.0,0.22482150793075562,0.0,0.7900372743606567,0.5827769041061401,0.0,0.35205188393592834,0.7718186378479004,0.06492819637060165,0.5861390233039856,0.4384121894836426,0.0,0.20833183825016022,0.9258298873901367,0.38593336939811707,0.4701627194881439,0.0,0.0,0.05231866240501404,0.17904207110404968,0.691267728805542,0.5492798089981079,0.1618119180202484,0.2593550682067871,0.0,0.0,0.019385505467653275,0.2984008491039276,0.0
/content/drive/MyDrive/494_Project_test_3/COMI/dataset/BPAEC/actin/Z010/Z10_13.jpg,0,actin,0,actin,0.0,0.028537878766655922,0.0,0.16173411905765533,0.2669087052345276,0.6894582509994507,0.0,0.0,0.6487066745758057,0.3441702127456665,0.0,0.0,0.0,0.0,0.0,0.0,0.6527763605117798,0.0,0.0,0.0,0.7104122042655945,0.0,0.0,0.35952943563461304,0.0,0.6324188709259033,0.0,0.0,0.0,0.0,0.536685049533844,0.0,0.0,0.14715692400932312,0.0,0.10374623537063599,0.0,0.0,0.36056646704673767,0.0,0.09966680407524109,0.0,0.0,0.0,0.0,0.3450269401073456,0.0,0.4851516783237457,0.07735360413789749,0.0,0.32913529872894287,0.7116373777389526,0.28471189737319946,0.29120001196861267,0.0,0.5911251306533813,0.0,0.7147610783576965,0.0,0.2115664780139923,0.888065755367279,0.0,0.9324200749397278,0.41969501972198486,0.0,0.0,0.07266108691692352,0.0,0.45626118779182434,0.7325225472450256,0.21554648876190186,0.0,0.0,0.41165682673454285,0.0,0.0,0.0,0.0,0.0,0.0,0.281464546918869,0.09101909399032593,0.4360053539276123,0.7372861504554749,0.0,0.7495093941688538,0.0,0.860264241695404,0.08983093500137329,0.5369346141815186,0.0,0.6960684657096863,0.0,0.0,0.0,0.26200374960899353,0.0,0.013916569761931896,0.5175613164901733,0.0,0.4323461949825287,0.0,0.3243756592273712,0.8085620403289795,0.03092779591679573,0.0,0.5751155018806458,0.0,0.9046764373779297,0.06785251945257187,0.0,0.0,0.4700833261013031,0.0,0.7676073312759399,0.0,0.0,0.0,0.0,0.9098646640777588,0.3616817593574524,0.33142581582069397,0.0,0.0,0.0,0.0,0.3515961468219757,0.0
/content/drive/MyDrive/494_Project_test_3/COMI/dataset/BPAEC/actin/Z010/Z10_14.jpg,0,actin,1,mitochondria,0.1162741482257843,0.0,0.0,0.0,0.4115419387817383,0.5333356857299805,0.06859982013702393,0.12936966121196747,0.43371978402137756,0.3968884348869324,0.0,0.09140069037675858,0.0,0.0,0.0670914575457573,0.0,0.3981458246707916,0.0,0.0,0.0,0.4759078919887543,0.0,0.0,0.5280757546424866,0.0,0.5290470719337463,0.05112749710679054,0.0,0.0,0.0,0.4578269422054291,0.23226986825466156,0.12168949097394943,0.16363906860351562,0.0643656998872757,0.38265955448150635,0.0,0.0,0.13567407429218292,0.0,0.21494513750076294,0.13718608021736145,0.0,0.0,0.0,0.17841078341007233,0.0,0.26405248045921326,0.26207438111305237,0.15285351872444153,0.35458406805992126,0.6389245986938477,0.49939122796058655,0.09672470390796661,0.0,0.5317022800445557,0.0,0.474227637052536,0.10448431968688965,0.40030404925346375,0.8485884070396423,0.0,0.7335684299468994,0.25947099924087524,0.19680804014205933,0.0,0.0,0.0,0.5788512229919434,0.5891681909561157,0.27214109897613525,0.0,0.18788854777812958,0.2677564024925232,0.0,0.0,0.0,0.0,0.2522275447845459,0.1447664350271225,0.08044299483299255,0.011855949647724628,0.2935636043548584,0.555681586265564,0.0,0.5703060626983643,0.0,0.7170873284339905,0.0,0.38801148533821106,0.17191806435585022,0.5141181349754333,0.0,0.1563401222229004,0.08091431111097336,0.06653289496898651,0.21621930599212646,0.15824198722839355,0.3169834613800049,0.0,0.24922853708267212,0.0,0.5434638261795044,0.6772795915603638,0.0,0.12371431291103363,0.6050818562507629,0.0,0.694735050201416,0.28121235966682434,0.0,0.11882732808589935,0.6433208584785461,0.065802201628685,0.5719195008277893,0.0,0.0,0.0,0.0,0.73860764503479,0.4738616645336151,0.17461231350898743,0.0,0.0,0.0,0.0,0.31199201941490173,0.0
/content/drive/MyDrive/494_Project_test_3/COMI/dataset/BPAEC/actin/Z010/Z10_15.jpg,0,actin,0,actin,0.049555517733097076,0.05707399547100067,0.0,0.19773350656032562,0.3435337245464325,0.806821346282959,0.0,0.05893043428659439,0.7593558430671692,0.455197274684906,0.0,0.0,0.0,0.0,0.0,0.0,0.7553638815879822,0.0,0.0,0.0,0.7689983248710632,0.0,0.0,0.4109843075275421,0.0,0.7496722340583801,0.0066008903086185455,0.0,0.0,0.0,0.6550247669219971,0.0,0.001301119104027748,0.2153693437576294,0.02490963041782379,0.1876140832901001,0.0,0.0,0.3727448880672455,0.0,0.1803334504365921,0.053872182965278625,0.0,0.0,0.0,0.4832831621170044,0.0,0.483097106218338,0.11921165883541107,0.0,0.40740349888801575,0.8469261527061462,0.3394523561000824,0.3660735785961151,0.0,0.674990177154541,0.0,0.8074372410774231,0.0,0.2723809480667114,0.9049226641654968,0.0,1.023495078086853,0.445438027381897,0.0,0.0,0.0914701446890831,0.0,0.5759581327438354,0.8668539524078369,0.2496274709701538,0.0,0.0,0.49015122652053833,0.0,0.0,0.0,0.0,0.0,0.0,0.32092246413230896,0.12796543538570404,0.5498380064964294,0.874476432800293,0.0,0.8674455285072327,0.0,1.025485873222351,0.11389501392841339,0.6824982166290283,0.0,0.7876508235931396,0.0,0.0,0.0,0.28772246837615967,0.0,0.07517944276332855,0.5539219379425049,0.0,0.45027297735214233,0.0,0.3677414357662201,0.9123165607452393,0.09551788866519928,0.0,0.5776327848434448,0.0,1.0257558822631836,0.11617294698953629,0.0,0.02873414009809494,0.45801082253456116,0.0,0.8994251489639282,0.0,0.0,0.0,0.0,1.0753870010375977,0.4154728651046753,0.3291790187358856,0.0,0.0,0.0,0.0,0.4226132333278656,0.0
/content/drive/MyDrive/494_Project_test_3/COMI/dataset/BPAEC/actin/Z010/Z10_16.jpg,0,actin,2,nucleus,0.16698287427425385,0.0,0.0,0.0,0.4861515164375305,0.1832367181777954,0.6503291130065918,0.2580105662345886,0.052731506526470184,0.3175767660140991,0.22826752066612244,0.8055315017700195,0.0,0.4800492823123932,0.7240473031997681,0.49816444516181946,0.0,0.42560237646102905,0.0,0.3194397985935211,0.22559958696365356,0.0,0.0,0.6892629861831665,0.0,0.27458927035331726,0.13330449163913727,0.5300476551055908,0.0,0.5693329572677612,0.2068072110414505,0.8978477716445923,0.2878565192222595,0.08094878494739532,0.06974506378173828,0.7546777129173279,0.0,0.3614434599876404,0.0,0.0,0.2679571509361267,0.29757043719291687,0.0,0.0,0.0,0.0,0.025880029425024986,0.07387852668762207,0.47863805294036865,0.822429895401001,0.2256144881248474,0.30414825677871704,0.8199977874755859,0.0,0.0,0.2653757929801941,0.25032350420951843,0.011448152363300323,0.5778501033782959,0.6453964710235596,0.970217227935791,0.732118546962738,0.396142840385437,0.12069273740053177,0.9468316435813904,0.0,0.0,0.42340126633644104,0.5860437154769897,0.22763031721115112,0.26318252086639404,0.0,1.0563491582870483,0.10554312914609909,0.0,0.0,0.0,0.6235954761505127,0.9398135542869568,0.7469776272773743,0.0,0.0,0.0,0.10233886539936066,0.0,0.12219098955392838,0.0,0.3400638699531555,0.0,0.0,0.7663707137107849,0.14395654201507568,0.5077207684516907,0.8889068961143494,0.5497398972511292,0.0,0.8414035439491272,0.26118454337120056,0.08188643306493759,0.0,0.09105405956506729,0.0,0.9432226419448853,0.31760144233703613,0.0,0.5760444402694702,0.8528521060943604,0.41979122161865234,0.23098671436309814,0.46962326765060425,0.0,0.20641963183879852,1.166174292564392,0.5367969870567322,0.1303408294916153,0.0,0.0,0.24111364781856537,0.2834460437297821,0.32185205817222595,0.5287060141563416,0.04638014733791351,0.6222187876701355,0.0,0.0,0.0,0.1339007169008255,0.0
/content/drive/MyDrive/494_Project_test_3/COMI/dataset/BPAEC/actin/Z010/Z10_17.jpg,0,actin,2,nucleus,0.13467422127723694,0.0,0.0,0.0,0.44176605343818665,0.4385008215904236,0.3396760821342468,0.21320998668670654,0.3332907557487488,0.38605430722236633,0.09209956973791122,0.43688756227493286,0.0,0.12091042101383209,0.39503657817840576,0.17147235572338104,0.23253165185451508,0.08500564098358154,0.0,0.026621058583259583,0.4649184048175812,0.0,0.0,0.5961209535598755,0.0,0.4797373414039612,0.09521900117397308,0.1739547848701477,0.0,0.2297339290380478,0.3945574462413788,0.5183759927749634,0.19233529269695282,0.1376606971025467,0.060105204582214355,0.5778176784515381,0.0,0.06719769537448883,0.0458536222577095,0.0,0.2415907084941864,0.22879017889499664,0.0,0.0,0.0,0.08781113475561142,0.0,0.24948790669441223,0.36197638511657715,0.4595393240451813,0.29107561707496643,0.5193502902984619,0.6613680720329285,0.08253775537014008,0.0,0.4160955250263214,0.13223601877689362,0.3144319951534271,0.3629012405872345,0.513248860836029,0.9840322136878967,0.329243004322052,0.6527079343795776,0.2763650715351105,0.5565866231918335,0.0,0.0,0.07548767328262329,0.6058483123779297,0.4783312678337097,0.257839560508728,0.0,0.6079098582267761,0.28792640566825867,0.0,0.0,0.0,0.24572864174842834,0.5819206833839417,0.45623093843460083,0.12147236615419388,0.0525171123445034,0.20374397933483124,0.41067415475845337,0.0,0.39515024423599243,0.0,0.6178796887397766,0.0,0.25063857436180115,0.45929718017578125,0.4013204872608185,0.2457539439201355,0.5044970512390137,0.32769113779067993,0.03593287989497185,0.5476596355438232,0.20233482122421265,0.27847611904144287,0.0,0.2463660091161728,0.0,0.7623821496963501,0.5434061884880066,0.0,0.3775081932544708,0.7827996611595154,0.080364890396595,0.5434438586235046,0.35619497299194336,0.0,0.14834368228912354,0.9412067532539368,0.3163692355155945,0.42848217487335205,0.0,0.0,0.02225356549024582,0.11964929103851318,0.6264175176620483,0.4944070279598236,0.17649510502815247,0.2720402777194977,0.0,0.0,0.0,0.25098732113838196,0.0
/content/drive/MyDrive/494_Project_test_3/COMI/dataset/BPAEC/actin/Z010/Z10_18.jpg,0,actin,0,actin,0.0,0.29433611035346985,0.0,0.37831684947013855,0.14276660978794098,0.923994779586792,0.0,0.0,0.9329947829246521,0.35130444169044495,0.0,0.0,0.0,0.0,0.0,0.0,0.9068151712417603,0.0,0.0,0.0,1.1111092567443848,0.0,0.0,0.24102464318275452,0.0,0.8348411917686462,0.0,0.0,0.0,0.0,0.6896671056747437,0.0,0.0,0.15790632367134094,0.0,0.0,0.0,0.0,0.677171528339386,0.0,0.0,0.0,0.18915943801403046,0.0,0.0,0.5755596160888672,0.0,0.85277259349823,0.0,0.0,0.2539204955101013,0.8288220763206482,0.18770094215869904,0.6117054224014282,0.0,0.6153621673583984,0.0,0.9722757339477539,0.0,0.045286573469638824,1.173757791519165,0.0,1.2288782596588135,0.7657956480979919,0.0,0.0,0.3496500253677368,0.0,0.4137935936450958,0.9072774052619934,0.1433301568031311,0.0,0.0,0.7283424735069275,0.0,0.0,0.0,0.0,0.0,0.0,0.6573614478111267,0.2767709195613861,0.6143072843551636,0.9676831364631653,0.14207977056503296,0.8822024464607239,0.0,1.0815736055374146,0.37373363971710205,0.7191640138626099,0.0,0.9334647059440613,0.0,0.0,0.0,0.558100163936615,0.0,0.0,0.8415882587432861,0.0,0.7474401593208313,0.0,0.26710548996925354,0.9359040856361389,0.42633017897605896,0.10589896142482758,0.7799731492996216,0.0,1.1608754396438599,0.0,0.0,0.0,0.5753629207611084,0.0,0.9802131652832031,0.0,0.0,0.0,0.0,1.1724443435668945,0.2695675492286682,0.6221601963043213,0.0,0.0,0.0,0.0,0.4166783392429352,0.0
/content/drive/MyDrive/494_Project_test_3/COMI/dataset/BPAEC/actin/Z010/Z10_19.jpg,0,actin,2,nucleus,0.14014537632465363,0.0,0.0,0.0,0.4404694736003876,0.4866921901702881,0.3159843981266022,0.22562506794929504,0.3856087028980255,0.4112577736377716,0.08839254081249237,0.4076487421989441,0.0,0.10003791749477386,0.3773411512374878,0.14234736561775208,0.2706086337566376,0.05053924396634102,0.0,0.0,0.5142983794212341,0.0,0.0,0.6010326147079468,0.0,0.5150096416473389,0.09936228394508362,0.15775126218795776,0.0,0.19263817369937897,0.4326798915863037,0.4851352572441101,0.18087701499462128,0.15143583714962006,0.06868679076433182,0.5725221037864685,0.0,0.045035023242235184,0.08420564979314804,0.0,0.23823416233062744,0.23562610149383545,0.0,0.0,0.0,0.1279527246952057,0.0,0.2920864224433899,0.3526197671890259,0.43372461199760437,0.2996503412723541,0.5671836137771606,0.6586630940437317,0.1158628910779953,0.0,0.44572409987449646,0.12034463882446289,0.3603101372718811,0.3610756993293762,0.4907103180885315,1.01360023021698,0.29717886447906494,0.7029327154159546,0.32065480947494507,0.5365444421768188,0.0,0.0,0.06182076036930084,0.6269705295562744,0.515234112739563,0.25929510593414307,0.0,0.5753799676895142,0.32926836609840393,0.0,0.0,0.0,0.22276876866817474,0.5581149458885193,0.443480521440506,0.161027193069458,0.06797115504741669,0.23380310833454132,0.46176111698150635,0.0,0.432697057723999,0.0,0.6649767756462097,0.005548160523176193,0.3002110719680786,0.443256676197052,0.45297151803970337,0.233175128698349,0.4891207218170166,0.33289310336112976,0.06716582179069519,0.5390095710754395,0.19622613489627838,0.3247223496437073,0.0,0.2853749096393585,0.0,0.7497143745422363,0.5752411484718323,0.0,0.37082430720329285,0.8054816722869873,0.056516848504543304,0.5964061617851257,0.36310330033302307,0.0,0.14568346738815308,0.9434460997581482,0.3109374940395355,0.46412134170532227,0.0,0.0,0.015163689851760864,0.10462750494480133,0.6838175058364868,0.503970205783844,0.21210238337516785,0.24724620580673218,0.0,0.0,0.0,0.27344462275505066,0.0
/content/drive/MyDrive/494_Project_test_3/COMI/dataset/BPAEC/actin/Z010/Z10_2.jpg,0,actin,0,actin,0.0,0.28166040778160095,0.0,0.4090288579463959,0.11063303053379059,0.9899194240570068,0.0,0.0,1.0056709051132202,0.3370459973812103,0.0,0.0,0.0,0.0,0.0,0.0,1.0541560649871826,0.0,0.0,0.0,1.0837002992630005,0.0,0.0,0.1782551109790802,0.0,0.8631756901741028,0.0,0.0,0.0,0.0,0.7196111679077148,0.0,0.0,0.16782096028327942,0.0,0.0,0.0,0.0,0.7207403182983398,0.0,0.0,0.0,0.1324305236339569,0.0,0.0,0.6338145136833191,0.0,0.844668447971344,0.0,0.0,0.327578067779541,0.9204316735267639,0.02634069323539734,0.5791685581207275,0.0,0.7321320176124573,0.0,1.1093777418136597,0.0,0.0,1.0203256607055664,0.0,1.2850866317749023,0.7164555191993713,0.0,0.0,0.3356805741786957,0.0,0.3777922987937927,0.9964601993560791,0.15978270769119263,0.0,0.0,0.6869116425514221,0.0,0.0,0.0,0.0,0.0,0.0,0.5825435519218445,0.2215377390384674,0.6803490519523621,1.0923190116882324,0.13233458995819092,1.055971384048462,0.0,1.1532667875289917,0.309871107339859,0.8229883909225464,0.0,1.0359618663787842,0.0,0.0,0.0,0.5551709532737732,0.0,0.0,0.8558452129364014,0.0,0.734252393245697,0.0,0.03567981719970703,1.0479958057403564,0.3283001482486725,0.0,0.5890539884567261,0.0,1.2873833179473877,0.0,0.0,0.0,0.26883700489997864,0.0,1.0997017621994019,0.0,0.0,0.0,0.0,1.2587889432907104,0.25083619356155396,0.5982527732849121,0.0,0.0,0.0,0.0,0.46444860100746155,0.0
/content/drive/MyDrive/494_Project_test_3/COMI/dataset/BPAEC/actin/Z010/Z10_20.jpg,0,actin,0,actin,0.0,0.2483685314655304,0.0,0.3546192944049835,0.1378648430109024,0.913429856300354,0.0,0.0,0.9451970458030701,0.3587474822998047,0.0,0.0,0.0,0.0,0.0,0.0,0.8927609920501709,0.0,0.0,0.0,1.0372881889343262,0.0,0.0,0.24347546696662903,0.0,0.8104717135429382,0.0,0.0,0.0,0.0,0.6798650622367859,0.0,0.0,0.15720203518867493,0.0,0.0,0.0,0.0,0.6063708662986755,0.0,0.00825371965765953,0.0,0.13836921751499176,0.0,0.0,0.5776374936103821,0.0,0.7874696850776672,0.0,0.0,0.29913225769996643,0.8500891923904419,0.19056619703769684,0.5711268782615662,0.0,0.6635578274726868,0.0,0.9876598119735718,0.0,0.06658075004816055,1.0817573070526123,0.0,1.2006884813308716,0.6850700974464417,0.0,0.0,0.3077356517314911,0.0,0.40995171666145325,0.9241746664047241,0.14897282421588898,0.0,0.0,0.6690834760665894,0.0,0.0,0.0,0.0,0.0,0.0,0.5937091708183289,0.2408490926027298,0.6199814677238464,0.9711063504219055,0.09469906240701675,0.9270893931388855,0.0,1.0848296880722046,0.3071838915348053,0.762222170829773,0.0,0.9439477324485779,0.0,0.0,0.0,0.49425092339515686,0.0,0.0,0.8139501214027405,0.0,0.7100828886032104,0.0,0.2354421764612198,0.9522035717964172,0.33920809626579285,0.00820728950202465,0.7094541788101196,0.0,1.1603240966796875,0.0,0.0,0.0,0.4972166121006012,0.0,0.981330156326294,0.0,0.0,0.0,0.0,1.1737345457077026,0.29233604669570923,0.568612277507782,0.0,0.0,0.0,0.0,0.40193697810173035,0.0
/content/drive/MyDrive/494_Project_test_3/COMI/dataset/BPAEC/actin/Z010/Z10_21.jpg,0,actin,1,mitochondria,0.10937885195016861,0.0,0.0,0.0,0.41269591450691223,0.47407275438308716,0.2670779228210449,0.1659063994884491,0.3792274296283722,0.3746861517429352,0.02646154910326004,0.33290618658065796,0.0,0.0190327987074852,0.2936444580554962,0.07991763204336166,0.28335151076316833,0.0023365505039691925,0.0,0.0,0.49097880721092224,0.0,0.0,0.564143180847168,0.0,0.49451056122779846,0.07242375612258911,0.07626748085021973,0.0,0.15410898625850677,0.40589064359664917,0.44745007157325745,0.1468052715063095,0.13452717661857605,0.0438857227563858,0.4986923038959503,0.0,0.0,0.09091122448444366,0.0,0.20779725909233093,0.1928260624408722,0.0,0.0,0.0,0.11205022037029266,0.0,0.29529592394828796,0.30930548906326294,0.38435134291648865,0.29266658425331116,0.5511459708213806,0.6068657636642456,0.09257815778255463,0.0,0.44864025712013245,0.06703393906354904,0.37595757842063904,0.2904908061027527,0.4568485617637634,0.9778655767440796,0.22790402173995972,0.6940532922744751,0.3009774088859558,0.4661386013031006,0.0,0.0,0.0,0.5823168754577637,0.5076297521591187,0.25480008125305176,0.0,0.4987422227859497,0.29995197057724,0.0,0.0,0.0,0.15058717131614685,0.5028308033943176,0.3664502799510956,0.13023503124713898,0.04457734897732735,0.22298124432563782,0.4545269012451172,0.0,0.4473067820072174,0.0,0.6479117274284363,0.0,0.28582313656806946,0.38503485918045044,0.45012661814689636,0.16928696632385254,0.41968318819999695,0.24775299429893494,0.05717136338353157,0.45949339866638184,0.1567949652671814,0.32398414611816406,0.0,0.2803671360015869,0.0,0.6858316659927368,0.5742379426956177,0.0,0.32354405522346497,0.7657122611999512,0.007906217128038406,0.5903706550598145,0.3151199221611023,0.0,0.11885789036750793,0.8820431232452393,0.2195756733417511,0.46447083353996277,0.0,0.0,0.0,0.04365072026848793,0.6690731048583984,0.4766252338886261,0.20663484930992126,0.18384361267089844,0.0,0.0,0.0,0.2608291208744049,0.0
/content/drive/MyDrive/494_Project_test_3/COMI/dataset/BPAEC/actin/Z010/Z10_22.jpg,0,actin,2,nucleus,0.11336769908666611,0.0,0.0,0.0,0.4273125231266022,0.35096311569213867,0.35651177167892456,0.16608887910842896,0.24378545582294464,0.3337039053440094,0.05587261915206909,0.443315327167511,0.0,0.11671268939971924,0.3819437325000763,0.18354184925556183,0.15272359549999237,0.11623695492744446,0.0,0.07616887241601944,0.3559398949146271,0.0,0.0,0.5809649229049683,0.0,0.38782408833503723,0.07905615866184235,0.16522809863090515,0.0,0.27049699425697327,0.3152899444103241,0.566340982913971,0.18735139071941376,0.10654043406248093,0.046888746321201324,0.5419440269470215,0.0,0.07433624565601349,0.0,0.0,0.22069701552391052,0.19739939272403717,0.0,0.0,0.0,0.0,0.002515966072678566,0.1837460845708847,0.3518884778022766,0.4935358464717865,0.27239111065864563,0.44759753346443176,0.6400356292724609,0.0,0.0,0.3822111189365387,0.10876177251338959,0.245590478181839,0.340162992477417,0.5099869966506958,0.9084265828132629,0.35497355461120605,0.5616798996925354,0.192521333694458,0.5719584822654724,0.0,0.0,0.05796854943037033,0.553479790687561,0.39793992042541504,0.2571304440498352,0.0,0.6197018623352051,0.1871262490749359,0.0,0.0,0.0,0.2571013569831848,0.5983611941337585,0.4326150715351105,0.02135792374610901,0.0,0.12591440975666046,0.31556153297424316,0.0,0.3343672454357147,0.0,0.5138989090919495,0.0,0.1635562628507614,0.46364033222198486,0.3188117742538452,0.2398371398448944,0.5161318778991699,0.2911093831062317,0.0,0.5218430161476135,0.18372640013694763,0.207395538687706,0.0,0.17948293685913086,0.0,0.7329113483428955,0.48351913690567017,0.0,0.3595523536205292,0.7314639091491699,0.11288666725158691,0.45140522718429565,0.34570443630218506,0.0,0.14121611416339874,0.9052578806877136,0.2719178795814514,0.34405800700187683,0.0,0.0,0.0,0.09731677174568176,0.5165668725967407,0.4803449213504791,0.11947783827781677,0.29134318232536316,0.0,0.0,0.0,0.20702898502349854,0.0
/content/drive/MyDrive/494_Project_test_3/COMI/dataset/BPAEC/actin/Z010/Z10_23.jpg,0,actin,2,nucleus,0.16450192034244537,0.0,0.0,0.0,0.4933708906173706,0.10892822593450546,0.7083642482757568,0.24645847082138062,0.0,0.2916196584701538,0.2390875220298767,0.8754898309707642,0.0,0.5358129143714905,0.7762102484703064,0.5599493980407715,0.0,0.4912447929382324,0.0,0.3866918087005615,0.1386825144290924,0.0,0.0,0.7033780813217163,0.0,0.20298708975315094,0.1340274065732956,0.5846445560455322,0.0,0.6402772068977356,0.14779748022556305,0.9802227020263672,0.3027227818965912,0.061664097011089325,0.06837459653615952,0.7716880440711975,0.0,0.4169834852218628,0.0,0.0,0.27132555842399597,0.29630205035209656,0.0,0.0,0.0,0.0,0.047038108110427856,0.011559251695871353,0.49662721157073975,0.8946441411972046,0.21226732432842255,0.24478207528591156,0.8442655205726624,0.0,0.0,0.22970572113990784,0.2684253454208374,0.0,0.6088089942932129,0.6747395992279053,0.9348437190055847,0.8119539618492126,0.3153771162033081,0.05385176092386246,1.026498794555664,0.0,0.0,0.4731946885585785,0.566683292388916,0.1595805585384369,0.2632052004337311,0.0,1.1363297700881958,0.03189215809106827,0.0,0.0,0.0,0.6933658123016357,1.0078904628753662,0.7901847958564758,0.0,0.0,0.0,0.015695787966251373,0.0,0.05757277086377144,0.0,0.2556709349155426,0.0,0.0,0.8168547749519348,0.06539890170097351,0.5539680123329163,0.9616590142250061,0.5775706768035889,0.0,0.8817188739776611,0.26710259914398193,0.01523558795452118,0.0,0.03542870283126831,0.0,0.9691269397735596,0.2582046091556549,0.0,0.6003111600875854,0.84403395652771,0.4916723966598511,0.1442963182926178,0.4855588972568512,0.0,0.2168400138616562,1.1926192045211792,0.5558335781097412,0.04925990104675293,0.0,0.0,0.26315832138061523,0.30448922514915466,0.22928515076637268,0.532690703868866,0.0,0.6925433874130249,0.0,0.0,0.0,0.09709280729293823,0.0
/content/drive/MyDrive/494_Project_test_3/COMI/dataset/BPAEC/actin/Z010/Z10_24.jpg,0,actin,1,mitochondria,0.19821204245090485,0.0,0.0,0.0,0.5179538130760193,0.5153313279151917,0.13330550491809845,0.21770036220550537,0.39826294779777527,0.47987067699432373,0.034063346683979034,0.18907921016216278,0.0,0.0,0.17408975958824158,0.0,0.3401375710964203,0.0,0.0,0.0,0.3924487233161926,0.0,0.0,0.6211320757865906,0.0,0.5151363611221313,0.12190094590187073,0.0,0.0,0.019442027434706688,0.47574302554130554,0.2985127568244934,0.23681508004665375,0.20311513543128967,0.13605552911758423,0.5402374863624573,0.0,0.0,0.03382103890180588,0.0,0.3133748769760132,0.25431787967681885,0.0,0.0,0.0,0.18284757435321808,0.0,0.14853617548942566,0.3657892942428589,0.22241106629371643,0.4049759805202484,0.6668683886528015,0.6097548604011536,0.048220135271549225,0.0,0.5443242788314819,0.1190187931060791,0.4036506712436676,0.19965921342372894,0.5138971209526062,0.8023961186408997,0.08613592386245728,0.678837239742279,0.1803952157497406,0.2927910387516022,0.0,0.0,0.0,0.692053496837616,0.595058023929596,0.30950677394866943,0.0,0.28850051760673523,0.2226707935333252,0.0,0.0,0.0,0.00456584244966507,0.31996265053749084,0.24091625213623047,0.0078246109187603,0.0,0.27947932481765747,0.5440641045570374,0.0,0.5510819554328918,0.0,0.7334725260734558,0.0,0.38861915469169617,0.22662822902202606,0.46817871928215027,0.07023153454065323,0.2500059902667999,0.19106504321098328,0.0,0.31504327058792114,0.255209356546402,0.22572080790996552,0.0,0.15765506029129028,0.0,0.6539182662963867,0.6532366275787354,0.0,0.14781789481639862,0.5928469300270081,0.0,0.6464283466339111,0.4022093415260315,0.0,0.21777082979679108,0.6828007698059082,0.2239786684513092,0.5457264184951782,0.0,0.0,0.0,0.09963138401508331,0.737017035484314,0.5475108623504639,0.08787048608064651,0.055861253291368484,0.0,0.0,0.03516542539000511,0.3295671045780182,0.0
/content/drive/MyDrive/494_Project_test_3/COMI/dataset/BPAEC/actin/Z010/Z10_25.jpg,0,actin,1,mitochondria,0.10417281091213226,0.0,0.0,0.02297121472656727,0.39356768131256104,0.5703984498977661,0.05843125283718109,0.1281052827835083,0.4844439923763275,0.4071885347366333,0.0,0.08669456094503403,0.0,0.0,0.058863669633865356,0.0,0.43492361903190613,0.0,0.0,0.0,0.5325725674629211,0.0,0.0,0.5119321346282959,0.0,0.5557956695556641,0.05230744555592537,0.0,0.0,0.0,0.48196941614151,0.2034185826778412,0.10299404710531235,0.16540968418121338,0.06251197308301926,0.37534767389297485,0.0,0.0,0.16932135820388794,0.0,0.20715108513832092,0.13739079236984253,0.0,0.0,0.0,0.2250216156244278,0.0,0.3052072525024414,0.24843065440654755,0.1403607428073883,0.35118791460990906,0.6560730934143066,0.49156326055526733,0.1508621722459793,0.0,0.5402017831802368,0.0,0.5108444094657898,0.1224161684513092,0.385250061750412,0.8762781023979187,0.0,0.7712534666061401,0.30023956298828125,0.18792229890823364,0.0,0.0,0.0,0.5784063339233398,0.6218413710594177,0.25819721817970276,0.0,0.17255763709545135,0.31372588872909546,0.0,0.0,0.0,0.0,0.2430894374847412,0.14403021335601807,0.14617426693439484,0.04586755111813545,0.3241995573043823,0.592410147190094,0.0,0.5942827463150024,0.0,0.7540111541748047,0.0,0.4263407588005066,0.15919971466064453,0.5500718951225281,0.0,0.1502435952425003,0.08469710499048233,0.10521405935287476,0.22084979712963104,0.14256101846694946,0.3619094491004944,0.0,0.28916123509407043,0.0,0.540266752243042,0.6934031248092651,0.0,0.13963229954242706,0.6317644715309143,0.0,0.7282151579856873,0.2617466449737549,0.0,0.10541984438896179,0.6564924716949463,0.06144377589225769,0.6050221920013428,0.0,0.0,0.0,0.0,0.7835953235626221,0.46465590596199036,0.2110251933336258,0.0,0.0,0.0,0.0,0.32132411003112793,0.0
/content/drive/MyDrive/494_Project_test_3/COMI/dataset/BPAEC/actin/Z010/Z10_26.jpg,0,actin,0,actin,0.0,0.010465743020176888,0.0,0.1403513103723526,0.24483485519886017,0.6559561491012573,0.0,0.0,0.6077567338943481,0.30166977643966675,0.0,0.0,0.0,0.0,0.0,0.0,0.6207776069641113,0.0,0.0,0.0,0.6799811720848083,0.0,0.0,0.3290979862213135,0.0,0.584749162197113,0.0,0.0,0.0,0.0,0.5056991577148438,0.0,0.0,0.12486699968576431,0.0,0.045679207891225815,0.0,0.0,0.3907526135444641,0.0,0.06018679216504097,0.0,0.0,0.0,0.0,0.30172932147979736,0.0,0.5018160343170166,0.05690089613199234,0.0,0.29998382925987244,0.6901713609695435,0.2504085302352905,0.26722249388694763,0.0,0.5740182399749756,0.0,0.6931124329566956,0.0,0.18307453393936157,0.8914458155632019,0.0,0.9039390683174133,0.4129551649093628,0.0,0.0,0.06095042824745178,0.0,0.41268014907836914,0.7026406526565552,0.20223253965377808,0.0,0.0,0.3702576458454132,0.0,0.0,0.0,0.0,0.0,0.0,0.2556098997592926,0.06451578438282013,0.3865357041358948,0.7146104574203491,0.0,0.7181137204170227,0.0,0.8096627593040466,0.07911458611488342,0.49428048729896545,0.0,0.6591370701789856,0.0,0.0,0.0,0.24240654706954956,0.0,0.0,0.5007352828979492,0.0,0.42049989104270935,0.0,0.29571670293807983,0.7834610939025879,0.007704231888055801,0.0,0.5671383142471313,0.0,0.8855357766151428,0.05139470100402832,0.0,0.0,0.46208012104034424,0.0,0.7197760939598083,0.0,0.0,0.0,0.0,0.8686267137527466,0.33887776732444763,0.3350830674171448,0.0,0.0,0.0,0.0,0.34698835015296936,0.0
/content/drive/MyDrive/494_Project_test_3/COMI/dataset/BPAEC/actin/Z010/Z10_27.jpg,0,actin,0,actin,0.07030360400676727,0.0,0.0,0.05693614482879639,0.3609020709991455,0.5766375064849854,0.13163509964942932,0.12143521755933762,0.5048574805259705,0.37688836455345154,0.0,0.16798314452171326,0.0,0.0,0.13660356402397156,0.0,0.42819342017173767,0.0,0.0,0.0,0.6136059165000916,0.0,0.0,0.4988391101360321,0.0,0.5753737092018127,0.04091156646609306,0.0,0.0,0.007383032701909542,0.4752514958381653,0.2799511253833771,0.07289128750562668,0.14378491044044495,0.018385328352451324,0.3828743100166321,0.0,0.0,0.20280851423740387,0.0,0.17257684469223022,0.13562807440757751,0.0,0.0,0.0,0.2230948656797409,0.0,0.3989510238170624,0.2322203367948532,0.22814631462097168,0.30136439204216003,0.6246542930603027,0.5167732238769531,0.201381653547287,0.0,0.5029394626617432,0.0,0.5133858919143677,0.19039414823055267,0.377606064081192,0.9985200762748718,0.04979203641414642,0.8115576505661011,0.3843448758125305,0.29535889625549316,0.0,0.005921744741499424,0.0,0.5555433630943298,0.6072543859481812,0.237604558467865,0.0,0.29332321882247925,0.3880373537540436,0.0,0.0,0.0,0.0,0.34966427087783813,0.22767165303230286,0.23055380582809448,0.09107378125190735,0.3200434446334839,0.5788806080818176,0.0,0.561683714389801,0.0,0.7540225386619568,0.05802236124873161,0.39847493171691895,0.24804438650608063,0.5640787482261658,0.04941922426223755,0.24732856452465057,0.1322128176689148,0.1574370414018631,0.3178773522377014,0.10784564912319183,0.4292023181915283,0.0,0.37237706780433655,0.0,0.5882833003997803,0.667536735534668,0.0020742639899253845,0.24619200825691223,0.7477233409881592,0.0,0.7284603714942932,0.2309410125017166,0.0,0.06252263486385345,0.7869969606399536,0.0909699872136116,0.5898389220237732,0.0,0.0,0.0,0.0,0.7885640859603882,0.4402424097061157,0.28175678849220276,0.02337256446480751,0.0,0.0,0.0,0.30053505301475525,0.0
/content/drive/MyDrive/494_Project_test_3/COMI/dataset/BPAEC/actin/Z010/Z10_28.jpg,0,actin,2,nucleus,0.18995614349842072,0.0,0.0,0.0,0.5191649198532104,0.17355111241340637,0.6114543080329895,0.2582382261753082,0.03232307732105255,0.3358280658721924,0.21375200152397156,0.7604765892028809,0.0,0.4208620488643646,0.6825917363166809,0.45837265253067017,0.0,0.3851611912250519,0.0,0.3077676594257355,0.15227225422859192,0.0,0.0,0.7131201028823853,0.0,0.25064781308174133,0.14371371269226074,0.47664397954940796,0.0,0.5349985957145691,0.20547233521938324,0.8780654072761536,0.31800663471221924,0.09769433736801147,0.08837603777647018,0.7574794292449951,0.0,0.3405786454677582,0.0,0.0,0.293129563331604,0.3146139681339264,0.0,0.0,0.0,0.0,0.01955077238380909,0.01033439114689827,0.4879760146141052,0.7872532606124878,0.2518853545188904,0.3320923149585724,0.826597273349762,0.0,0.0,0.29233744740486145,0.2520804703235626,0.0017863325774669647,0.5422767400741577,0.6610074639320374,0.9009844660758972,0.6942043900489807,0.37056872248649597,0.053106002509593964,0.9113118648529053,0.0,0.0,0.3556341826915741,0.6154966354370117,0.22763213515281677,0.2836439907550812,0.0,1.0005640983581543,0.04676268249750137,0.0,0.0,0.0,0.5850726366043091,0.8965279459953308,0.7025004625320435,0.0,0.0,0.0,0.09940533339977264,0.0,0.139454647898674,0.0,0.33904439210891724,0.0,0.0,0.7211121916770935,0.12210463732481003,0.47788912057876587,0.8482019305229187,0.5251368284225464,0.0,0.7865981459617615,0.2818026840686798,0.03545985370874405,0.0,0.032920949161052704,0.0,0.9255764484405518,0.3257029354572296,0.0,0.5199946761131287,0.7931140065193176,0.4007386565208435,0.21830399334430695,0.5001610517501831,0.0,0.23824568092823029,1.1069453954696655,0.519703209400177,0.12367194890975952,0.0,0.0,0.2021200954914093,0.28830739855766296,0.3129206597805023,0.5487337112426758,0.0,0.5982968807220459,0.0,0.0,0.0016119591891765594,0.143568217754364,0.0
/content/drive/MyDrive/494_Project_test_3/COMI/dataset/BPAEC/actin/Z010/Z10_29.jpg,0,actin,1,mitochondria,0.18028579652309418,0.0,0.0,0.0,0.504487931728363,0.4706239700317383,0.20080837607383728,0.2070910930633545,0.3553016781806946,0.4428950548171997,0.04838161915540695,0.2700906991958618,0.0,0.0,0.2407165914773941,0.022562939673662186,0.28228673338890076,0.0,0.0,0.0,0.3745529353618622,0.0,0.0,0.6235429644584656,0.0,0.4834839701652527,0.11494487524032593,0.0,0.0,0.09223152697086334,0.43498694896698,0.3880836069583893,0.23212428390979767,0.18058478832244873,0.10871531814336777,0.551768958568573,0.0,0.0,0.00806620717048645,0.0,0.2971387505531311,0.24860791862010956,0.0,0.0,0.0,0.1309005171060562,0.0,0.1556456983089447,0.3651149868965149,0.3087715804576874,0.37174949049949646,0.6119651794433594,0.6363855004310608,0.02516881935298443,0.0,0.503701388835907,0.12233611941337585,0.35709497332572937,0.24832585453987122,0.5293042063713074,0.8406684994697571,0.17011475563049316,0.6503854393959045,0.17491298913955688,0.3931766152381897,0.0,0.0,0.0,0.6661508083343506,0.5428220629692078,0.3016815185546875,0.0,0.3939710557460785,0.21140319108963013,0.0,0.0,0.0,0.08406557142734528,0.41483330726623535,0.30504104495048523,0.0,0.0,0.2357175499200821,0.47752588987350464,0.0,0.49523502588272095,0.0,0.6796013116836548,0.0,0.3259688913822174,0.29924774169921875,0.42345118522644043,0.1279003620147705,0.3368518352508545,0.22717933356761932,0.0,0.37983953952789307,0.24079112708568573,0.21989096701145172,0.0,0.1626075804233551,0.0,0.690101146697998,0.6106069684028625,0.0,0.21705861389636993,0.6433813571929932,0.0,0.5909327268600464,0.3922215700149536,0.0,0.20219971239566803,0.7624962329864502,0.24589970707893372,0.48975399136543274,0.0,0.0,0.0,0.10375821590423584,0.6806732416152954,0.5337971448898315,0.08989270031452179,0.13391971588134766,0.0,0.0,0.012591991573572159,0.2963863015174866,0.0
/content/drive/MyDrive/494_Project_test_3/COMI/dataset/BPAEC/actin/Z010/Z10_3.jpg,0,actin,2,nucleus,0.10644926130771637,0.0,0.0,0.0,0.41107410192489624,0.39444148540496826,0.3844102621078491,0.17617732286453247,0.31095996499061584,0.35877931118011475,0.09164893627166748,0.4782670736312866,0.0,0.15770328044891357,0.41770800948143005,0.20733097195625305,0.17956839501857758,0.12344393134117126,0.0,0.0633799135684967,0.4369423985481262,0.0,0.0,0.5855683088302612,0.0,0.4234963357448578,0.08509589731693268,0.20916113257408142,0.0,0.27846759557724,0.3525047302246094,0.5700926184654236,0.16413074731826782,0.11494701355695724,0.04516343027353287,0.5555834174156189,0.0,0.08936072885990143,0.01723974198102951,0.0,0.22315236926078796,0.20827554166316986,0.0,0.0,0.0,0.04807870835065842,0.0,0.24294087290763855,0.33916163444519043,0.5166820287704468,0.267078697681427,0.47842520475387573,0.6674231290817261,0.056387580931186676,0.0,0.39300647377967834,0.12079823017120361,0.28509634733200073,0.39389070868492126,0.5057288408279419,0.9777410626411438,0.37996745109558105,0.6167270541191101,0.25658780336380005,0.6254634857177734,0.0,0.0,0.11883561313152313,0.5657936334609985,0.43852198123931885,0.2366921305656433,0.0,0.6511181592941284,0.2522256076335907,0.0,0.0,0.0,0.29856401681900024,0.6382400393486023,0.47753363847732544,0.10312911123037338,0.030989747494459152,0.16245204210281372,0.356029212474823,0.0,0.3624265491962433,0.0,0.5659967064857483,0.0,0.21367552876472473,0.4856940507888794,0.3728193938732147,0.27610287070274353,0.5643079280853271,0.3356485366821289,0.004421081393957138,0.5689449906349182,0.17246636748313904,0.2705392837524414,0.0,0.24638645350933075,0.0,0.7618446350097656,0.49918678402900696,0.0,0.40364551544189453,0.8016663789749146,0.13000954687595367,0.49081486463546753,0.33477339148521423,0.0,0.12581749260425568,0.9760997891426086,0.297396183013916,0.3775547444820404,0.0,0.0,0.017083384096622467,0.09586837887763977,0.5725269317626953,0.484533429145813,0.170508474111557,0.3099595010280609,0.0,0.0,0.0,0.21126559376716614,0.0
/content/drive/MyDrive/494_Project_test_3/COMI/dataset/BPAEC/actin/Z010/Z10_30.jpg,0,actin,2,nucleus,0.2704703211784363,0.0,0.0,0.0,0.6116086840629578,0.349351704120636,0.49587857723236084,0.3531706929206848,0.193405881524086,0.4865814447402954,0.25661230087280273,0.6331167817115784,0.0,0.31501084566116333,0.6111724376678467,0.3457905948162079,0.058493055403232574,0.24664244055747986,0.0,0.18129883706569672,0.2679194211959839,0.0,0.0,0.7692132592201233,0.0,0.40741807222366333,0.19962681829929352,0.3855304419994354,0.0,0.38884639739990234,0.3701850175857544,0.7107102274894714,0.38434091210365295,0.18285471200942993,0.1705329418182373,0.8349506855010986,0.0,0.2664150595664978,0.0,0.0,0.3741064965724945,0.41337910294532776,0.0,0.0,0.0,0.0,0.0,0.043116237968206406,0.5374773144721985,0.6403301954269409,0.34626075625419617,0.5251081585884094,0.8536237478256226,0.0,0.0,0.41554656624794006,0.3103269338607788,0.140162855386734,0.5121141672134399,0.6811033487319946,0.914543628692627,0.548326849937439,0.5190406441688538,0.12755398452281952,0.7687315940856934,0.0,0.0,0.2535246014595032,0.7745216488838196,0.40841710567474365,0.3311045169830322,0.0,0.8500002026557922,0.16351556777954102,0.0,0.0,0.0,0.4649312198162079,0.7487282156944275,0.6425284147262573,0.0,0.0,0.10452544689178467,0.3207091689109802,0.0,0.3000710904598236,0.0,0.5612558722496033,0.0,0.1703154742717743,0.616991400718689,0.28062132000923157,0.4117346704006195,0.7226747274398804,0.5278012156486511,0.0,0.7450209856033325,0.3475854694843292,0.10082157701253891,0.0,0.07017508149147034,0.0,0.9411399364471436,0.4611436128616333,0.0,0.4364002048969269,0.7741138339042664,0.2707814574241638,0.4017086625099182,0.5826560854911804,0.0,0.3106451630592346,1.0402716398239136,0.5790116190910339,0.3058674931526184,0.0,0.0,0.20961828529834747,0.34193411469459534,0.5456229448318481,0.6233408451080322,0.028340822085738182,0.4762440025806427,0.0,0.0,0.08063913881778717,0.25609949231147766,0.0
/content/drive/MyDrive/494_Project_test_3/COMI/dataset/BPAEC/actin/Z010/Z10_31.jpg,0,actin,2,nucleus,0.17843510210514069,0.0,0.0,0.0,0.5079718232154846,0.15777131915092468,0.6496357917785645,0.25416311621665955,0.016979562118649483,0.3224629759788513,0.22769835591316223,0.8051064014434814,0.0,0.46659666299819946,0.7177984714508057,0.4962702691555023,0.0,0.42462781071662903,0.0,0.33094969391822815,0.16201451420783997,0.0,0.0,0.7048024535179138,0.0,0.24546931684017181,0.138874351978302,0.5205247402191162,0.0,0.5711434483528137,0.18945123255252838,0.909052312374115,0.3080468773841858,0.08139975368976593,0.08428043872117996,0.7638773322105408,0.0,0.369795024394989,0.0,0.0,0.284078449010849,0.3031035363674164,0.0,0.0,0.0,0.0,0.03317047655582428,0.01791314408183098,0.49340081214904785,0.8224152326583862,0.23999746143817902,0.29769590497016907,0.8292154669761658,0.0,0.0,0.26826897263526917,0.2619069516658783,0.0,0.5695158839225769,0.6669834852218628,0.9198766350746155,0.7369620203971863,0.3559437096118927,0.06349285691976547,0.9501489400863647,0.0,0.0,0.4021647274494171,0.5946357250213623,0.2110624611377716,0.27446967363357544,0.0,1.0511609315872192,0.05514172464609146,0.0,0.0,0.0,0.6242307424545288,0.9360910058021545,0.7390557527542114,0.0,0.0,0.0,0.0784253180027008,0.0,0.11344417184591293,0.0,0.31530389189720154,0.0,0.0,0.7572667002677917,0.11322539299726486,0.5059526562690735,0.8879393935203552,0.5460948944091797,0.0,0.8289182782173157,0.2762135863304138,0.03485137224197388,0.0,0.0423869825899601,0.0,0.9443408250808716,0.3057904839515686,0.0,0.5514020919799805,0.8164702653884888,0.4289453625679016,0.2003287672996521,0.48972997069358826,0.0,0.2277255803346634,1.1397426128387451,0.5363492369651794,0.10761310160160065,0.0,0.0,0.23118676245212555,0.2973361313343048,0.29090726375579834,0.542163610458374,0.0008528102189302444,0.6274716258049011,0.0,0.0,0.0,0.1267930567264557,0.0
/content/drive/MyDrive/494_Project_test_3/COMI/dataset/BPAEC/actin/Z010/Z10_32.jpg,0,actin,2,nucleus,0.17920376360416412,0.0,0.0,0.0,0.5102760195732117,0.05181068927049637,0.7879953980445862,0.2708347737789154,0.0,0.280181348323822,0.2809511125087738,0.9765441417694092,0.0,0.6323451995849609,0.8687736988067627,0.6493526697158813,0.0,0.5785779356956482,0.0,0.46082404255867004,0.08486789464950562,0.01073957234621048,0.0,0.7343013882637024,0.0,0.15811438858509064,0.15003974735736847,0.680350661277771,0.0,0.7244396805763245,0.1119154840707779,1.0789086818695068,0.3349478244781494,0.05566999316215515,0.06939707696437836,0.8294361233711243,0.0,0.49846151471138,0.0,0.0,0.28410565853118896,0.3256969451904297,0.0,0.0,0.0,0.0,0.051967740058898926,0.0,0.530068039894104,0.9885249137878418,0.19568540155887604,0.20489950478076935,0.8987863659858704,0.0,0.0,0.19657590985298157,0.30423328280448914,0.0,0.6745229363441467,0.7144075632095337,0.9434854388237,0.9185968041419983,0.260994017124176,0.021626396104693413,1.1350412368774414,0.0,0.0,0.5693550705909729,0.57533860206604,0.10241398215293884,0.26689594984054565,0.0,1.2587151527404785,0.0,0.0,0.0,0.0,0.7948455810546875,1.1042580604553223,0.8729620575904846,0.0,0.0,0.0,0.0,0.0,0.0,0.0,0.19851121306419373,0.0,0.0,0.9001614451408386,0.00234212726354599,0.629826009273529,1.0647194385528564,0.6479209065437317,0.0,0.9617404341697693,0.2886781096458435,0.0,0.0,0.0005322464276105165,0.0,1.026110053062439,0.20840083062648773,0.0,0.6577594876289368,0.8708287477493286,0.5823075771331787,0.07350748777389526,0.5223336219787598,0.0,0.23700006306171417,1.2616795301437378,0.6242254376411438,0.0,0.0,0.0,0.3305935859680176,0.3524463176727295,0.163948655128479,0.5440645813941956,0.0,0.7921489477157593,0.0,0.0,0.0,0.07636965811252594,0.0
/content/drive/MyDrive/494_Project_test_3/COMI/dataset/BPAEC/actin/Z010/Z10_33.jpg,0,actin,2,nucleus,0.11080042272806168,0.0,0.0,0.0,0.4202865660190582,0.3130016624927521,0.3511979579925537,0.14949992299079895,0.2066960334777832,0.3141607642173767,0.03827275335788727,0.43940049409866333,0.0,0.11094184964895248,0.3733120560646057,0.17873284220695496,0.12208925187587738,0.11503635346889496,0.0,0.08596348762512207,0.31366220116615295,0.0,0.0,0.5833426117897034,0.0,0.34839680790901184,0.06922759115695953,0.1500573754310608,0.0,0.27854374051094055,0.2885502576828003,0.5801618099212646,0.17915000021457672,0.09873801469802856,0.04064985364675522,0.515203058719635,0.0,0.06793881952762604,0.0,0.0,0.21484369039535522,0.17752401530742645,0.0,0.0,0.0,0.0,0.013140836730599403,0.1549564003944397,0.34286952018737793,0.49600785970687866,0.2654206156730652,0.4261714518070221,0.6300457119941711,0.0,0.0,0.37068790197372437,0.09153848141431808,0.2144407033920288,0.31744614243507385,0.5056259036064148,0.878771960735321,0.36285603046417236,0.5278841257095337,0.15609829127788544,0.5692270994186401,0.0,0.0,0.044021181762218475,0.5311992168426514,0.3663354814052582,0.2528594136238098,0.0,0.6067732572555542,0.14121153950691223,0.0,0.0,0.0,0.25480911135673523,0.5962012410163879,0.4160541594028473,0.0,0.0,0.09215419739484787,0.27598780393600464,0.0,0.31779277324676514,0.0,0.47029349207878113,0.0,0.1301761269569397,0.4565882682800293,0.28490951657295227,0.2286866009235382,0.5147680044174194,0.277269572019577,0.0,0.4936528205871582,0.18665523827075958,0.17678123712539673,0.0,0.15192148089408875,0.0,0.7120223045349121,0.46753790974617004,0.0,0.34415203332901,0.7054021954536438,0.12145191431045532,0.4171246290206909,0.34067267179489136,0.0,0.1390494555234909,0.8839631080627441,0.2478393018245697,0.3096959888935089,0.0,0.0,0.0,0.08392021805047989,0.46558305621147156,0.47131043672561646,0.09200029075145721,0.2927646040916443,0.0,0.0,0.0,0.19527870416641235,0.0
/content/drive/MyDrive/494_Project_test_3/COMI/dataset/BPAEC/actin/Z010/Z10_34.jpg,0,actin,0,actin,0.060212552547454834,0.15009558200836182,0.0,0.26864150166511536,0.35305988788604736,0.9164553284645081,0.0,0.09867789596319199,0.8749257326126099,0.5119346976280212,0.0,0.0,0.0,0.0,0.0,0.0,0.8572145700454712,0.0,0.0,0.0,0.8964393734931946,0.0,0.0,0.41440287232398987,0.0,0.8460054397583008,0.020272132009267807,0.0,0.0,0.0,0.7466458678245544,0.0,0.004216516390442848,0.2453433871269226,0.035115472972393036,0.1989252269268036,0.0,0.0,0.4613560438156128,0.0,0.18586775660514832,0.08841860294342041,0.0,0.0,0.0,0.5952959656715393,0.0,0.5775331854820251,0.11795692890882492,0.0,0.41949349641799927,0.9349015355110168,0.3364068567752838,0.4753473699092865,0.0,0.7143363952636719,0.0,0.9034692049026489,0.0,0.2511061728000641,0.9780420660972595,0.0,1.1385494470596313,0.546725332736969,0.0,0.0,0.1827460676431656,0.0,0.6314138174057007,0.9604244232177734,0.24732917547225952,0.0,0.0,0.60579913854599,0.0,0.0,0.0,0.0,0.0,0.0,0.43738654255867004,0.19852840900421143,0.6356230974197388,0.9971588253974915,0.018682919442653656,0.939172625541687,0.0,1.1438560485839844,0.20054204761981964,0.7812840938568115,0.0,0.891213595867157,0.0,0.0,0.0,0.3830164670944214,0.0,0.08081916719675064,0.648149311542511,0.0,0.5323372483253479,0.0,0.376354843378067,0.9769394397735596,0.23113541305065155,0.0,0.6266195774078369,0.0,1.1375534534454346,0.1256679743528366,0.0,0.03234982490539551,0.4745497405529022,0.0,0.997616171836853,0.0,0.0,0.0,0.0,1.2056846618652344,0.42328590154647827,0.4094143807888031,0.0,0.0,0.0,0.0,0.4732882082462311,0.0
/content/drive/MyDrive/494_Project_test_3/COMI/dataset/BPAEC/actin/Z010/Z10_35.jpg,0,actin,2,nucleus,0.18415607511997223,0.0,0.0,0.0,0.5040977597236633,0.48671621084213257,0.4372278153896332,0.34391358494758606,0.33587780594825745,0.45081427693367004,0.1677480936050415,0.5708467960357666,0.0,0.2754543721675873,0.5763236880302429,0.2845160961151123,0.22921441495418549,0.19744551181793213,0.0,0.09648171067237854,0.5741350054740906,0.0,0.0,0.6780247688293457,0.0,0.5640194416046143,0.13635893166065216,0.3408476412296295,0.0,0.3275887966156006,0.45927461981773376,0.6272796988487244,0.2632048726081848,0.174736887216568,0.07024957984685898,0.6935768127441406,0.0,0.16829267144203186,0.0891900286078453,0.0,0.2501940429210663,0.3126727044582367,0.0,0.0,0.0,0.08713080734014511,0.0,0.3043268620967865,0.4642398953437805,0.5802135467529297,0.28099364042282104,0.5556468963623047,0.7570971846580505,0.11537371575832367,0.0,0.401399701833725,0.19219061732292175,0.3030606210231781,0.4873494803905487,0.524384081363678,1.1269521713256836,0.46135640144348145,0.710760235786438,0.3917863368988037,0.6778533458709717,0.0,0.0,0.25392231345176697,0.703030526638031,0.47157812118530273,0.29621797800064087,0.0,0.7798417806625366,0.38228839635849,0.0,0.0,0.0,0.3838667571544647,0.6891041398048401,0.5982693433761597,0.2029881775379181,0.08043892681598663,0.21808940172195435,0.4314044713973999,0.0,0.3439219295978546,0.0,0.6441293358802795,0.03775041177868843,0.25003916025161743,0.6016409993171692,0.4265359938144684,0.3569737672805786,0.6559088230133057,0.4736376404762268,0.10701748728752136,0.7258464694023132,0.2465818226337433,0.3302340507507324,0.0,0.2960621416568756,0.0,0.8714406490325928,0.544883668422699,0.0021747536957263947,0.5282704830169678,0.9163798093795776,0.18810518085956573,0.567298412322998,0.47812575101852417,0.0,0.19293798506259918,1.1055947542190552,0.48752543330192566,0.4318675398826599,0.0,0.0,0.1737314909696579,0.22222423553466797,0.668573260307312,0.5622909069061279,0.2378828227519989,0.39448267221450806,0.0,0.0,0.00395631417632103,0.29089871048927307,0.0
/content/drive/MyDrive/494_Project_test_3/COMI/dataset/BPAEC/actin/Z010/Z10_36.jpg,0,actin,0,actin,0.0,0.02018059603869915,0.0,0.11718619614839554,0.27911460399627686,0.5912188291549683,0.07220315933227539,0.05490422248840332,0.5462486147880554,0.32155051827430725,0.0,0.10338350385427475,0.0,0.0,0.06395284086465836,0.0,0.48759374022483826,0.0,0.0,0.0,0.6990708708763123,0.0,0.0,0.4113273322582245,0.0,0.5729647874832153,0.0,0.0,0.0,0.0,0.4697471857070923,0.2071472853422165,0.0,0.11952758580446243,0.0,0.2703360319137573,0.0,0.0,0.29236796498298645,0.0,0.1085139811038971,0.052925776690244675,0.0,0.0,0.0,0.25076645612716675,0.0,0.480237752199173,0.16215789318084717,0.17773887515068054,0.26097577810287476,0.5941157341003418,0.42659878730773926,0.2735918164253235,0.0,0.4762131869792938,0.0,0.5607060790061951,0.13636845350265503,0.2936209738254547,1.014188289642334,0.0,0.8479809761047363,0.44720467925071716,0.2116357982158661,0.0,0.07415089756250381,0.0,0.4642975628376007,0.6184238791465759,0.19283007085323334,0.0,0.20302866399288177,0.42579564452171326,0.0,0.0,0.0,0.0,0.2780899405479431,0.15068231523036957,0.3224683701992035,0.129365012049675,0.3420974016189575,0.5965692400932312,0.0,0.5725373029708862,0.0,0.7506617903709412,0.12481886148452759,0.4047565758228302,0.19229529798030853,0.5839361548423767,0.0,0.16892807185649872,0.045354899019002914,0.2358282506465912,0.24645857512950897,0.036602068692445755,0.4862934350967407,0.0,0.4384361803531647,0.0,0.5180385112762451,0.6719462871551514,0.0770912617444992,0.2353140413761139,0.740419864654541,0.0,0.7619889974594116,0.13167798519134521,0.0,0.0,0.7443445920944214,0.0,0.6194679737091064,0.0,0.0,0.0,0.0,0.7923716306686401,0.3761489987373352,0.34510836005210876,0.0,0.0,0.0,0.0,0.29018059372901917,0.0
/content/drive/MyDrive/494_Project_test_3/COMI/dataset/BPAEC/actin/Z010/Z10_37.jpg,0,actin,0,actin,0.012814328074455261,0.06906921416521072,0.0,0.13698020577430725,0.2985204756259918,0.640595018863678,0.12227307260036469,0.12373942136764526,0.5783164501190186,0.3622373938560486,0.0,0.1751851737499237,0.0,0.0,0.1563778668642044,0.0,0.49831995368003845,0.0,0.0,0.0,0.7809816002845764,0.0,0.0,0.44958022236824036,0.0,0.6350861191749573,0.012437980622053146,0.0,0.0,0.021168876439332962,0.514118492603302,0.260267972946167,0.025540629401803017,0.13912975788116455,0.0,0.3397466540336609,0.0,0.0,0.33003318309783936,0.0,0.11081762611865997,0.09362693130970001,0.0,0.0,0.0,0.27747949957847595,0.0,0.5322235226631165,0.20377032458782196,0.23273034393787384,0.25179168581962585,0.6277594566345215,0.47631555795669556,0.32399067282676697,0.0,0.4727340638637543,0.0,0.5785509943962097,0.21317645907402039,0.30458295345306396,1.1093196868896484,0.038485363125801086,0.9036989808082581,0.5266931653022766,0.285722017288208,0.0,0.11930575966835022,0.0,0.5144031643867493,0.6358731985092163,0.2007293552160263,0.0,0.29979825019836426,0.503097653388977,0.0,0.0,0.0,0.0,0.3383340537548065,0.23483143746852875,0.39436209201812744,0.1714538335800171,0.37093883752822876,0.6235321760177612,0.0,0.5618273615837097,0.0,0.7891730666160583,0.1746867597103119,0.43017521500587463,0.2671741247177124,0.6167852282524109,0.04514722526073456,0.25127220153808594,0.1289552003145218,0.2904822528362274,0.35008740425109863,0.05429340526461601,0.5393430590629578,0.0,0.48580774664878845,0.0,0.5818282961845398,0.6929004192352295,0.16859222948551178,0.32191964983940125,0.8286867737770081,0.0,0.7960359454154968,0.18024440109729767,0.0,0.005872197449207306,0.8465458154678345,0.06960409134626389,0.6404305100440979,0.0,0.0,0.0,0.0,0.8391691446304321,0.3998233377933502,0.3987179696559906,0.018188823014497757,0.0,0.0,0.0,0.31132540106773376,0.0
/content/drive/MyDrive/494_Project_test_3/COMI/dataset/BPAEC/actin/Z010/Z10_38.jpg,0,actin,1,mitochondria,0.10303737223148346,0.0,0.0,0.0,0.40628212690353394,0.47626185417175293,0.21806547045707703,0.1521875262260437,0.38990867137908936,0.37386927008628845,0.011948950588703156,0.28205984830856323,0.0,0.0,0.23616984486579895,0.03634534403681755,0.313863605260849,0.0,0.0,0.0,0.48535117506980896,0.0,0.0,0.542945146560669,0.0,0.4948990046977997,0.06647612154483795,0.008126124739646912,0.0,0.11539451032876968,0.41341036558151245,0.38889655470848083,0.14123134315013885,0.1381773054599762,0.04417172819375992,0.46709156036376953,0.0,0.0,0.09182614088058472,0.0,0.2173815369606018,0.1707715392112732,0.0,0.0,0.0,0.13672344386577606,0.0,0.27127447724342346,0.29741370677948,0.32642772793769836,0.3077032268047333,0.5519073009490967,0.5752170085906982,0.1089225709438324,0.0,0.45387327671051025,0.06535617262125015,0.3930588662624359,0.25325408577919006,0.4573460519313812,0.9278295636177063,0.17573930323123932,0.6913532018661499,0.2745293080806732,0.40070533752441406,0.0,0.0,0.0,0.5662368535995483,0.5272798538208008,0.2504226863384247,0.0,0.411865234375,0.2870040535926819,0.0,0.0,0.0,0.0891554206609726,0.4403988718986511,0.307700514793396,0.12705840170383453,0.04376213997602463,0.2472134381532669,0.46622443199157715,0.0,0.47372156381607056,0.0,0.6579647064208984,0.0,0.30776622891426086,0.3205580711364746,0.4507669508457184,0.12608809769153595,0.3457149863243103,0.1983807533979416,0.061506565660238266,0.39145225286483765,0.164656862616539,0.3086634874343872,0.0,0.2634927034378052,0.0,0.655998945236206,0.5958983302116394,0.0,0.27755481004714966,0.7116961479187012,0.0,0.6044934988021851,0.28724905848503113,0.0,0.11361290514469147,0.8125901818275452,0.18266135454177856,0.495574027299881,0.0,0.0,0.0,0.027354512363672256,0.6708534955978394,0.46458137035369873,0.18412917852401733,0.12639953196048737,0.0,0.0,0.0,0.2638511061668396,0.0
/content/drive/MyDrive/494_Project_test_3/COMI/dataset/BPAEC/actin/Z010/Z10_39.jpg,0,actin,0,actin,0.06450246274471283,0.025506915524601936,0.0,0.11455800384283066,0.3762607276439667,0.6602027416229248,0.128706693649292,0.17482170462608337,0.5922825932502747,0.42790400981903076,0.0,0.21451573073863983,0.0,0.0,0.1895463764667511,0.0,0.49446794390678406,0.0,0.0,0.0,0.7363939881324768,0.0,0.0,0.5071782469749451,0.0,0.6518357396125793,0.05047382041811943,0.0,0.0,0.026772286742925644,0.5566034913063049,0.26593130826950073,0.09858603030443192,0.17531007528305054,0.013101950287818909,0.4426835775375366,0.0,0.0,0.2689167857170105,0.0,0.19538551568984985,0.15541818737983704,0.0,0.0,0.0,0.3170148432254791,0.0,0.468202143907547,0.2572333812713623,0.23634883761405945,0.3031826913356781,0.6794120669364929,0.5500136017799377,0.3230154514312744,0.0,0.5087713599205017,0.05117957293987274,0.569391667842865,0.26586177945137024,0.4059668183326721,1.0934398174285889,0.07060478627681732,0.8980289101600647,0.4679137170314789,0.33089643716812134,0.0,0.07425092905759811,0.0,0.5979236960411072,0.6828927397727966,0.22761887311935425,0.0,0.3236846327781677,0.48769646883010864,0.0,0.0,0.0,0.0022816061973571777,0.36223435401916504,0.27719467878341675,0.3571228086948395,0.16766473650932312,0.393882691860199,0.6523327231407166,0.0,0.5957523584365845,0.0,0.8502774834632874,0.1453736126422882,0.4727008044719696,0.27077287435531616,0.6106098294258118,0.08589358627796173,0.27550172805786133,0.18375256657600403,0.2404835969209671,0.3715287446975708,0.1279149055480957,0.4911075234413147,0.0,0.4348742663860321,0.0,0.6574999094009399,0.719245433807373,0.13838618993759155,0.31192922592163086,0.8165590763092041,0.0,0.806575357913971,0.2408689707517624,0.0,0.06851080060005188,0.8654646873474121,0.1434515118598938,0.6621487736701965,0.0,0.0,0.0,0.0,0.8863656520843506,0.44740015268325806,0.34158799052238464,0.0478227324783802,0.0,0.0,0.0,0.3369079530239105,0.0
/content/drive/MyDrive/494_Project_test_3/COMI/dataset/BPAEC/actin/Z010/Z10_4.jpg,0,actin,2,nucleus,0.2144767940044403,0.0,0.0,0.0,0.5312283635139465,0.33862024545669556,0.542937159538269,0.32766956090927124,0.18896484375,0.417348712682724,0.23523691296577454,0.69121253490448,0.0,0.3761627972126007,0.6526215672492981,0.39025363326072693,0.059529080986976624,0.2974052429199219,0.0,0.19629891216754913,0.35362640023231506,0.0,0.0,0.7127392292022705,0.0,0.4203082323074341,0.1556827574968338,0.43758732080459595,0.0,0.426338255405426,0.3427311182022095,0.7500131726264954,0.3087630569934845,0.1421806514263153,0.11273249238729477,0.7776105999946594,0.0,0.284791499376297,0.0,0.0,0.3063545525074005,0.3342568278312683,0.0,0.0,0.0,0.0,0.0,0.13450729846954346,0.4953378438949585,0.6831014156341553,0.28898248076438904,0.45039331912994385,0.8136646151542664,0.0,0.0,0.3552631139755249,0.25882968306541443,0.14439278841018677,0.534727931022644,0.6338850259780884,1.0056688785552979,0.5976477861404419,0.536201536655426,0.209096759557724,0.8123213052749634,0.0,0.0,0.3278712332248688,0.6820802688598633,0.36923766136169434,0.29037219285964966,0.0,0.9149370193481445,0.22784438729286194,0.0,0.0,0.0,0.5037343502044678,0.8099750876426697,0.6866739988327026,0.033668287098407745,0.020236875861883163,0.10595649480819702,0.27765119075775146,0.0,0.2545170783996582,0.0,0.5113962292671204,0.0,0.13256898522377014,0.6766965985298157,0.28034424781799316,0.4384715259075165,0.7625378966331482,0.540448784828186,0.0,0.7857409715652466,0.3011937439441681,0.16567319631576538,0.0,0.1529545933008194,0.0,0.9306949377059937,0.4469483196735382,0.0,0.5117407441139221,0.8494644165039062,0.2980725169181824,0.4028860330581665,0.5015059113502502,0.0,0.23446224629878998,1.1100594997406006,0.5534769296646118,0.28934791684150696,0.0,0.0,0.23042641580104828,0.297024667263031,0.5060396194458008,0.5651480555534363,0.10204701870679855,0.5092265605926514,0.0,0.0,0.027289237827062607,0.22250404953956604,0.0
/content/drive/MyDrive/494_Project_test_3/COMI/dataset/BPAEC/actin/Z010/Z10_40.jpg,0,actin,2,nucleus,0.22936132550239563,0.0,0.0,0.0,0.5616394877433777,0.20861497521400452,0.5867888331413269,0.29810279607772827,0.06194409728050232,0.38580599427223206,0.2421867549419403,0.740161120891571,0.0,0.3988741338253021,0.6746235489845276,0.43573126196861267,0.0,0.35182708501815796,0.0,0.27603134512901306,0.1578417420387268,0.0,0.0,0.7445237636566162,0.0,0.28786277770996094,0.16943642497062683,0.45958641171455383,0.0,0.4987475275993347,0.2508810758590698,0.8400010466575623,0.352750301361084,0.1282968819141388,0.11983581632375717,0.7988124489784241,0.0,0.3364870846271515,0.0,0.0,0.3347567915916443,0.35379353165626526,0.0,0.0,0.0,0.0,0.0,0.0,0.5167072415351868,0.7483856678009033,0.2889017164707184,0.38771411776542664,0.8516117930412292,0.0,0.0,0.32891860604286194,0.28462451696395874,0.02155536785721779,0.5399086475372314,0.6901825666427612,0.891271710395813,0.6690033078193665,0.3926374316215515,0.04994012415409088,0.8809666633605957,0.0,0.0,0.33090710639953613,0.6725822687149048,0.2739467918872833,0.30238401889801025,0.0,0.9669296145439148,0.05988692492246628,0.0,0.0,0.0,0.5606698989868164,0.8630366325378418,0.6964743137359619,0.0,0.0,0.0,0.1503697782754898,0.0,0.1829257309436798,0.0,0.39643675088882446,0.0,0.02743203192949295,0.6954710483551025,0.15159311890602112,0.47000086307525635,0.82261061668396,0.5414758920669556,0.0,0.7750503420829773,0.3233121931552887,0.02801896631717682,0.0,0.020400729030370712,0.0,0.9425686597824097,0.36260586977005005,0.0,0.49097102880477905,0.7757390141487122,0.3738648295402527,0.25804102420806885,0.5392957925796509,0.0,0.2739046812057495,1.0849632024765015,0.556602954864502,0.16506502032279968,0.0,0.0,0.2176537960767746,0.3250919282436371,0.36676302552223206,0.5786036849021912,0.0,0.5747811794281006,0.0,0.0,0.03917677327990532,0.178895503282547,0.0
/content/drive/MyDrive/494_Project_test_3/COMI/dataset/BPAEC/actin/Z010/Z10_41.jpg,0,actin,2,nucleus,0.27136364579200745,0.0,0.0,0.0,0.6053085327148438,0.08295538276433945,0.9642428755760193,0.45827603340148926,0.0,0.3666580319404602,0.4349144697189331,1.2121260166168213,0.0,0.9047001600265503,1.1510623693466187,0.8529120683670044,0.0,0.7712282538414001,0.0,0.5820651054382324,0.16959889233112335,0.0,0.0,0.8511769771575928,0.0,0.24640114605426788,0.21676644682884216,0.9618107080459595,0.0,0.8828884959220886,0.16769668459892273,1.248746633529663,0.45922815799713135,0.09408080577850342,0.12261741608381271,1.0603618621826172,0.0,0.6960005164146423,0.0,0.0,0.33005255460739136,0.4559526741504669,0.0,0.0,0.0,0.0,0.012775195762515068,0.0,0.6919315457344055,1.17226243019104,0.19287587702274323,0.2183680385351181,1.0490541458129883,0.0,0.0,0.16237837076187134,0.4344366192817688,0.0,0.8684080243110657,0.7849438786506653,1.0917956829071045,1.1466562747955322,0.2871403992176056,0.12362512201070786,1.3314894437789917,0.0,0.0,0.8543311953544617,0.7072218060493469,0.07630704343318939,0.31356051564216614,0.0,1.5520004034042358,0.09343775361776352,0.0,0.0,0.0,1.029828429222107,1.2891786098480225,1.1218746900558472,0.0,0.0,0.0,0.0,0.0,0.0,0.0,0.2095390111207962,0.0,0.0,1.128460168838501,0.0,0.8168991208076477,1.2958753108978271,0.8889865279197693,0.0,1.2502464056015015,0.38522520661354065,0.0,0.0,0.017529116943478584,0.0,1.2163450717926025,0.18672382831573486,0.0,0.8392165303230286,1.0153130292892456,0.7574642896652222,0.06106024608016014,0.6987383365631104,0.0,0.32082706689834595,1.47372305393219,0.913691520690918,0.0,0.0,0.0,0.5954155921936035,0.5512397885322571,0.18563887476921082,0.6355201005935669,0.010562965646386147,0.9990596771240234,0.0,0.0,0.07137684524059296,0.1136547327041626,0.0
/content/drive/MyDrive/494_Project_test_3/COMI/dataset/BPAEC/actin/Z010/Z10_42.jpg,0,actin,0,actin,0.06313735246658325,0.1774948537349701,0.0,0.2983032464981079,0.34960824251174927,1.0114027261734009,0.0,0.0657835453748703,0.9892842769622803,0.5612826943397522,0.0,0.0,0.0,0.0,0.0,0.0,0.9798269271850586,0.0,0.0,0.0,0.9302029013633728,0.0,0.0,0.39169996976852417,0.0,0.9036321640014648,0.00822712853550911,0.0,0.0,0.0,0.8235971331596375,0.0,0.0,0.2805083990097046,0.06011193245649338,0.12635324895381927,0.0,0.0,0.527219831943512,0.0,0.19655823707580566,0.057182762771844864,0.0,0.0,0.0,0.69933021068573,0.0,0.6002181768417358,0.07333380728960037,0.0,0.47956669330596924,1.0547945499420166,0.27339351177215576,0.5237244963645935,0.0,0.8172413110733032,0.0,1.026241421699524,0.0,0.21405377984046936,0.9267023801803589,0.0,1.2125897407531738,0.5567119121551514,0.0,0.0,0.20238223671913147,0.0,0.6519209742546082,1.0744048357009888,0.25744104385375977,0.0,0.0,0.6180939078330994,0.0,0.0,0.0,0.0,0.0,0.0,0.4510974884033203,0.19119980931282043,0.7165998220443726,1.1272114515304565,0.028852291405200958,1.080987811088562,0.0,1.2628265619277954,0.190559521317482,0.928645133972168,0.0,0.9955572485923767,0.0,0.0,0.0,0.40565574169158936,0.0,0.06197080388665199,0.6962832808494568,0.0,0.5478582978248596,0.0,0.2735424041748047,1.0848755836486816,0.23818467557430267,0.0,0.549858570098877,0.0,1.2660927772521973,0.09948711842298508,0.0,0.03098900616168976,0.3219127655029297,0.0,1.1136714220046997,0.0,0.0,0.0,0.0,1.3320012092590332,0.43130436539649963,0.41372373700141907,0.0,0.0,0.0,0.0,0.5312086939811707,0.0
/content/drive/MyDrive/494_Project_test_3/COMI/dataset/BPAEC/actin/Z010/Z10_43.jpg,0,actin,0,actin,0.0,0.35138678550720215,0.0,0.4525316655635834,0.044816043227910995,0.9699538946151733,0.0,0.0,1.0260416269302368,0.3068619668483734,0.0,0.0,0.0,0.0,0.0,0.0,0.9682984352111816,0.0,0.0,0.0,1.2292146682739258,0.0,0.0,0.15627700090408325,0.0,0.8551745414733887,0.0,0.0,0.0,0.0,0.7116256356239319,0.0,0.0,0.1361396312713623,0.0,0.0,0.0,0.0,0.762238085269928,0.0,0.0,0.0,0.3074892461299896,0.0,0.0,0.6448683142662048,0.0,0.954051673412323,0.0,0.0,0.2216072529554367,0.828360915184021,0.14530856907367706,0.7483789920806885,0.0,0.6120577454566956,0.0,1.0536175966262817,0.0,0.01926807314157486,1.250826120376587,0.0,1.2967581748962402,0.8359742164611816,0.0,0.0,0.42675676941871643,0.0,0.3260749876499176,0.9659427404403687,0.0865110382437706,0.0,0.0,0.7877185344696045,0.0,0.0,0.0,0.0,0.0,0.0,0.7986662983894348,0.3464454412460327,0.6654038429260254,0.9972084164619446,0.2005135715007782,0.9192934632301331,0.0,1.1283501386642456,0.4512861967086792,0.7839676141738892,0.0,0.9665352702140808,0.0,0.0,0.0,0.6385175585746765,0.0,0.0,0.927993893623352,0.0,0.8381702303886414,0.0,0.2541857361793518,0.9814245700836182,0.5431185364723206,0.1259983479976654,0.8240512013435364,0.0,1.237012267112732,0.0,0.0,0.0,0.6028168201446533,0.0,1.0295690298080444,0.0,0.0,0.0,0.0,1.225489616394043,0.21892063319683075,0.6963679790496826,0.0,0.0,0.0,0.0,0.407178670167923,0.0
/content/drive/MyDrive/494_Project_test_3/COMI/dataset/BPAEC/actin/Z010/Z10_44.jpg,0,actin,0,actin,0.06153908744454384,0.13179649412631989,0.0,0.16119852662086487,0.3809288442134857,0.7528529167175293,0.055148396641016006,0.22543272376060486,0.6921696662902832,0.5028759241104126,0.0,0.150660440325737,0.0,0.0,0.1778227686882019,0.0,0.599079430103302,0.0,0.0,0.0,0.8899195790290833,0.0,0.0,0.5109162926673889,0.0,0.732745885848999,0.06424210965633392,0.0,0.0,0.0013057319447398186,0.6581695675849915,0.1762612760066986,0.11129359155893326,0.2294866442680359,0.01892373338341713,0.4229210317134857,0.0,0.0,0.4155550003051758,0.0,0.18504786491394043,0.18224866688251495,0.009860832244157791,0.0,0.0,0.4230033755302429,0.0,0.5493379831314087,0.28833723068237305,0.17729423940181732,0.3061239719390869,0.7900460362434387,0.5340120792388916,0.4383399188518524,0.0,0.5411996245384216,0.05072511360049248,0.6595043540000916,0.2670472264289856,0.3357238471508026,1.1571624279022217,0.0,0.9968284964561462,0.5959386825561523,0.23667535185813904,0.0,0.16521666944026947,0.0,0.6520119905471802,0.7730340957641602,0.226153165102005,0.0,0.23797525465488434,0.5633164048194885,0.0,0.0,0.0,0.0,0.25449007749557495,0.23090527951717377,0.47025105357170105,0.18925458192825317,0.4618765115737915,0.7725533843040466,0.0,0.6477327942848206,0.0,0.954659104347229,0.2156030386686325,0.5779565572738647,0.21971215307712555,0.6992585062980652,0.03966982662677765,0.22617162764072418,0.17816388607025146,0.35132789611816406,0.36345165967941284,0.114443339407444,0.569769024848938,0.0,0.4984045922756195,0.0,0.6377534866333008,0.7809659838676453,0.2758237421512604,0.34279194474220276,0.8458875417709351,0.0,0.9289179444313049,0.29424697160720825,0.0,0.0788821280002594,0.8466455936431885,0.14103937149047852,0.763496458530426,0.0,0.0,0.0,0.0,0.9978451728820801,0.48224806785583496,0.4076406955718994,0.0,0.0,0.0,0.0,0.4134775698184967,0.0
/content/drive/MyDrive/494_Project_test_3/COMI/dataset/BPAEC/actin/Z010/Z10_45.jpg,0,actin,0,actin,0.0,0.3204803764820099,0.0,0.4058704674243927,0.0824345201253891,0.9252636432647705,0.0,0.0,0.9569856524467468,0.3198988437652588,0.0,0.0,0.0,0.0,0.0,0.0,0.8870577812194824,0.0,0.0,0.0,1.1932553052902222,0.0,0.0,0.20811760425567627,0.0,0.8289557099342346,0.0,0.0,0.0,0.0,0.6886784434318542,0.0,0.0,0.13844764232635498,0.0,0.0,0.0,0.0,0.7131877541542053,0.0,0.0,0.0,0.280247300863266,0.0,0.0,0.5850690007209778,0.0,0.907441258430481,0.0,0.0,0.2111237794160843,0.7938579320907593,0.21599391102790833,0.7098274230957031,0.0,0.5759561061859131,0.0,0.9698594808578491,0.01316288486123085,0.07597789913415909,1.2767120599746704,0.0,1.244046926498413,0.8159936666488647,0.0,0.0,0.3905669152736664,0.0,0.3559005558490753,0.9125664234161377,0.09698902815580368,0.0,0.0,0.7648529410362244,0.0,0.0,0.0,0.0,0.0,0.0,0.775227963924408,0.339694082736969,0.6197868585586548,0.9320480823516846,0.1717652678489685,0.8417602181434631,0.0,1.0712380409240723,0.43356141448020935,0.725243091583252,0.0,0.8975157737731934,0.0,0.0,0.0,0.609756588935852,0.004922628402709961,0.0,0.8788406252861023,0.0,0.79804527759552,0.0,0.3427383005619049,0.935989499092102,0.5201036334037781,0.20879612863063812,0.8653662800788879,0.0,1.1740789413452148,0.0,0.0,0.0,0.7011657953262329,0.0,0.9640015363693237,0.0,0.0,0.0,0.0,1.1660799980163574,0.25028669834136963,0.6710094809532166,0.0,0.0,0.0,0.0,0.3949139714241028,0.0
/content/drive/MyDrive/494_Project_test_3/COMI/dataset/BPAEC/actin/Z010/Z10_46.jpg,0,actin,0,actin,0.0,0.6623743176460266,0.0,0.7440345883369446,0.0,1.2676678895950317,0.0,0.0,1.4127992391586304,0.28239428997039795,0.0,0.0,0.0,0.0,0.0,0.0,1.3869693279266357,0.0,0.0,0.0,1.7071629762649536,0.0,0.0,0.0,0.0,1.079318881034851,0.0,0.0,0.0,0.0,0.904912531375885,0.0,0.0,0.1489129364490509,0.0,0.0,0.0,0.0,1.204992413520813,0.0,0.0,0.0,0.6599119901657104,0.0,0.0,0.9541662931442261,0.0,1.3875898122787476,0.0,0.0,0.15987348556518555,1.0104193687438965,0.0,1.1307401657104492,0.0,0.7014341950416565,0.0,1.4576860666275024,0.0,0.0,1.4465606212615967,0.0,1.6777479648590088,1.207690954208374,0.0,0.0,0.7371899485588074,0.0,0.18364927172660828,1.2369630336761475,0.0,0.0,0.0,1.097500205039978,0.0,0.0,0.0,0.0,0.0,0.0,1.2048918008804321,0.5086829662322998,0.9210367202758789,1.3395349979400635,0.4508615732192993,1.1957252025604248,0.0,1.4125784635543823,0.7618852257728577,1.0628222227096558,0.0,1.2883599996566772,0.0,0.0,0.0,1.0140080451965332,0.0,0.0,1.312048077583313,0.0,1.2007191181182861,0.0,0.0,1.2145466804504395,0.9390273094177246,0.043349288403987885,0.8872420787811279,0.0,1.6255738735198975,0.0,0.0,0.0,0.4594736397266388,0.0,1.3750983476638794,0.0,0.0,0.0,0.0,1.565335750579834,0.06119304522871971,1.0136990547180176,0.0,0.0,0.0,0.0,0.5074056386947632,0.0
/content/drive/MyDrive/494_Project_test_3/COMI/dataset/BPAEC/actin/Z010/Z10_47.jpg,0,actin,0,actin,0.0,0.4407691955566406,0.0,0.5822541117668152,0.06559237837791443,1.2224018573760986,0.0,0.0,1.303768277168274,0.43013715744018555,0.0,0.0,0.0,0.0,0.0,0.0,1.3077585697174072,0.0,0.0,0.0,1.3448312282562256,0.0,0.0,0.09888868033885956,0.0,1.0400285720825195,0.0,0.0,0.0,0.0,0.9160707592964172,0.0,0.0,0.22735267877578735,0.0,0.0,0.0,0.0,0.9018710851669312,0.0,0.0,0.0,0.33409202098846436,0.0,0.0,0.9378390908241272,0.0,1.0005303621292114,0.0,0.0,0.3660901188850403,1.1041632890701294,0.0,0.8936575651168823,0.0,0.8286388516426086,0.0,1.3647528886795044,0.0,0.0,1.1043307781219482,0.0,1.5104210376739502,0.858293890953064,0.0,0.0,0.493845134973526,0.0,0.40442290902137756,1.2595988512039185,0.11860805004835129,0.0,0.0,0.8743607401847839,0.0,0.0,0.0,0.0,0.0,0.0,0.8486505150794983,0.37163910269737244,0.9117592573165894,1.3372546434402466,0.2690451741218567,1.2640719413757324,0.0,1.4403129816055298,0.48066532611846924,1.1136155128479004,0.0,1.2177993059158325,0.0,0.0,0.0,0.7411657571792603,0.0,0.0,1.0385701656341553,0.0,0.8831576704978943,0.0,0.024824336171150208,1.2428858280181885,0.6042208075523376,0.0,0.6150562763214111,0.0,1.550979733467102,0.0,0.0,0.0,0.22094331681728363,0.0,1.360329270362854,0.0,0.0,0.0,0.0,1.5492687225341797,0.22463403642177582,0.7133086323738098,0.0,0.0,0.0,0.0,0.5487703084945679,0.0
/content/drive/MyDrive/494_Project_test_3/COMI/dataset/BPAEC/actin/Z010/Z10_48.jpg,0,actin,0,actin,0.03911218047142029,0.07678069919347763,0.0,0.13764725625514984,0.33289575576782227,0.6898185014724731,0.03381594270467758,0.1414976567029953,0.633813738822937,0.41995882987976074,0.0,0.0863189622759819,0.0,0.0,0.08076076954603195,0.0,0.5669030547142029,0.0,0.0,0.0,0.7919797301292419,0.0,0.0,0.4626394808292389,0.0,0.6583815217018127,0.03093067929148674,0.0,0.0,0.0,0.5748615860939026,0.16700991988182068,0.05628768354654312,0.17952430248260498,0.004759490489959717,0.34374427795410156,0.0,0.0,0.36975598335266113,0.0,0.1445808857679367,0.12368108332157135,0.0,0.0,0.0,0.3458850383758545,0.0,0.5223386883735657,0.2164486199617386,0.1473729908466339,0.2971338927745819,0.7164937853813171,0.46324965357780457,0.3508237302303314,0.0,0.5287652611732483,0.0,0.6286327242851257,0.1708327978849411,0.3102620244026184,1.0810185670852661,0.0,0.9369417428970337,0.5285869240760803,0.17615696787834167,0.0,0.12210404872894287,0.0,0.5688184499740601,0.7069975137710571,0.2142476737499237,0.0,0.18576064705848694,0.497933566570282,0.0,0.0,0.0,0.0,0.22619888186454773,0.1609533131122589,0.3924904763698578,0.159484401345253,0.40294569730758667,0.7044900059700012,0.0,0.6327851414680481,0.0,0.8709091544151306,0.16681788861751556,0.5066416263580322,0.18408514559268951,0.6580946445465088,0.0,0.16728399693965912,0.09099161624908447,0.2985261082649231,0.27767467498779297,0.07585848867893219,0.5357652306556702,0.0,0.4633640646934509,0.0,0.548740029335022,0.7451083660125732,0.17841564118862152,0.26277756690979004,0.7854455709457397,0.0,0.8718096613883972,0.21555373072624207,0.0,0.04175551235675812,0.7682418823242188,0.03964906930923462,0.7054131031036377,0.0,0.0,0.0,0.0,0.9190210103988647,0.4334820508956909,0.3857456147670746,0.0,0.0,0.0,0.0,0.3691888749599457,0.0
/content/drive/MyDrive/494_Project_test_3/COMI/dataset/BPAEC/actin/Z010/Z10_49.jpg,0,actin,0,actin,0.0,0.2902478575706482,0.0,0.378036230802536,0.125782772898674,0.9456688165664673,0.0,0.0,0.9921793937683105,0.3831673264503479,0.0,0.0,0.0,0.0,0.0,0.0,0.9150568842887878,0.0,0.0,0.0,1.0974705219268799,0.0,0.0,0.2316289246082306,0.0,0.8334896564483643,0.0,0.0,0.0,0.0,0.7159631848335266,0.0,0.0,0.16786643862724304,0.0,0.0,0.0,0.0,0.6585627198219299,0.0,0.011849652975797653,0.0,0.2051754891872406,0.0,0.0,0.6298391222953796,0.0,0.8250336050987244,0.0,0.0,0.2884579002857208,0.8718242645263672,0.2090953290462494,0.6588377952575684,0.0,0.6587064266204834,0.0,1.0105515718460083,0.0,0.08873648196458817,1.14146888256073,0.0,1.2307019233703613,0.7322186231613159,0.0,0.0,0.34767672419548035,0.0,0.412822961807251,0.9575523138046265,0.1274578869342804,0.0,0.0,0.7096397280693054,0.0,0.0,0.0,0.0,0.0,0.0,0.6828067898750305,0.28811123967170715,0.6463063955307007,0.9972088932991028,0.12834718823432922,0.9304416179656982,0.0,1.1267478466033936,0.3590245842933655,0.8066751956939697,0.0,0.955618679523468,0.0,0.0,0.0,0.5378247499465942,0.0,0.0,0.8504256010055542,0.0,0.7368884682655334,0.0,0.2787281274795532,0.9756880402565002,0.4316123127937317,0.06368374079465866,0.7552246451377869,0.0,1.1931360960006714,0.0,0.0,0.0,0.5491217970848083,0.0,1.0023819208145142,0.0,0.0,0.0,0.0,1.2129695415496826,0.28573039174079895,0.5982490181922913,0.0,0.0,0.0,0.0,0.4169555604457855,0.0
/content/drive/MyDrive/494_Project_test_3/COMI/dataset/BPAEC/actin/Z010/Z10_5.jpg,0,actin,0,actin,0.0,0.3709228038787842,0.0,0.5459957122802734,0.21944673359394073,1.2962018251419067,0.0,0.0,1.3304654359817505,0.5626063346862793,0.0,0.0,0.0,0.0,0.0,0.0,1.3826535940170288,0.0,0.0,0.0,1.246138095855713,0.0,0.0,0.20332050323486328,0.0,1.1172372102737427,0.0,0.0,0.0,0.0,1.0047377347946167,0.0,0.0,0.3031083345413208,0.0,0.0,0.0,0.0,0.8151145577430725,0.0,0.10035553574562073,0.0,0.17506806552410126,0.0,0.0,1.0027281045913696,0.0,0.8629633188247681,0.0,0.0,0.5056177377700806,1.2489365339279175,0.0092177614569664,0.8072108626365662,0.0,0.9582754373550415,0.0,1.4152263402938843,0.0,0.010676063597202301,0.9606375098228455,0.0,1.5329129695892334,0.749303936958313,0.0,0.0,0.4014168083667755,0.0,0.5737528800964355,1.3572404384613037,0.2131178379058838,0.0,0.0,0.8386093974113464,0.0,0.0,0.0,0.0,0.0,0.0,0.6936022639274597,0.3038620352745056,0.9876003265380859,1.458182692527771,0.2041940987110138,1.4053287506103516,0.0,1.5610660314559937,0.36937078833580017,1.2147256135940552,0.0,1.287233829498291,0.0,0.0,0.0,0.6578170657157898,0.0,0.0,0.966597318649292,0.0,0.7748259902000427,0.0,0.0,1.3423385620117188,0.47625666856765747,0.0,0.47623953223228455,0.0,1.6249397993087769,0.0,0.0,0.0,0.0507509745657444,0.0,1.4719825983047485,0.0,0.0,0.0,0.0,1.6661889553070068,0.3186725378036499,0.6007789373397827,0.0,0.0,0.0,0.0,0.6271867752075195,0.0
/content/drive/MyDrive/494_Project_test_3/COMI/dataset/BPAEC/actin/Z010/Z10_50.jpg,0,actin,0,actin,0.0,0.7379608750343323,0.0,0.9145251512527466,0.0,1.7033777236938477,0.0,0.0,1.8513556718826294,0.48024189472198486,0.0,0.0,0.0,0.0,0.0,0.0,2.0238964557647705,0.0,0.0,0.0,1.764109492301941,0.0,0.0,0.0,0.0,1.3830658197402954,0.0,0.0,0.0,0.0,1.2424970865249634,0.0,0.0,0.3130646049976349,0.0,0.0,0.0,0.0,1.4012320041656494,0.0,0.0,0.0,0.556175708770752,0.0,0.0,1.4225279092788696,0.0,1.3699806928634644,0.0,0.0,0.4966830611228943,1.5284156799316406,0.0,1.2372628450393677,0.0,1.170559048652649,0.0,2.019925832748413,0.0,0.0,1.0081570148468018,0.0,2.00984525680542,1.1353943347930908,0.0,0.0,0.7804459929466248,0.0,0.3321529030799866,1.742644190788269,0.10132399946451187,0.0,0.0,1.1493982076644897,0.0,0.0,0.0,0.0,0.0,0.0,1.11563241481781,0.4559631645679474,1.3401386737823486,1.972519040107727,0.5171377062797546,1.8823351860046387,0.0,1.9453612565994263,0.6693992018699646,1.6502573490142822,0.0,1.7529491186141968,0.0,0.0,0.0,1.1064133644104004,0.0,0.0,1.4238024950027466,0.0,1.1796516180038452,0.0,0.0,1.712525486946106,0.8659342527389526,0.0,0.3286956250667572,0.0,2.209550142288208,0.0,0.0,0.0,0.0,0.0,1.9713455438613892,0.0,0.0,0.0,0.0,2.1274704933166504,0.09723067283630371,0.960930585861206,0.0,0.0,0.0,0.0,0.7899755239486694,0.0
/content/drive/MyDrive/494_Project_test_3/COMI/dataset/BPAEC/actin/Z010/Z10_51.jpg,0,actin,0,actin,0.05648423731327057,0.13225926458835602,0.0,0.2568996250629425,0.3504248261451721,0.9224649667739868,0.0,0.08002191036939621,0.8913670778274536,0.5187946557998657,0.0,0.0,0.0,0.0,0.0,0.0,0.867206335067749,0.0,0.0,0.0,0.872225821018219,0.0,0.0,0.4053138196468353,0.0,0.8318361639976501,0.014715675264596939,0.0,0.0,0.0,0.7556717991828918,0.0,0.0024809781461954117,0.2563149631023407,0.04864088445901871,0.19055260717868805,0.0,0.0,0.4563598036766052,0.0,0.19705086946487427,0.06935786455869675,0.0,0.0,0.0,0.6105169057846069,0.0,0.5509772300720215,0.10978434234857559,0.0,0.4420816898345947,0.9616743922233582,0.3288264870643616,0.47146061062812805,0.0,0.7436985969543457,0.0,0.9193850755691528,0.0,0.254124253988266,0.9353504180908203,0.0,1.129096508026123,0.5164217352867126,0.0,0.0,0.1656426340341568,0.0,0.6293981075286865,0.9845567941665649,0.2513580918312073,0.0,0.0,0.5702305436134338,0.0,0.0,0.0,0.0,0.0,0.0,0.4182732403278351,0.1822863668203354,0.641742467880249,1.0141278505325317,0.0,0.9675384163856506,0.0,1.15925931930542,0.17600183188915253,0.8210780620574951,0.0,0.889153778553009,0.0,0.0,0.0,0.362711101770401,0.0,0.07275961339473724,0.6314027309417725,0.0,0.5075902938842773,0.0,0.354689359664917,0.9978394508361816,0.20186878740787506,0.0,0.5831204056739807,0.0,1.1552537679672241,0.12257692962884903,0.0,0.03852692246437073,0.41884028911590576,0.0,1.0085922479629517,0.0,0.0,0.0,0.0,1.2230517864227295,0.43445682525634766,0.38737890124320984,0.0,0.0,0.0,0.0,0.48312482237815857,0.0
/content/drive/MyDrive/494_Project_test_3/COMI/dataset/BPAEC/actin/Z010/Z10_52.jpg,0,actin,0,actin,0.0,0.22460295259952545,0.0,0.2365877628326416,0.2279854565858841,0.7499680519104004,0.0905485451221466,0.11975349485874176,0.7319594025611877,0.384040892124176,0.0,0.17012155055999756,0.0,0.0,0.1714700162410736,0.0,0.6221996545791626,0.0,0.0,0.0,1.0331389904022217,0.0,0.0,0.3950894773006439,0.0,0.7326326370239258,0.0,0.0,0.0,0.034913256764411926,0.6144469976425171,0.21255843341350555,0.0,0.15590324997901917,0.0,0.2737162709236145,0.0,0.0,0.5445233583450317,0.0,0.04688135161995888,0.04966113716363907,0.15341080725193024,0.0,0.0,0.39765995740890503,0.0,0.7364059090614319,0.1752738356590271,0.22287386655807495,0.20226743817329407,0.7019744515419006,0.4506974518299103,0.5333918333053589,0.0,0.4694075286388397,0.0,0.7122027277946472,0.2750681936740875,0.22084471583366394,1.3035917282104492,0.0,1.0530009269714355,0.7395371198654175,0.28494900465011597,0.0,0.28261104226112366,0.0,0.49347832798957825,0.729212760925293,0.1538189947605133,0.0,0.28667739033699036,0.6566190123558044,0.0,0.0,0.0,0.0,0.3231930732727051,0.23860953748226166,0.632145345211029,0.24692563712596893,0.4565337896347046,0.7348378896713257,0.07131270319223404,0.6045352220535278,0.0,0.9038544297218323,0.3225020170211792,0.5384401082992554,0.2715601921081543,0.7374474406242371,0.039822712540626526,0.25908249616622925,0.13451270759105682,0.4594872295856476,0.3853623867034912,0.0,0.7146994471549988,0.0,0.6565006375312805,0.0,0.5810104608535767,0.7551417350769043,0.40762874484062195,0.4437977373600006,0.9709877967834473,0.0,0.9401288628578186,0.14072182774543762,0.0,0.0,0.9413236379623413,0.016609996557235718,0.7458134889602661,0.0,0.0,0.0,0.0,0.9678307771682739,0.37722885608673096,0.5497577786445618,0.0,0.0,0.0,0.0,0.3531196415424347,0.0
/content/drive/MyDrive/494_Project_test_3/COMI/dataset/BPAEC/actin/Z010/Z10_53.jpg,0,actin,0,actin,0.045082055032253265,0.0,0.0,0.09266174584627151,0.3412291705608368,0.6118819713592529,0.07666482776403427,0.10664346069097519,0.5583462715148926,0.3875851035118103,0.0,0.12819340825080872,0.0,0.0,0.09110217541456223,0.0,0.4777577221393585,0.0,0.0,0.0,0.6573091745376587,0.0,0.0,0.46667662262916565,0.0,0.5902572870254517,0.029577303677797318,0.0,0.0,0.0,0.5049623847007751,0.21406900882720947,0.06220515817403793,0.15338298678398132,0.0078022778034210205,0.358044296503067,0.0,0.0,0.24633799493312836,0.0,0.17152532935142517,0.11162897199392319,0.0,0.0,0.0,0.2829250991344452,0.0,0.4183911085128784,0.2117837816476822,0.1759139597415924,0.30296462774276733,0.6477866172790527,0.48467642068862915,0.26576778292655945,0.0,0.5071417689323425,0.0,0.5586406588554382,0.18160241842269897,0.3615272343158722,0.988349974155426,0.0,0.8426461815834045,0.39842355251312256,0.24229785799980164,0.0,0.03403259068727493,0.0,0.5414783954620361,0.6547557711601257,0.21812960505485535,0.0,0.2177087515592575,0.4052310585975647,0.0,0.0,0.0,0.0,0.2875726819038391,0.18056674301624298,0.2817307412624359,0.11872679740190506,0.35955286026000977,0.6167426109313965,0.0,0.5942903757095337,0.0,0.7973063588142395,0.09389987587928772,0.44644954800605774,0.18977433443069458,0.583835780620575,0.014343010261654854,0.19136378169059753,0.09315386414527893,0.19536423683166504,0.26892656087875366,0.09345658868551254,0.44973617792129517,0.0,0.387486070394516,0.0,0.5696729421615601,0.6977051496505737,0.050153154879808426,0.2272045761346817,0.7247223854064941,0.0,0.7654742002487183,0.19973419606685638,0.0,0.05062420666217804,0.7500729560852051,0.04868387430906296,0.6360426545143127,0.0,0.0,0.0,0.0,0.826810359954834,0.4232982397079468,0.2970530092716217,0.0,0.0,0.0,0.0,0.3127053678035736,0.0
/content/drive/MyDrive/494_Project_test_3/COMI/dataset/BPAEC/actin/Z010/Z10_54.jpg,0,actin,0,actin,0.00539042055606842,0.1532081514596939,0.0,0.23398691415786743,0.2745940089225769,0.8168872594833374,0.0,0.07856551557779312,0.791526734828949,0.41577625274658203,0.0,0.0,0.0,0.0,0.0,0.0,0.7196911573410034,0.0,0.0,0.0,0.90362149477005,0.0,0.0,0.3903326094150543,0.0,0.7637568116188049,0.0,0.0,0.0,0.0,0.6493444442749023,0.0,0.0,0.1907941699028015,0.0,0.21407179534435272,0.0,0.0,0.45233893394470215,0.0,0.11456833779811859,0.04920874163508415,0.03656177967786789,0.0,0.0,0.4697553217411041,0.0,0.6361928582191467,0.10717301815748215,0.0,0.32387328147888184,0.8082020878791809,0.384742796421051,0.4447365403175354,0.0,0.6164449453353882,0.0,0.7988232970237732,0.054392796009778976,0.2249819040298462,1.0840857028961182,0.0,1.073857307434082,0.6009871363639832,0.008828118443489075,0.0,0.20083020627498627,0.0,0.5342320799827576,0.8291068077087402,0.20907963812351227,0.0,0.0,0.596679151058197,0.0,0.0,0.0,0.0,0.08294263482093811,0.010995199903845787,0.48214641213417053,0.20759354531764984,0.5314739942550659,0.8498275279998779,0.012239508330821991,0.7860924601554871,0.0,0.9998067021369934,0.23150810599327087,0.6600004434585571,0.019315607845783234,0.8049869537353516,0.0,0.0,0.0,0.3851088583469391,0.10446488857269287,0.015229660086333752,0.6658740043640137,0.0,0.5886577367782593,0.0,0.4432555139064789,0.863444983959198,0.25627321004867554,0.13036733865737915,0.7540169954299927,0.0,1.025138258934021,0.10548331588506699,0.0,0.0,0.655992865562439,0.0,0.8455666303634644,0.0,0.0,0.0,0.0,1.0689138174057007,0.3913061320781708,0.46656152606010437,0.0,0.0,0.0,0.0,0.3983798623085022,0.0
/content/drive/MyDrive/494_Project_test_3/COMI/dataset/BPAEC/actin/Z010/Z10_55.jpg,0,actin,0,actin,0.0,0.4736904501914978,0.0,0.5679359436035156,0.0,1.0415221452713013,0.0,0.0,1.1545912027359009,0.24036742746829987,0.0,0.0,0.0,0.0,0.0,0.0,1.072340488433838,0.0,0.0,0.0,1.408172369003296,0.0,0.0,0.03287236765027046,0.0,0.8854067325592041,0.0,0.0,0.0,0.0,0.7235774397850037,0.0,0.0,0.09471045434474945,0.0,0.0,0.0,0.0,0.9313543438911438,0.0,0.0,0.0,0.4638291299343109,0.0,0.0,0.7191348671913147,0.0,1.1506105661392212,0.0,0.0,0.1480390876531601,0.8378455638885498,0.015391409397125244,0.8916100263595581,0.0,0.6061368584632874,0.0,1.1877009868621826,0.0,0.0,1.3447840213775635,0.0,1.416267991065979,0.9849840998649597,0.0,0.0,0.562393307685852,0.0,0.19902604818344116,1.0168389081954956,0.007643759250640869,0.0,0.0,0.8913763761520386,0.0,0.0,0.0,0.0,0.0,0.0,0.9719246029853821,0.4125450551509857,0.7173280119895935,1.060655951499939,0.29944518208503723,0.9751737713813782,0.0,1.1723308563232422,0.5740524530410767,0.8392282724380493,0.0,1.0684771537780762,0.0,0.0,0.0,0.7735371589660645,0.0,0.0,1.0944193601608276,0.0,0.9999938607215881,0.0,0.13239385187625885,1.0185359716415405,0.6963803172111511,0.1350879967212677,0.8880037069320679,0.0,1.339396595954895,0.0,0.0,0.0,0.596955418586731,0.0,1.100941777229309,0.0,0.0,0.0,0.0,1.2909910678863525,0.12295541167259216,0.847970724105835,0.0,0.0,0.0,0.0,0.3932247459888458,0.0
/content/drive/MyDrive/494_Project_test_3/COMI/dataset/BPAEC/actin/Z010/Z10_56.jpg,0,actin,0,actin,0.0,1.2291213274002075,0.0,1.4006980657577515,0.0,2.3374412059783936,0.0,0.0,2.623429536819458,0.6451457142829895,0.0,0.0,0.0,0.0,0.0,0.0,2.7392141819000244,0.0,0.0,0.0,2.582044839859009,0.0,0.0,0.0,0.0,1.8919322490692139,0.0,0.0,0.0,0.0,1.7242146730422974,0.0,0.0,0.4281430244445801,0.0,0.0,0.0,0.0,2.0275213718414307,0.0,0.0,0.0,1.1078529357910156,0.0,0.0,2.1049983501434326,0.0,2.033677339553833,0.0,0.0,0.5209485292434692,2.0102691650390625,0.0,1.9671976566314697,0.0,1.427851915359497,0.0,2.7472848892211914,0.0,0.0,1.4466683864593506,0.0,2.73606538772583,1.7298810482025146,0.0,0.0,1.2799307107925415,0.0,0.3679588735103607,2.3554210662841797,0.009866887703537941,0.0,0.0,1.75983726978302,0.0,0.0,0.0,0.0,0.0,0.0,1.8112696409225464,0.7916961908340454,1.8823763132095337,2.6745262145996094,0.9055494666099548,2.4464168548583984,0.0,2.671603202819824,1.1815211772918701,2.287630558013916,0.0,2.379762887954712,0.0,0.0,0.0,1.6659514904022217,0.0,0.0,2.070612907409668,0.0,1.7630001306533813,0.0,0.0,2.1899654865264893,1.6035486459732056,0.0,0.563167929649353,0.0,2.942180633544922,0.0,0.0,0.0,0.0,0.0,2.6370303630828857,0.0,0.0,0.0,0.0,2.9120845794677734,0.0,1.4428765773773193,0.0,0.0,0.0,0.0,1.0227012634277344,0.0
/content/drive/MyDrive/494_Project_test_3/COMI/dataset/BPAEC/actin/Z010/Z10_57.jpg,0,actin,0,actin,0.0,0.30156227946281433,0.0,0.4348057508468628,0.18096275627613068,1.087107539176941,0.0,0.0,1.1047409772872925,0.4357866942882538,0.0,0.0,0.0,0.0,0.0,0.0,1.1462370157241821,0.0,0.0,0.0,1.1340305805206299,0.0,0.0,0.20869606733322144,0.0,0.9524438977241516,0.0,0.0,0.0,0.0,0.8337273597717285,0.0,0.0,0.23367416858673096,0.0,0.0,0.0,0.0,0.736044704914093,0.0,0.04559297487139702,0.0,0.14948296546936035,0.0,0.0,0.7704777121543884,0.0,0.8243208527565002,0.0,0.0,0.3990289270877838,1.0369176864624023,0.08169838041067123,0.6760518550872803,0.0,0.80250084400177,0.0,1.1783431768417358,0.0,0.0259043350815773,1.0190333127975464,0.0,1.3466439247131348,0.7206093668937683,0.0,0.0,0.34488075971603394,0.0,0.47505834698677063,1.1282389163970947,0.18663190305233002,0.0,0.0,0.7324638962745667,0.0,0.0,0.0,0.0,0.0,0.0,0.6339387893676758,0.2636775076389313,0.7839120030403137,1.2062925100326538,0.15112978219985962,1.1524051427841187,0.0,1.3044193983078003,0.33575356006622314,0.9693373441696167,0.0,1.0822713375091553,0.0,0.0,0.0,0.5823219418525696,0.0,0.0,0.8635270595550537,0.0,0.7262418270111084,0.0,0.10108232498168945,1.1468801498413086,0.4026745855808258,0.0,0.5691590309143066,0.0,1.3976130485534668,0.0,0.0,0.0,0.24281750619411469,0.0,1.211246132850647,0.0,0.0,0.0,0.0,1.4041457176208496,0.29879769682884216,0.5767239928245544,0.0,0.0,0.0,0.0,0.5353696346282959,0.0
/content/drive/MyDrive/494_Project_test_3/COMI/dataset/BPAEC/actin/Z010/Z10_58.jpg,0,actin,2,nucleus,0.10267682373523712,0.0,0.0,0.0,0.4085932970046997,0.3590099811553955,0.44098564982414246,0.1872340440750122,0.26495131850242615,0.3407396674156189,0.11658235639333725,0.5573775172233582,0.0,0.2321666181087494,0.48396891355514526,0.276576966047287,0.13662903010845184,0.19351550936698914,0.0,0.1140497699379921,0.42195260524749756,0.0,0.0,0.5880473852157593,0.0,0.41120749711990356,0.08155232667922974,0.27489298582077026,0.0,0.34420254826545715,0.3246905207633972,0.6321561932563782,0.1817806214094162,0.10027390718460083,0.04203251004219055,0.5922776460647583,0.0,0.14680059254169464,0.0,0.0,0.21943935751914978,0.20345138013362885,0.0,0.0,0.0,0.011140173301100731,0.0,0.2227422595024109,0.36586761474609375,0.5738515853881836,0.25158166885375977,0.42963841557502747,0.6867700219154358,0.05070194602012634,0.0,0.3548256456851959,0.14556026458740234,0.23929178714752197,0.4381123483181,0.5291367769241333,0.9938808679580688,0.4495771527290344,0.5800471305847168,0.24714207649230957,0.6855228543281555,0.0,0.0,0.18502072989940643,0.5499423146247864,0.40270817279815674,0.23447829484939575,0.0,0.7388374209403992,0.24737170338630676,0.0,0.0,0.0,0.3626667559146881,0.700089156627655,0.5401632189750671,0.10742074996232986,0.04053838551044464,0.13878394663333893,0.3065323233604431,0.0,0.3093281388282776,0.0,0.5205941200256348,0.0,0.17099282145500183,0.5474199056625366,0.3286680579185486,0.32131439447402954,0.6235967874526978,0.37734317779541016,0.0,0.6329147815704346,0.1798294633626938,0.24726548790931702,0.0,0.23141205310821533,0.0,0.8017454147338867,0.4724179208278656,0.0,0.45326390862464905,0.8209316730499268,0.186200812458992,0.4506080150604248,0.3409044146537781,0.0,0.1286163330078125,1.021541714668274,0.3426625728607178,0.34229937195777893,0.0,0.0,0.07360662519931793,0.13135626912117004,0.5268477201461792,0.4814847707748413,0.16295506060123444,0.37363940477371216,0.0,0.0,0.0,0.19317463040351868,0.0
/content/drive/MyDrive/494_Project_test_3/COMI/dataset/BPAEC/actin/Z010/Z10_59.jpg,0,actin,0,actin,0.06617161631584167,0.0,0.0,0.04172828048467636,0.3654484748840332,0.5336273908615112,0.24488721787929535,0.16755124926567078,0.46053755283355713,0.3683292269706726,0.01929502934217453,0.3417500853538513,0.0,0.032090410590171814,0.29333457350730896,0.09013260900974274,0.3593590259552002,0.0,0.0,0.0,0.6239447593688965,0.0,0.0,0.5145010948181152,0.0,0.5494673252105713,0.05268282815814018,0.060395367443561554,0.0,0.14812308549880981,0.4549527168273926,0.3983505666255951,0.11058709770441055,0.13792270421981812,0.008330143988132477,0.47492516040802,0.0,0.0,0.1823175698518753,0.0,0.1856815665960312,0.15363582968711853,0.0,0.0,0.0,0.1895836740732193,0.0,0.3907574713230133,0.28303253650665283,0.35917213559150696,0.269130140542984,0.5656977295875549,0.5830052495002747,0.2206241339445114,0.0,0.4385847747325897,0.06353241205215454,0.4383034408092499,0.317755788564682,0.42885270714759827,1.0564019680023193,0.2100382000207901,0.7716983556747437,0.39589589834213257,0.44899386167526245,0.0,0.010500391013920307,0.0,0.5497313141822815,0.5606075525283813,0.2232108861207962,0.0,0.4744325578212738,0.39383429288864136,0.0,0.0,0.0,0.12934467196464539,0.4836292564868927,0.36712801456451416,0.27424564957618713,0.12317141890525818,0.2871384620666504,0.509820282459259,0.0,0.4749794900417328,0.0,0.7048724889755249,0.08781830966472626,0.3432442843914032,0.3737366795539856,0.49303171038627625,0.16935452818870544,0.39401715993881226,0.24423854053020477,0.16368523240089417,0.4589613080024719,0.13093483448028564,0.4031500220298767,0.0,0.3679223358631134,0.0,0.6951206922531128,0.6165128946304321,0.04319193586707115,0.36222484707832336,0.81282639503479,0.0,0.6658106446266174,0.25759851932525635,0.0,0.07337142527103424,0.9119149446487427,0.2014889419078827,0.5290955901145935,0.0,0.0,0.0,0.011600043624639511,0.7333712577819824,0.44370919466018677,0.2855484187602997,0.16667421162128448,0.0,0.0,0.0,0.2784481346607208,0.0
/content/drive/MyDrive/494_Project_test_3/COMI/dataset/BPAEC/actin/Z010/Z10_6.jpg,0,actin,0,actin,0.0,0.3066332936286926,0.0,0.38589417934417725,0.09986110031604767,0.9123347997665405,0.0,0.0,0.9574457406997681,0.3527514636516571,0.0,0.0,0.0,0.0,0.0,0.0,0.8858982920646667,0.0,0.0,0.0,1.1219282150268555,0.0,0.0,0.22337111830711365,0.0,0.7943596243858337,0.0,0.0,0.0,0.0,0.6892699599266052,0.0,0.0,0.15374645590782166,0.0,0.0,0.0,0.0,0.6867164969444275,0.0,0.0,0.0,0.22438152134418488,0.0,0.0,0.5950660109519958,0.0,0.8536876440048218,0.0,0.0,0.2389935702085495,0.8257872462272644,0.19664448499679565,0.6508593559265137,0.0,0.6082829236984253,0.0,0.97316575050354,0.0,0.049130477011203766,1.1659489870071411,0.0,1.2182021141052246,0.7642118334770203,0.0,0.0,0.36855217814445496,0.0,0.3868803083896637,0.9171746969223022,0.1035338044166565,0.0,0.0,0.7158603072166443,0.0,0.0,0.0,0.0,0.0,0.0,0.6978697180747986,0.29185354709625244,0.610792875289917,0.9575772881507874,0.1455112099647522,0.8736829161643982,0.0,1.080194354057312,0.3836700916290283,0.7459787130355835,0.0,0.9281995892524719,0.0,0.0,0.0,0.5593672394752502,0.0,0.0,0.8438776135444641,0.0,0.7504525780677795,0.0,0.28512269258499146,0.9280368685722351,0.4548038840293884,0.12240472435951233,0.790427565574646,0.0,1.1582964658737183,0.0,0.0,0.0,0.5940707921981812,0.0,0.9691492319107056,0.0,0.0,0.0,0.0,1.1626216173171997,0.2642761766910553,0.6311724185943604,0.0,0.0,0.0,0.0,0.40028199553489685,0.0
/content/drive/MyDrive/494_Project_test_3/COMI/dataset/BPAEC/actin/Z010/Z10_60.jpg,0,actin,0,actin,0.0,0.4557498097419739,0.0,0.4636547267436981,0.0,0.9260360598564148,0.0,0.0,1.0179905891418457,0.28421759605407715,0.0,0.0,0.0,0.0,0.0,0.0,0.8955236673355103,0.0,0.0,0.0,1.3687679767608643,0.0,0.0,0.14093023538589478,0.0,0.8156254887580872,0.0,0.0,0.0,0.0,0.6893511414527893,0.0,0.0,0.11766069382429123,0.0,0.0,0.0,0.0,0.887326180934906,0.0,0.0,0.0,0.4600706398487091,0.0,0.0,0.5960253477096558,0.0,1.0892882347106934,0.0,0.0,0.10190366208553314,0.7702714800834656,0.19134996831417084,0.8265761137008667,0.0,0.5050057172775269,0.0,1.0064178705215454,0.08742029964923859,0.0,1.428046703338623,0.0,1.3017640113830566,1.0074506998062134,0.0007618740200996399,0.0,0.5294671058654785,0.0,0.2711721658706665,0.8849124908447266,0.026934782043099403,0.0,0.0,0.8550944924354553,0.0,0.0,0.0,0.0,0.06067650765180588,0.0,0.9539427757263184,0.37833496928215027,0.603918194770813,0.933174729347229,0.2583274245262146,0.7752298712730408,0.0,1.0490014553070068,0.5605629086494446,0.7262232303619385,0.022990360856056213,0.9493459463119507,0.0,0.0,0.0,0.7308675646781921,0.10689076781272888,0.0,1.0143753290176392,0.0,0.9478724002838135,0.0,0.33018723130226135,0.8858886957168579,0.7001010775566101,0.365870863199234,1.0137913227081299,0.0,1.1857800483703613,0.0,0.0,0.0,0.8259363174438477,0.0,0.9487287998199463,0.0,0.0,0.0,0.0,1.1511480808258057,0.19574333727359772,0.8179509043693542,0.0,0.0,0.0,0.0,0.3693789541721344,0.0
/content/drive/MyDrive/494_Project_test_3/COMI/dataset/BPAEC/actin/Z010/Z10_61.jpg,0,actin,0,actin,0.04150325059890747,0.4536895751953125,0.0,0.6084805130958557,0.3159303069114685,1.5175365209579468,0.0,0.0,1.5411810874938965,0.7236260175704956,0.0,0.0,0.0,0.0,0.0,0.0,1.6266981363296509,0.0,0.0,0.0,1.3403105735778809,0.0,0.0,0.2540658414363861,0.0,1.3055974245071411,0.0,0.0,0.0,0.0,1.2076717615127563,0.0,0.0,0.4196751117706299,0.06283218413591385,0.0,0.0,0.0,0.9032106399536133,0.0,0.18336781859397888,0.0,0.17981703579425812,0.0,0.0,1.2275668382644653,0.0,0.8999881148338318,0.0,0.0,0.6548343896865845,1.5278162956237793,0.0,0.8721045851707458,0.0,1.1693295240402222,0.0,1.6272956132888794,0.0,0.0,0.8926642537117004,0.0,1.7165532112121582,0.810736358165741,0.0,0.0,0.45699524879455566,0.0,0.7403892278671265,1.5897774696350098,0.28998973965644836,0.0,0.0,0.9330024719238281,0.0,0.0,0.0,0.0,0.0,0.0,0.7140343189239502,0.3166332244873047,1.1766581535339355,1.7585155963897705,0.24386656284332275,1.672034502029419,0.0,1.8374146223068237,0.39057043194770813,1.4987910985946655,0.0,1.510804533958435,0.0,0.0,0.0,0.7294724583625793,0.0,0.0,1.0532584190368652,0.0,0.823643147945404,0.0,0.0,1.5471606254577637,0.5328251719474792,0.0,0.36676356196403503,0.0,1.8927252292633057,0.0,0.0,0.0,0.0,0.0,1.7100069522857666,0.0,0.0,0.0,0.0,1.9591763019561768,0.39757800102233887,0.6218574047088623,0.0,0.0,0.0,0.0,0.7813932299613953,0.0
/content/drive/MyDrive/494_Project_test_3/COMI/dataset/BPAEC/actin/Z010/Z10_62.jpg,0,actin,0,actin,0.0,0.9170603156089783,0.0,1.0909262895584106,0.0,1.9068175554275513,0.0,0.0,2.09598970413208,0.5007274150848389,0.0,0.0,0.0,0.0,0.0,0.0,2.2181966304779053,0.0,0.0,0.0,2.097993850708008,0.0,0.0,0.0,0.0,1.5773013830184937,0.0,0.0,0.0,0.0,1.391563057899475,0.0,0.0,0.33408695459365845,0.0,0.0,0.0,0.0,1.5899899005889893,0.0,0.0,0.0,0.8032893538475037,0.0,0.0,1.6269221305847168,0.0,1.642907977104187,0.0,0.0,0.45860257744789124,1.629932165145874,0.0,1.517222285270691,0.0,1.2036824226379395,0.0,2.226600408554077,0.0,0.0,1.2775588035583496,0.0,2.2668490409851074,1.3875703811645508,0.0,0.0,0.9720807075500488,0.0,0.322419136762619,1.9172309637069702,0.06575969606637955,0.0,0.0,1.4169371128082275,0.0,0.0,0.0,0.0,0.0,0.0,1.4248100519180298,0.6291905045509338,1.5193575620651245,2.151646614074707,0.6627899408340454,2.004342555999756,0.0,2.163850784301758,0.9060574769973755,1.8230319023132324,0.0,1.9214481115341187,0.0,0.0,0.0,1.327223777770996,0.0,0.0,1.6767141819000244,0.0,1.442073941230774,0.0,0.0,1.8430261611938477,1.1906638145446777,0.0,0.5319015979766846,0.0,2.4185376167297363,0.0,0.0,0.0,0.0,0.0,2.155688524246216,0.0,0.0,0.0,0.0,2.3749375343322754,0.0494018979370594,1.1753684282302856,0.0,0.0,0.0,0.0,0.8356660604476929,0.0
/content/drive/MyDrive/494_Project_test_3/COMI/dataset/BPAEC/actin/Z010/Z10_63.jpg,0,actin,0,actin,0.0,1.6132370233535767,0.0,1.8550790548324585,0.0,3.1160073280334473,0.0,0.0,3.507646322250366,0.8845926523208618,0.0,0.0,0.0,0.0,0.0,0.0,3.757819890975952,0.0,0.0,0.0,3.1352250576019287,0.0,0.0,0.0,0.0,2.482057809829712,0.0,0.0,0.0,0.0,2.316161870956421,0.0,0.0,0.6475384831428528,0.0,0.0,0.0,0.0,2.5981297492980957,0.0,0.0,0.0,1.3982739448547363,0.0,0.0,2.957866907119751,0.0,2.4162402153015137,0.0,0.0,0.8238120079040527,2.757028102874756,0.0,2.527953863143921,0.0,2.0085086822509766,0.0,3.7049520015716553,0.0,0.0,1.2642830610275269,0.0,3.46032977104187,2.0200998783111572,0.0,0.0,1.6276530027389526,0.0,0.4455749988555908,3.1952996253967285,0.03903096914291382,0.0,0.0,2.15804123878479,0.0,0.0,0.0,0.0,0.0,0.0,2.197370767593384,0.9833022356033325,2.6119048595428467,3.6462647914886475,1.2080936431884766,3.410168170928955,0.0,3.558316230773926,1.4202708005905151,3.2616329193115234,0.0,3.13954758644104,0.0,0.0,0.0,2.1277315616607666,0.0,0.0,2.5736143589019775,0.0,2.1147048473358154,0.0,0.0,2.963815450668335,2.0089712142944336,0.0,0.15228091180324554,0.0,3.935407876968384,0.0,0.0,0.0,0.0,0.0,3.5875673294067383,0.0,0.0,0.0,0.0,3.8803064823150635,0.0,1.704054832458496,0.0,0.0,0.0,0.0,1.4175177812576294,0.0
/content/drive/MyDrive/494_Project_test_3/COMI/dataset/BPAEC/actin/Z010/Z10_64.jpg,0,actin,0,actin,0.05181898921728134,0.010571816936135292,0.0,0.09872036427259445,0.34067121148109436,0.6268564462661743,0.08701500296592712,0.12056346982717514,0.5611645579338074,0.38674724102020264,0.0,0.12346198409795761,0.0,0.0,0.10398360341787338,0.0,0.4921758472919464,0.0,0.0,0.0,0.6859524846076965,0.0,0.0,0.46914830803871155,0.0,0.6142457723617554,0.031919654458761215,0.0,0.0,0.0,0.5129411816596985,0.21394501626491547,0.0509650781750679,0.15255597233772278,0.01542700082063675,0.3571544289588928,0.0,0.0,0.2642069160938263,0.0,0.15879680216312408,0.11644278466701508,0.0,0.0,0.0,0.2776765823364258,0.0,0.44424358010292053,0.21614249050617218,0.17525464296340942,0.3041066825389862,0.652587890625,0.4838297963142395,0.26379966735839844,0.0,0.5131185054779053,0.0,0.5660238862037659,0.1708483248949051,0.3409227430820465,1.0101438760757446,0.0,0.8591238260269165,0.4374195337295532,0.2314237356185913,0.0,0.059349723160266876,0.0,0.5465008020401001,0.6511590480804443,0.22552870213985443,0.0,0.23018723726272583,0.43851253390312195,0.0,0.0,0.0,0.0,0.288607656955719,0.19225001335144043,0.3029302656650543,0.1284339725971222,0.3687995672225952,0.6337906718254089,0.0,0.5960679650306702,0.0,0.7984545826911926,0.1030052900314331,0.4514763653278351,0.20789527893066406,0.6054436564445496,0.01617172546684742,0.1914369910955429,0.1078341007232666,0.21847885847091675,0.28931117057800293,0.0890863835811615,0.47332656383514404,0.0,0.41452375054359436,0.0,0.5661089420318604,0.701756477355957,0.07338468730449677,0.22944065928459167,0.7432194352149963,0.0,0.7876349091529846,0.20694871246814728,0.0,0.0440744012594223,0.7595787048339844,0.06773969531059265,0.643149733543396,0.0,0.0,0.0,0.0,0.840717077255249,0.4280078113079071,0.3246538043022156,0.0,0.0,0.0,0.0,0.32033634185791016,0.0
/content/drive/MyDrive/494_Project_test_3/COMI/dataset/BPAEC/actin/Z010/Z10_65.jpg,0,actin,0,actin,0.0,0.5905802845954895,0.0,0.6201794743537903,0.0,1.0361872911453247,0.0,0.0,1.2163397073745728,0.22090961039066315,0.0,0.0,0.0,0.0,0.0,0.0,1.1093623638153076,0.0,0.0,0.0,1.566786289215088,0.0,0.0,0.0,0.0,0.8538894653320312,0.0,0.0,0.0,0.0,0.7397469878196716,0.0,0.0,0.09136498719453812,0.0,0.0,0.0,0.0,1.1340748071670532,0.0,0.0,0.0,0.6275595426559448,0.0,0.0,0.7534529566764832,0.0,1.2963656187057495,0.0,0.0,0.0602581761777401,0.8333006501197815,0.0,1.029504656791687,0.0,0.539781928062439,0.0,1.2184476852416992,0.0,0.0,1.4695550203323364,0.0,1.4608256816864014,1.153279185295105,0.0,0.0,0.6787745952606201,0.0,0.10931563377380371,1.020496129989624,0.0,0.0,0.0,0.9518830180168152,0.0,0.0,0.0,0.0,0.0,0.0,1.1482677459716797,0.45605841279029846,0.705146312713623,1.0764474868774414,0.3775025010108948,0.9329226016998291,0.0,1.1731849908828735,0.6881982088088989,0.8539607524871826,0.0,1.0942976474761963,0.0,0.0,0.0,0.8948151469230652,0.0,0.0,1.18612802028656,0.0,1.1019319295883179,0.0,0.12232725322246552,0.9970327615737915,0.8843860030174255,0.261493444442749,0.9877022504806519,0.0,1.3771625757217407,0.0,0.0,0.0,0.6601349115371704,0.0,1.1130391359329224,0.0,0.0,0.0,0.0,1.28805673122406,0.06502413749694824,0.9648381471633911,0.0,0.0,0.0,0.0,0.3969407379627228,0.0
/content/drive/MyDrive/494_Project_test_3/COMI/dataset/BPAEC/actin/Z010/Z10_66.jpg,0,actin,0,actin,0.0,0.2445126473903656,0.0,0.32289180159568787,0.1912205070257187,0.8867507576942444,0.0,0.019511938095092773,0.8847990036010742,0.3868855834007263,0.0,0.0,0.0,0.0,0.0,0.0,0.8202437162399292,0.0,0.0,0.0,1.0583525896072388,0.0,0.0,0.3099041283130646,0.0,0.8081974387168884,0.0,0.0,0.0,0.0,0.6859169602394104,0.0,0.0,0.1749734878540039,0.0,0.10971687734127045,0.0,0.0,0.5954259037971497,0.0,0.04547005519270897,0.0,0.15156681835651398,0.0,0.0,0.5436258912086487,0.0,0.7714595794677734,0.040886539965867996,0.0,0.27644020318984985,0.8233837485313416,0.2984551787376404,0.5853627920150757,0.0,0.6085262894630432,0.0,0.8957237601280212,0.025473054498434067,0.14736565947532654,1.178673505783081,0.0,1.1709108352661133,0.7161961197853088,0.0,0.0,0.3013269603252411,0.0,0.4671176075935364,0.8890926837921143,0.16155581176280975,0.0,0.0,0.6835180521011353,0.0,0.0,0.0,0.0,0.0077331215143203735,0.0,0.6269379258155823,0.27024829387664795,0.5841401815414429,0.9111450910568237,0.09851931780576706,0.8301467299461365,0.0,1.059088110923767,0.3288499414920807,0.7080885171890259,0.0,0.8676292300224304,0.0,0.0,0.0,0.5022584795951843,0.04708138853311539,0.0,0.7710899710655212,0.0,0.6888219714164734,0.0,0.38779112696647644,0.9110046029090881,0.3937218487262726,0.16338321566581726,0.8054883480072021,0.0,1.11882483959198,0.011813143268227577,0.0,0.0,0.662766695022583,0.0,0.9234874248504639,0.0,0.0,0.0,0.0,1.1392768621444702,0.3338572382926941,0.5637296438217163,0.0,0.0,0.0,0.0,0.41392430663108826,0.0
/content/drive/MyDrive/494_Project_test_3/COMI/dataset/BPAEC/actin/Z010/Z10_67.jpg,0,actin,0,actin,0.0,0.3253669738769531,0.0,0.3238404095172882,0.043757352977991104,0.7497656941413879,0.07373444736003876,0.0,0.8070007562637329,0.2632257342338562,0.0,0.14420759677886963,0.0,0.0,0.10097914189100266,0.0,0.6589361429214478,0.0,0.0,0.0,1.1709041595458984,0.0,0.0,0.24262556433677673,0.0,0.6743360161781311,0.0,0.0,0.0,0.058960579335689545,0.5679570436477661,0.1774945855140686,0.0,0.08774834871292114,0.0,0.08743181079626083,0.0,0.0,0.6788790225982666,0.0,0.0,0.0,0.3279973864555359,0.0,0.0,0.40354645252227783,0.0,0.9141033291816711,0.031235314905643463,0.22882840037345886,0.08674809336662292,0.6285859942436218,0.3392397165298462,0.6391286849975586,0.0,0.4134047329425812,0.0,0.7662435173988342,0.24510523676872253,0.0684429481625557,1.3778717517852783,0.0,1.1119283437728882,0.8666068315505981,0.27392637729644775,0.0,0.3994230329990387,0.0,0.3054143786430359,0.7149168252944946,0.05598796159029007,0.0,0.24647097289562225,0.7178481221199036,0.0,0.0,0.0,0.0,0.31384891271591187,0.17115914821624756,0.7942473292350769,0.31340712308883667,0.44790560007095337,0.7304214239120483,0.15056926012039185,0.5863228440284729,0.0,0.8616654872894287,0.45222869515419006,0.5263693332672119,0.24733690917491913,0.76851886510849,0.0,0.23846636712551117,0.0390978567302227,0.5790935158729553,0.33631038665771484,0.0,0.831019937992096,0.0,0.8035476803779602,0.0,0.4985770285129547,0.7196929454803467,0.5277422666549683,0.4709368646144867,1.0329259634017944,0.0,0.9527344703674316,0.0,0.0,0.0,0.9715039730072021,0.0,0.7384618520736694,0.0,0.0,0.0,0.0,0.9431948661804199,0.2610306739807129,0.7000458836555481,0.0,0.0,0.0,0.0,0.29700565338134766,0.0
/content/drive/MyDrive/494_Project_test_3/COMI/dataset/BPAEC/actin/Z010/Z10_68.jpg,0,actin,0,actin,0.0,0.3831946849822998,0.0,0.3959793150424957,0.0,0.7186661958694458,0.12434259057044983,0.0,0.7820899486541748,0.13661552965641022,0.0,0.20683008432388306,0.0,0.0,0.14719615876674652,0.0,0.6466968059539795,0.0,0.0,0.0,1.296986699104309,0.0,0.0,0.1512525975704193,0.0,0.686549723148346,0.0,0.0,0.0,0.1514194905757904,0.5009151101112366,0.2704177796840668,0.0,0.01682227849960327,0.0,0.0,0.0,0.0,0.7737341523170471,0.0,0.0,0.0,0.43631812930107117,0.0,0.0,0.35236185789108276,0.0,1.0701576471328735,0.0,0.3193298578262329,0.0,0.5030777454376221,0.2615711987018585,0.7125493288040161,0.0,0.30425769090652466,0.0,0.7719866633415222,0.25922539830207825,0.0,1.5432467460632324,0.024623140692710876,1.141129970550537,0.986943781375885,0.35319703817367554,0.0,0.482772558927536,0.0,0.15537965297698975,0.6383616924285889,0.004330920055508614,0.0,0.35743969678878784,0.8048411011695862,0.0,0.0,0.0,0.0,0.4088764786720276,0.21334846317768097,0.913528323173523,0.36747655272483826,0.42090362310409546,0.6428371071815491,0.21718162298202515,0.5058634281158447,0.0,0.7826703190803528,0.55399489402771,0.4168733060359955,0.33345532417297363,0.7465815544128418,0.012086139991879463,0.3141383230686188,0.0,0.6732556819915771,0.39178717136383057,0.0,0.942941427230835,0.0,0.9324764609336853,0.0,0.4765007495880127,0.672333300113678,0.6480552554130554,0.632924497127533,1.1695314645767212,0.0,0.9148603081703186,0.0,0.0,0.0,1.1083015203475952,0.0,0.7014287114143372,0.0,0.0,0.0,0.0,0.8806089162826538,0.14673468470573425,0.8087524771690369,0.017410848289728165,0.0,0.0,0.0,0.22801092267036438,0.0
/content/drive/MyDrive/494_Project_test_3/COMI/dataset/BPAEC/actin/Z010/Z10_69.jpg,0,actin,0,actin,0.0,1.4467494487762451,0.0,1.618809700012207,0.0,2.640883445739746,0.0,0.0,3.007286787033081,0.607428252696991,0.0,0.0,0.0,0.0,0.0,0.0,3.1565659046173096,0.0,0.0,0.0,2.8283374309539795,0.0,0.0,0.0,0.0,2.099292516708374,0.0,0.0,0.0,0.0,1.865445852279663,0.0,0.0,0.4290964901447296,0.0,0.0,0.0,0.0,2.3161110877990723,0.0,0.0,0.0,1.2698477506637573,0.0,0.0,2.3696177005767822,0.0,2.3410425186157227,0.0,0.0,0.5679371953010559,2.2578375339508057,0.0,2.1194651126861572,0.0,1.678489089012146,0.0,3.2079696655273438,0.0,0.0,1.366589069366455,0.0,3.068364143371582,1.9320279359817505,0.0,0.0,1.4996496438980103,0.0,0.23700781166553497,2.6180269718170166,0.0,0.0,0.0,1.9462846517562866,0.0,0.0,0.0,0.0,0.0,0.0,1.9697531461715698,0.8337968587875366,2.141660451889038,3.051990270614624,1.0448881387710571,2.8518505096435547,0.0,2.9443395137786865,1.292351245880127,2.649231433868408,0.0,2.794423818588257,0.0,0.0,0.0,1.8779466152191162,0.0,0.0,2.420163631439209,0.0,2.057328701019287,0.0,0.0,2.453890085220337,1.7360326051712036,0.0,0.42275470495224,0.0,3.3330790996551514,0.0,0.0,0.0,0.0,0.0,2.9750826358795166,0.0,0.0,0.0,0.0,3.2506237030029297,0.0,1.6734672784805298,0.0,0.0,0.0,0.0,1.0975979566574097,0.0
/content/drive/MyDrive/494_Project_test_3/COMI/dataset/BPAEC/actin/Z010/Z10_7.jpg,0,actin,2,nucleus,0.1726585030555725,0.0,0.0,0.0,0.47750234603881836,0.36816921830177307,0.4941917955875397,0.2803426682949066,0.24043820798397064,0.391301691532135,0.18031862378120422,0.627569317817688,0.0,0.3171441853046417,0.5829570293426514,0.3364717960357666,0.10705704241991043,0.24569469690322876,0.0,0.15102000534534454,0.41020604968070984,0.0,0.0,0.6643487215042114,0.0,0.43274542689323425,0.12708069384098053,0.3743332326412201,0.0,0.3789238929748535,0.35148465633392334,0.692266047000885,0.2486158162355423,0.1313323974609375,0.08470311015844345,0.699281632900238,0.0,0.22169353067874908,0.0,0.0,0.26300662755966187,0.2864755690097809,0.0,0.0,0.0,0.0,0.0,0.202810138463974,0.43767809867858887,0.6334161758422852,0.27030616998672485,0.46241363883018494,0.7597121000289917,0.019919348880648613,0.0,0.36622917652130127,0.20081984996795654,0.20113608241081238,0.4948144853115082,0.5741073489189148,1.0267932415008545,0.5272168517112732,0.579870879650116,0.25639864802360535,0.7535231709480286,0.0,0.0,0.2749069035053253,0.6372658610343933,0.39144134521484375,0.2674739956855774,0.0,0.839676022529602,0.2582845091819763,0.0,0.0,0.0,0.4408561587333679,0.7576403617858887,0.6276987791061401,0.08721116185188293,0.03885927423834801,0.12617208063602448,0.31160372495651245,0.0,0.2866319417953491,0.0,0.5324370265007019,0.0,0.16396522521972656,0.6288660168647766,0.323626846075058,0.3904023766517639,0.7066692113876343,0.4815523624420166,0.0,0.7270333766937256,0.24642948806285858,0.22541667520999908,0.0,0.20911702513694763,0.0,0.8719290494918823,0.46663737297058105,0.0,0.49264582991600037,0.857623279094696,0.24610184133052826,0.44769877195358276,0.4422800540924072,0.0,0.1868908852338791,1.0829509496688843,0.4657319188117981,0.3196544945240021,0.0,0.0,0.16654661297798157,0.22132256627082825,0.5386322736740112,0.5341605544090271,0.15183420479297638,0.4492924213409424,0.0,0.0,0.0,0.22314417362213135,0.0
/content/drive/MyDrive/494_Project_test_3/COMI/dataset/BPAEC/actin/Z010/Z10_70.jpg,0,actin,0,actin,0.0,0.6986144185066223,0.0,0.7911167740821838,0.0,1.4962780475616455,0.0,0.0,1.6504549980163574,0.4655402898788452,0.0,0.0,0.0,0.0,0.0,0.0,1.6320629119873047,0.0,0.0,0.0,1.7308340072631836,0.0,0.0,0.0,0.0,1.2528432607650757,0.0,0.0,0.0,0.0,1.1143149137496948,0.0,0.0,0.27107691764831543,0.0,0.0,0.0,0.0,1.2482463121414185,0.0,0.0,0.0,0.6212903261184692,0.0,0.0,1.2104004621505737,0.0,1.348734736442566,0.0,0.0,0.35121622681617737,1.3109724521636963,0.0,1.2086883783340454,0.0,0.9426247477531433,0.0,1.695561170578003,0.0,0.0,1.3005282878875732,0.0,1.8315845727920532,1.1784013509750366,0.0,0.0,0.7516974806785583,0.0,0.36015936732292175,1.5029890537261963,0.06499052792787552,0.0,0.0,1.1413813829421997,0.0,0.0,0.0,0.0,0.0,0.0,1.1881071329116821,0.5121731162071228,1.1324787139892578,1.645577073097229,0.45882678031921387,1.5032892227172852,0.0,1.7197095155715942,0.7130077481269836,1.4068777561187744,0.0,1.5107066631317139,0.0,0.0,0.0,1.0298045873641968,0.0,0.0,1.3583143949508667,0.0,1.1815001964569092,0.0,0.0,1.447638988494873,0.9508320689201355,0.0,0.7121891379356384,0.0,1.8986905813217163,0.0,0.0,0.0,0.1581161469221115,0.0,1.6360760927200317,0.0,0.0,0.0,0.0,1.8728452920913696,0.16052944958209991,0.9739369750022888,0.0,0.0,0.0,0.0,0.6552364826202393,0.0
/content/drive/MyDrive/494_Project_test_3/COMI/dataset/BPAEC/actin/Z010/Z10_71.jpg,0,actin,1,mitochondria,0.19802109897136688,0.0,0.0,0.0,0.5209218859672546,0.5323527455329895,0.30865150690078735,0.3108256161212921,0.3966597616672516,0.4862901568412781,0.14329367876052856,0.41649991273880005,0.0,0.12127998471260071,0.42240914702415466,0.15659254789352417,0.3057610094547272,0.05591907352209091,0.0,0.0,0.5417822003364563,0.0,0.0,0.6601313352584839,0.0,0.5728704929351807,0.13757646083831787,0.17572981119155884,0.0,0.19465334713459015,0.49437326192855835,0.47241926193237305,0.26347267627716064,0.19550740718841553,0.11338692158460617,0.6587647795677185,0.0,0.0652722418308258,0.08251974731683731,0.0,0.29287028312683105,0.3041486442089081,0.0,0.0,0.0,0.16751404106616974,0.0,0.25667810440063477,0.43252259492874146,0.4260300397872925,0.3433436453342438,0.6201171278953552,0.7065209746360779,0.1312834620475769,0.0,0.4647884666919708,0.19188028573989868,0.364311546087265,0.3846147954463959,0.535554826259613,1.0120835304260254,0.30528193712234497,0.7307087779045105,0.3295589089393616,0.5179682970046997,0.0,0.0,0.07653210312128067,0.7194262146949768,0.5578429698944092,0.2955828011035919,0.0,0.575681209564209,0.35868608951568604,0.0,0.0,0.0,0.2288495898246765,0.5298847556114197,0.4652124345302582,0.16578136384487152,0.07988391816616058,0.2783132791519165,0.5134760737419128,0.0,0.451472669839859,0.0,0.7210791110992432,0.007864084094762802,0.33694228529930115,0.4487660527229309,0.46727558970451355,0.2446853369474411,0.4858561158180237,0.3735907971858978,0.08864274621009827,0.5756617784500122,0.2665694057941437,0.30357491970062256,0.0,0.26005569100379944,0.0,0.8072351217269897,0.6064363718032837,0.0,0.37702247500419617,0.7947933077812195,0.05121336877346039,0.6325340270996094,0.4475139379501343,0.0,0.2074238806962967,0.9425181746482849,0.40925276279449463,0.5115165710449219,0.0,0.0,0.07899123430252075,0.18998035788536072,0.736223578453064,0.558646559715271,0.19433219730854034,0.24975785613059998,0.0,0.0,0.027654442936182022,0.3213593661785126,0.0
/content/drive/MyDrive/494_Project_test_3/COMI/dataset/BPAEC/actin/Z010/Z10_72.jpg,0,actin,0,actin,0.0,0.10793980211019516,0.0,0.18042410910129547,0.2287563532590866,0.6457870602607727,0.17228718101978302,0.08434627950191498,0.6145797967910767,0.33452755212783813,0.0,0.26751405000686646,0.0,0.0,0.21897578239440918,0.03710200637578964,0.4879148602485657,0.0,0.0,0.0,0.8710213899612427,0.0,0.0,0.4127008020877838,0.0,0.6223975419998169,0.0,0.0,0.0,0.12046902626752853,0.5073582530021667,0.32002443075180054,0.0,0.11280525475740433,0.0,0.3313281834125519,0.0,0.0,0.40168628096580505,0.0,0.0713626891374588,0.03671880066394806,0.05165403336286545,0.0,0.0,0.29360732436180115,0.0,0.6197965741157532,0.17508859932422638,0.3115200698375702,0.18904687464237213,0.5999854207038879,0.47673285007476807,0.42320311069488525,0.0,0.4295344650745392,0.0,0.5937429070472717,0.2978129982948303,0.30184558033943176,1.224289894104004,0.1034182608127594,0.9364182353019714,0.5971601605415344,0.39360707998275757,0.0,0.17088106274604797,0.0,0.4474453926086426,0.6472489237785339,0.14145821332931519,0.0,0.3985391855239868,0.5459055304527283,0.0,0.0,0.0,0.04276078939437866,0.4237743616104126,0.30184534192085266,0.5068554878234863,0.2217099368572235,0.3688715696334839,0.5993913412094116,0.0,0.532745897769928,0.0,0.7913361191749573,0.24359434843063354,0.4230393171310425,0.3275192975997925,0.6123793721199036,0.09284895658493042,0.3420959413051605,0.1587701290845871,0.33951014280319214,0.42216795682907104,0.002043980173766613,0.5978879332542419,0.0,0.5528286099433899,0.0,0.6245046854019165,0.6856446266174316,0.2705869972705841,0.4300636947154999,0.92823725938797,0.0,0.8060591816902161,0.12092063575983047,0.0,0.0,0.9640580415725708,0.040164679288864136,0.637860119342804,0.0,0.0,0.0,0.0,0.8380330801010132,0.3556995093822479,0.4654069244861603,0.08553816378116608,0.0,0.0,0.0,0.28648391366004944,0.0
/content/drive/MyDrive/494_Project_test_3/COMI/dataset/BPAEC/actin/Z010/Z10_73.jpg,0,actin,0,actin,0.0,0.25531795620918274,0.0,0.29759281873703003,0.1796545535326004,0.830494225025177,0.0,0.03928091377019882,0.8471128344535828,0.3813508152961731,0.0,0.039403267204761505,0.0,0.0,0.014161592349410057,0.0,0.7035185694694519,0.0,0.0,0.0,1.064871072769165,0.0,0.0,0.3444506824016571,0.0,0.7598926424980164,0.0,0.0,0.0,0.0,0.6422742009162903,0.08816657960414886,0.0,0.14309729635715485,0.0,0.1886991411447525,0.0,0.0,0.5613458156585693,0.0,0.029910985380411148,0.0,0.1882966011762619,0.0,0.0,0.47778257727622986,0.0,0.7979001402854919,0.07062719017267227,0.10055244714021683,0.21884000301361084,0.7533689141273499,0.3946530818939209,0.5800739526748657,0.0,0.5383448600769043,0.0,0.8228294253349304,0.19725430011749268,0.1823362112045288,1.2773585319519043,0.0,1.1340906620025635,0.7503829598426819,0.19533449411392212,0.0,0.32062187790870667,0.0,0.4619894325733185,0.8043696284294128,0.13461089134216309,0.0,0.12893353402614594,0.6999010443687439,0.0,0.0,0.0,0.0,0.2402288317680359,0.13212211430072784,0.6687869429588318,0.28122180700302124,0.5203266739845276,0.8259546160697937,0.08956678956747055,0.7165225148200989,0.0,0.9849091172218323,0.35546237230300903,0.63318932056427,0.15267905592918396,0.8366426825523376,0.0,0.14219434559345245,0.04512080177664757,0.4802315831184387,0.25992119312286377,0.0,0.7886534929275513,0.0,0.71989506483078,0.0,0.5030317306518555,0.8091122508049011,0.4244128465652466,0.32803234457969666,0.9451165795326233,0.0,1.0135924816131592,0.04231095314025879,0.0,0.0,0.8683204650878906,0.0,0.8150138854980469,0.0,0.0,0.0,0.0,1.0584830045700073,0.3390572965145111,0.5998298525810242,0.0,0.0,0.0,0.0,0.3492433726787567,0.0
/content/drive/MyDrive/494_Project_test_3/COMI/dataset/BPAEC/actin/Z010/Z10_74.jpg,0,actin,0,actin,0.0,0.21269366145133972,0.0,0.23838159441947937,0.11396956443786621,0.6513100862503052,0.14990633726119995,0.022513076663017273,0.6689377427101135,0.2832397222518921,0.0,0.22264932096004486,0.0,0.0,0.1782880574464798,0.012770198285579681,0.5288619995117188,0.0,0.0,0.0,0.9807245135307312,0.0,0.0,0.319097638130188,0.0,0.6239996552467346,0.0,0.0,0.0,0.09887104481458664,0.4952409863471985,0.2770878076553345,0.0,0.08767387270927429,0.0,0.2018820196390152,0.0,0.0,0.5341922044754028,0.0,0.0,0.0,0.1766042411327362,0.0,0.0,0.31452104449272156,0.0,0.7425448298454285,0.10109871625900269,0.2856654226779938,0.12146776914596558,0.5779288411140442,0.3888775408267975,0.5038303136825562,0.0,0.38965460658073425,0.0,0.6534552574157715,0.27712100744247437,0.167199045419693,1.269888997077942,0.05712120234966278,0.9752817153930664,0.7209640145301819,0.3471527695655823,0.0,0.27825820446014404,0.0,0.3453088104724884,0.6254218816757202,0.08442553132772446,0.0,0.3482929468154907,0.6092912554740906,0.0,0.0,0.0,0.024912908673286438,0.3867033123970032,0.2592145502567291,0.6306043863296509,0.2522515654563904,0.37411123514175415,0.6130117774009705,0.06331972032785416,0.5150027871131897,0.0,0.7678061723709106,0.3279199004173279,0.44004157185554504,0.30808281898498535,0.6638672947883606,0.0561666414141655,0.3120993971824646,0.1255057454109192,0.43887266516685486,0.40440094470977783,0.0,0.708232045173645,0.0,0.6521633267402649,0.0,0.5342388153076172,0.6678827404975891,0.3913975954055786,0.45976337790489197,0.9683037996292114,0.0,0.831393301486969,0.03454793989658356,0.0,0.0,0.9468965530395508,0.0,0.645615816116333,0.0,0.0,0.0,0.0,0.8270725011825562,0.2893507778644562,0.5661401152610779,0.04527684673666954,0.0,0.0,0.0,0.2669967710971832,0.0
/content/drive/MyDrive/494_Project_test_3/COMI/dataset/BPAEC/actin/Z010/Z10_75.jpg,0,actin,0,actin,0.0,0.6790266633033752,0.0,0.8597868084907532,0.011035431176424026,1.7111912965774536,0.0,0.0,1.8340011835098267,0.5737934708595276,0.0,0.0,0.0,0.0,0.0,0.0,1.9896129369735718,0.0,0.0,0.0,1.6804345846176147,0.0,0.0,0.0,0.0,1.4183547496795654,0.0,0.0,0.0,0.0,1.285874366760254,0.0,0.0,0.3687041699886322,0.0,0.0,0.0,0.0,1.2895138263702393,0.0,0.0,0.0,0.4749690592288971,0.0,0.0,1.4487193822860718,0.0,1.2308262586593628,0.0,0.0,0.5776764154434204,1.5876309871673584,0.0,1.1982778310775757,0.0,1.21626615524292,0.0,1.9847959280014038,0.0,0.0,0.9331037402153015,0.0,1.9719966650009155,1.0442276000976562,0.0,0.0,0.7084158658981323,0.0,0.4507499635219574,1.7753239870071411,0.16027094423770905,0.0,0.0,1.1097638607025146,0.0,0.0,0.0,0.0,0.0,0.0,1.040012001991272,0.4447818696498871,1.373618721961975,1.9802435636520386,0.4620738625526428,1.8943183422088623,0.0,1.9922640323638916,0.597908079624176,1.7117999792099,0.0,1.7271473407745361,0.0,0.0,0.0,1.0382310152053833,0.0,0.0,1.3425973653793335,0.0,1.0839763879776,0.0,0.0,1.747428059577942,0.8164119124412537,0.0,0.2775854766368866,0.0,2.2025482654571533,0.0,0.0,0.0,0.0,0.0,1.9847402572631836,0.0,0.0,0.0,0.0,2.1574697494506836,0.18893776834011078,0.8663708567619324,0.0,0.0,0.0,0.0,0.8179712295532227,0.0
/content/drive/MyDrive/494_Project_test_3/COMI/dataset/BPAEC/actin/Z010/Z10_76.jpg,0,actin,0,actin,0.0,0.5297155380249023,0.0,0.64448082447052,0.0,1.1402026414871216,0.0,0.0,1.2601121664047241,0.2350865751504898,0.0,0.0,0.0,0.0,0.0,0.0,1.2259541749954224,0.0,0.0,0.0,1.5110905170440674,0.0,0.0,0.0,0.0,0.964608907699585,0.0,0.0,0.0,0.0,0.7986903786659241,0.0,0.0,0.11175370216369629,0.0,0.0,0.0,0.0,1.030140995979309,0.0,0.0,0.0,0.5321663022041321,0.0,0.0,0.8262056708335876,0.0,1.2303773164749146,0.0,0.0,0.16388235986232758,0.9047512412071228,0.0,0.9910932779312134,0.0,0.6569724082946777,0.0,1.308414101600647,0.0,0.0,1.3564436435699463,0.0,1.5236334800720215,1.0415780544281006,0.0,0.0,0.6164001226425171,0.0,0.17553886771202087,1.1208628416061401,0.007073381915688515,0.0,0.0,0.9627549052238464,0.0,0.0,0.0,0.0,0.0,0.0,1.0505657196044922,0.4559820592403412,0.8126339912414551,1.186170220375061,0.3549423813819885,1.091138482093811,0.0,1.2811020612716675,0.6425893902778625,0.9389380216598511,0.0,1.1439392566680908,0.0,0.0,0.0,0.8656265139579773,0.0,0.0,1.167005181312561,0.0,1.0678772926330566,0.0,0.05621761083602905,1.1224682331085205,0.7764156460762024,0.04809127002954483,0.8439804315567017,0.0,1.4680753946304321,0.0,0.0,0.0,0.493253618478775,0.0,1.229144811630249,0.0,0.0,0.0,0.0,1.4152710437774658,0.08593592047691345,0.8985441327095032,0.0,0.0,0.0,0.0,0.44604387879371643,0.0
/content/drive/MyDrive/494_Project_test_3/COMI/dataset/BPAEC/actin/Z010/Z10_77.jpg,0,actin,0,actin,0.0,0.5532674193382263,0.0,0.6744408011436462,0.0,1.3001610040664673,0.0,0.0,1.4172465801239014,0.3331267833709717,0.0,0.0,0.0,0.0,0.0,0.0,1.4854201078414917,0.0,0.0,0.0,1.4711717367172241,0.0,0.0,0.0,0.0,1.0825709104537964,0.0,0.0,0.0,0.0,0.9296918511390686,0.0,0.0,0.20145663619041443,0.0,0.0,0.0,0.0,1.0881972312927246,0.0,0.0,0.0,0.4468842148780823,0.0,0.0,0.992582380771637,0.0,1.1699851751327515,0.0,0.0,0.33439916372299194,1.1403027772903442,0.0,0.953010618686676,0.0,0.882796049118042,0.0,1.5318509340286255,0.0,0.0,1.066837191581726,0.0,1.6217635869979858,0.9835465550422668,0.0,0.0,0.6081783771514893,0.0,0.24629199504852295,1.3101667165756226,0.08091815561056137,0.0,0.0,0.9384894967079163,0.0,0.0,0.0,0.0,0.0,0.0,0.9402514100074768,0.38610556721687317,0.980816125869751,1.457944393157959,0.3551245331764221,1.381858229637146,0.0,1.475737452507019,0.5535300374031067,1.2025736570358276,0.0,1.3504998683929443,0.0,0.0,0.0,0.882394015789032,0.0,0.0,1.1856712102890015,0.0,1.0252364873886108,0.0,0.0,1.3243379592895508,0.6767202019691467,0.0,0.5246648788452148,0.0,1.7019751071929932,0.0,0.0,0.0,0.0,0.0,1.467692255973816,0.0,0.0,0.0,0.0,1.6220481395721436,0.12543782591819763,0.844482958316803,0.0,0.0,0.0,0.0,0.5702577829360962,0.0
/content/drive/MyDrive/494_Project_test_3/COMI/dataset/BPAEC/actin/Z010/Z10_78.jpg,0,actin,0,actin,0.0,0.31267762184143066,0.0,0.3828156888484955,0.021602679044008255,0.8255936503410339,0.0,0.0,0.8608255386352539,0.20778179168701172,0.0,0.0,0.0,0.0,0.0,0.0,0.8207520246505737,0.0,0.0,0.0,1.139207363128662,0.0,0.0,0.1610177457332611,0.0,0.7232517600059509,0.0,0.0,0.0,0.0,0.5712831616401672,0.0,0.0,0.06722947210073471,0.0,0.0,0.0,0.0,0.7129737734794617,0.0,0.0,0.0,0.2502340078353882,0.0,0.0,0.44195592403411865,0.0,0.9547848105430603,0.0,0.0,0.13448764383792877,0.6742168068885803,0.13346873223781586,0.581722617149353,0.0,0.5085276365280151,0.0,0.906156063079834,0.0,0.0,1.2579032182693481,0.0,1.186474323272705,0.8291438221931458,0.0,0.0,0.39395543932914734,0.0,0.26351189613342285,0.7693184614181519,0.08196506649255753,0.0,0.0,0.7250226736068726,0.0,0.0,0.0,0.0,0.008212819695472717,0.0,0.7029604315757751,0.2717139422893524,0.5056045055389404,0.8401816487312317,0.1609053611755371,0.7523787617683411,0.0,0.9242141246795654,0.41664743423461914,0.5645779371261597,0.0,0.8809393048286438,0.0,0.0,0.0,0.5726858377456665,0.0,0.0,0.88102126121521,0.0,0.8250382542610168,0.0,0.22694997489452362,0.8049330115318298,0.43102940917015076,0.2179175764322281,0.8835693597793579,0.0,1.051084280014038,0.0,0.0,0.0,0.6971740126609802,0.0,0.8500492572784424,0.0,0.0,0.0,0.0,1.027726650238037,0.18410244584083557,0.709337055683136,0.0,0.0,0.0,0.0,0.320174902677536,0.0
/content/drive/MyDrive/494_Project_test_3/COMI/dataset/BPAEC/actin/Z010/Z10_79.jpg,0,actin,0,actin,0.0,0.3054715692996979,0.0,0.4279443919658661,0.16526658833026886,1.0721932649612427,0.0,0.0,1.1024973392486572,0.4422636032104492,0.0,0.0,0.0,0.0,0.0,0.0,1.1139740943908691,0.0,0.0,0.0,1.1360472440719604,0.0,0.0,0.21234408020973206,0.0,0.9228989481925964,0.0,0.0,0.0,0.0,0.8282808065414429,0.0,0.0,0.23387813568115234,0.0,0.0,0.0,0.0,0.7531647682189941,0.0,0.04794265702366829,0.0,0.170918807387352,0.0,0.0,0.7702074646949768,0.0,0.8195928931236267,0.0,0.0,0.38239553570747375,1.035058617591858,0.0941622406244278,0.7013219594955444,0.0,0.7825401425361633,0.0,1.1604324579238892,0.0,0.04444415122270584,1.0318326950073242,0.0,1.3284835815429688,0.7225328087806702,0.0,0.0,0.3506075441837311,0.0,0.46875664591789246,1.1227549314498901,0.16465796530246735,0.0,0.0,0.7146873474121094,0.0,0.0,0.0,0.0,0.0,0.0,0.6602689027786255,0.2747650444507599,0.7620950937271118,1.1796975135803223,0.15369024872779846,1.1178135871887207,0.0,1.2887550592422485,0.341181218624115,0.9641348123550415,0.0,1.0523419380187988,0.0,0.0,0.0,0.5861621499061584,0.0,0.0,0.8514020442962646,0.0,0.7101089358329773,0.0,0.13060155510902405,1.1311705112457275,0.4303095042705536,0.0,0.5858461856842041,0.0,1.389132022857666,0.0,0.0,0.0,0.2761533856391907,0.0,1.1902421712875366,0.0,0.0,0.0,0.0,1.3819234371185303,0.3035208284854889,0.5786803364753723,0.0,0.0,0.0,0.0,0.5301157832145691,0.0
/content/drive/MyDrive/494_Project_test_3/COMI/dataset/BPAEC/actin/Z010/Z10_8.jpg,0,actin,0,actin,0.0,0.3525776267051697,0.0,0.4144681692123413,0.0,0.8373703360557556,0.0,0.0,0.8982428312301636,0.2001621276140213,0.0,0.0,0.0,0.0,0.0,0.0,0.8000659942626953,0.0,0.0,0.0,1.208048939704895,0.0,0.0,0.1400764286518097,0.0,0.7471242547035217,0.0,0.0,0.0,0.0,0.5785887837409973,0.0,0.0,0.0573311410844326,0.0,0.0,0.0,0.0,0.7249163389205933,0.0,0.0,0.0,0.34340018033981323,0.0,0.0,0.4741545021533966,0.0,0.99703449010849,0.0,0.0,0.1007075384259224,0.6502557992935181,0.1755431592464447,0.6776552200317383,0.0,0.47232720255851746,0.0,0.9148120284080505,0.029224123805761337,0.0,1.3302241563796997,0.0,1.2091033458709717,0.8716465830802917,0.016154609620571136,0.0,0.4389384686946869,0.0,0.2260815054178238,0.7842039465904236,0.047224290668964386,0.0,0.0,0.7728130221366882,0.0,0.0,0.0,0.0,0.11071494221687317,0.0,0.8078625798225403,0.3381408154964447,0.5328007936477661,0.817922055721283,0.1957210898399353,0.7244389653205872,0.0,0.9319539666175842,0.47698014974594116,0.5856815576553345,0.039802927523851395,0.8699590563774109,0.0,0.0,0.0,0.626174807548523,0.07837143540382385,0.0,0.9265254735946655,0.0,0.878934919834137,0.0,0.3134508728981018,0.8143659830093384,0.5325666069984436,0.3051312565803528,0.950406551361084,0.0,1.0578522682189941,0.0,0.0,0.0,0.7968583106994629,0.0,0.851759672164917,0.0,0.0,0.0,0.0,1.0341689586639404,0.17280302941799164,0.7488714456558228,0.0,0.0,0.0,0.0,0.29982882738113403,0.0
/content/drive/MyDrive/494_Project_test_3/COMI/dataset/BPAEC/actin/Z010/Z10_80.jpg,0,actin,0,actin,0.0,1.1237491369247437,0.0,1.1739883422851562,0.0,1.3742893934249878,0.0,0.0,1.7614481449127197,0.0,0.0,0.0,0.0,0.0,0.0,0.0,1.716827154159546,0.0,0.0,0.0,2.3646247386932373,0.0,0.0,0.0,0.0,1.0440155267715454,0.0,0.0,0.0,0.0,0.8107249140739441,0.0,0.0,0.0,0.0,0.0,0.0,0.0,1.8944753408432007,0.0,0.0,0.0,1.3421589136123657,0.0,0.0,1.1050500869750977,0.0,2.148499011993408,0.0,0.0,0.0,0.8141667246818542,0.0,1.669729232788086,0.0,0.5142508745193481,0.0,1.8393809795379639,0.0,0.0,1.7859125137329102,0.0,1.9945766925811768,1.7770202159881592,0.0,0.0,1.2636038064956665,0.0,0.0,1.2832797765731812,0.0,0.0,0.0,1.4278589487075806,0.0,0.0,0.0,0.0,0.0,0.0,1.8924494981765747,0.7702479958534241,1.015638828277588,1.426352620124817,0.8542145490646362,1.248572826385498,0.0,1.376915454864502,1.2694640159606934,1.104650616645813,0.0,1.504640817642212,0.0,0.0,0.0,1.5579063892364502,0.0,0.0,1.8798283338546753,0.0,1.8255504369735718,0.0,0.0,1.2232794761657715,1.5395698547363281,0.12980341911315918,1.086379885673523,0.0,1.875282645225525,0.0,0.0,0.0,0.4040661156177521,0.0,1.5214945077896118,0.0,0.0,0.0,0.0,1.6017963886260986,0.0,1.594580054283142,0.0,0.0,0.0,0.0,0.3680940568447113,0.0
/content/drive/MyDrive/494_Project_test_3/COMI/dataset/BPAEC/actin/Z010/Z10_81.jpg,0,actin,0,actin,0.0,0.5400973558425903,0.0,0.6326620578765869,0.0,1.1629513502120972,0.0,0.0,1.2649037837982178,0.2977107763290405,0.0,0.0,0.0,0.0,0.0,0.0,1.2487066984176636,0.0,0.0,0.0,1.4950873851776123,0.0,0.0,0.012755252420902252,0.0,1.0040134191513062,0.0,0.0,0.0,0.0,0.8338609337806702,0.0,0.0,0.14419960975646973,0.0,0.0,0.0,0.0,1.0131759643554688,0.0,0.0,0.0,0.4950120747089386,0.0,0.0,0.8435365557670593,0.0,1.193098545074463,0.0,0.0,0.2124825119972229,0.9524421095848083,0.0,0.9591425657272339,0.0,0.6891262531280518,0.0,1.3209563493728638,0.0,0.0,1.3119022846221924,0.0,1.531571865081787,1.0372010469436646,0.0,0.0,0.6091060042381287,0.0,0.2496756911277771,1.1372970342636108,0.03983832150697708,0.0,0.0,0.9729217886924744,0.0,0.0,0.0,0.0,0.0,0.0,1.0157039165496826,0.43636080622673035,0.8401647210121155,1.2339032888412476,0.35239988565444946,1.119779109954834,0.0,1.311414122581482,0.6192612051963806,0.9689229726791382,0.0,1.187308669090271,0.0,0.0,0.0,0.8547943234443665,0.0,0.0,1.1579623222351074,0.0,1.0463447570800781,0.0,0.044415295124053955,1.1339294910430908,0.7562984824180603,0.006262948736548424,0.8104678392410278,0.0,1.4867112636566162,0.0,0.0,0.0,0.4409926235675812,0.0,1.2605748176574707,0.0,0.0,0.0,0.0,1.4443447589874268,0.12717418372631073,0.8725290298461914,0.0,0.0,0.0,0.0,0.4719402492046356,0.0
/content/drive/MyDrive/494_Project_test_3/COMI/dataset/BPAEC/actin/Z010/Z10_82.jpg,0,actin,0,actin,0.0,0.32875722646713257,0.0,0.39863428473472595,0.14220677316188812,0.9706617593765259,0.0,0.0,1.0072773694992065,0.4073745608329773,0.0,0.0,0.0,0.0,0.0,0.0,0.9367128610610962,0.0,0.0,0.0,1.17989182472229,0.0,0.0,0.25129619240760803,0.0,0.8637095093727112,0.0,0.0,0.0,0.0,0.7575349807739258,0.0,0.0,0.1927068829536438,0.0,0.04583379998803139,0.0,0.0,0.7179121971130371,0.0,0.021433841437101364,0.0,0.25676584243774414,0.0,0.0,0.6603044271469116,0.0,0.8593577146530151,0.0,0.0,0.27640417218208313,0.8923364281654358,0.23374922573566437,0.7252871990203857,0.0,0.6342599391937256,0.0,1.0091935396194458,0.0,0.10519219189882278,1.2107305526733398,0.0,1.2602136135101318,0.7934872508049011,0.0,0.0,0.38299769163131714,0.0,0.44405797123908997,0.9846434593200684,0.12128844112157822,0.0,0.0,0.7522962093353271,0.0,0.0,0.0,0.0,0.0,0.0,0.7547258734703064,0.3258166015148163,0.6653175354003906,1.010034203529358,0.16767233610153198,0.9077303409576416,0.0,1.1551200151443481,0.40909212827682495,0.8178554773330688,0.0,0.9421080946922302,0.0,0.0,0.0,0.6012983322143555,0.0,0.0,0.8580231666564941,0.0,0.7534876465797424,0.0,0.3337538242340088,0.9850656986236572,0.5231835246086121,0.14467063546180725,0.8045655488967896,0.0,1.2343838214874268,0.0,0.0,0.0,0.6096795797348022,0.0,1.0266592502593994,0.0,0.0,0.0,0.0,1.2384588718414307,0.3029060661792755,0.6311677694320679,0.0,0.0,0.0,0.0,0.4498606324195862,0.0
/content/drive/MyDrive/494_Project_test_3/COMI/dataset/BPAEC/actin/Z010/Z10_83.jpg,0,actin,0,actin,0.0,0.4038524031639099,0.0,0.481696754693985,0.2529153823852539,1.2412207126617432,0.0,0.027775250375270844,1.2652177810668945,0.5889820456504822,0.0,0.0,0.0,0.0,0.0,0.0,1.2537493705749512,0.0,0.0,0.0,1.2697631120681763,0.0,0.0,0.2837163209915161,0.0,1.0875414609909058,0.0,0.0,0.0,0.0,0.991407573223114,0.0,0.0,0.31280040740966797,0.0,0.0,0.0,0.0,0.802789032459259,0.0,0.11064688861370087,0.0,0.22060967981815338,0.0,0.0,0.9292374849319458,0.0,0.8818585872650146,0.0,0.0,0.466406911611557,1.2123792171478271,0.15566463768482208,0.7915081977844238,0.0,0.896554708480835,0.0,1.2942644357681274,0.0,0.047344692051410675,1.0805071592330933,0.0,1.481431484222412,0.826831579208374,0.0,0.0,0.4300678074359894,0.0,0.6281319260597229,1.2675672769546509,0.2179381102323532,0.0,0.0,0.8556366562843323,0.0,0.0,0.0,0.0,0.0,0.0,0.7456535696983337,0.31869515776634216,0.9070711135864258,1.379361629486084,0.2061372995376587,1.2616389989852905,0.0,1.4876445531845093,0.4032018482685089,1.1571992635726929,0.0,1.230082631111145,0.0,0.0,0.0,0.6606757044792175,0.0,0.0,0.9598647356033325,0.0,0.7935786843299866,0.0,0.15866883099079132,1.2452411651611328,0.5384348034858704,0.0,0.6259195804595947,0.0,1.5458340644836426,0.0,0.0,0.0,0.27276524901390076,0.0,1.340065836906433,0.0,0.0,0.0,0.0,1.5946171283721924,0.38074588775634766,0.6282999515533447,0.0,0.0,0.0,0.0,0.6180620789527893,0.0
/content/drive/MyDrive/494_Project_test_3/COMI/dataset/BPAEC/actin/Z010/Z10_84.jpg,0,actin,0,actin,0.0,0.985379695892334,0.0,1.130418300628662,0.0,1.8195250034332275,0.0,0.0,2.061069965362549,0.36447030305862427,0.0,0.0,0.0,0.0,0.0,0.0,2.1393625736236572,0.0,0.0,0.0,2.17120623588562,0.0,0.0,0.0,0.0,1.4818798303604126,0.0,0.0,0.0,0.0,1.2810786962509155,0.0,0.0,0.2416425347328186,0.0,0.0,0.0,0.0,1.6752245426177979,0.0,0.0,0.0,0.9284560084342957,0.0,0.0,1.5397720336914062,0.0,1.7797791957855225,0.0,0.0,0.3130807876586914,1.4784026145935059,0.0,1.5706984996795654,0.0,1.0735219717025757,0.0,2.1899168491363525,0.0,0.0,1.389984130859375,0.0,2.2420241832733154,1.4838111400604248,0.0,0.0,1.061975359916687,0.0,0.15344369411468506,1.7968956232070923,0.0,0.0,0.0,1.441657304763794,0.0,0.0,0.0,0.0,0.0,0.0,1.5366853475570679,0.6591633558273315,1.4244322776794434,2.02831768989563,0.7216691970825195,1.873426079750061,0.0,2.0221829414367676,0.9851170182228088,1.694705843925476,0.0,1.8905407190322876,0.0,0.0,0.0,1.3863834142684937,0.0,0.0,1.7563258409500122,0.0,1.5494014024734497,0.0,0.0,1.7238311767578125,1.2686823606491089,0.0,0.6548387408256531,0.0,2.326862335205078,0.0,0.0,0.0,0.0,0.0,2.043477773666382,0.0,0.0,0.0,0.0,2.233658790588379,0.0,1.2818175554275513,0.0,0.0,0.0,0.0,0.737686276435852,0.0
/content/drive/MyDrive/494_Project_test_3/COMI/dataset/BPAEC/actin/Z010/Z10_85.jpg,0,actin,1,mitochondria,0.12105606496334076,0.0,0.0,0.0,0.4333536624908447,0.5280619859695435,0.12415752559900284,0.1461179554462433,0.4392513930797577,0.417760968208313,0.0,0.16998255252838135,0.0,0.0,0.13706398010253906,0.0,0.37017008662223816,0.0,0.0,0.0,0.4725814759731293,0.0,0.0,0.5476455688476562,0.0,0.5223310589790344,0.07208557426929474,0.0,0.0,0.01598019152879715,0.45766890048980713,0.287589430809021,0.1496039181947708,0.16519293189048767,0.07514312863349915,0.4481111168861389,0.0,0.0,0.10051516443490982,0.0,0.2399037778377533,0.17585346102714539,0.0,0.0,0.0,0.18932849168777466,0.0,0.2470671534538269,0.29113978147506714,0.21804259717464447,0.35593923926353455,0.6266201138496399,0.5503108501434326,0.11013554036617279,0.0,0.5166444778442383,0.05247102305293083,0.4503405690193176,0.18692031502723694,0.44920220971107483,0.8616190552711487,0.06160476803779602,0.7192525863647461,0.24817001819610596,0.2887909710407257,0.0,0.0,0.0,0.6018224954605103,0.5903197526931763,0.2697520852088928,0.0,0.27284982800483704,0.27374812960624695,0.0,0.0,0.0,0.0,0.3275027275085449,0.2160930186510086,0.09636770188808441,0.027079254388809204,0.2941437363624573,0.5401284098625183,0.0,0.5504882335662842,0.0,0.7232953310012817,0.0,0.3853149712085724,0.21883445978164673,0.4974499046802521,0.04948297142982483,0.2350565642118454,0.13958144187927246,0.05190376564860344,0.2962825298309326,0.17271728813648224,0.308943510055542,0.0,0.2431412637233734,0.0,0.6084752082824707,0.6494662165641785,0.0,0.18065568804740906,0.641943633556366,0.0,0.6623287200927734,0.30000272393226624,0.0,0.13661278784275055,0.7075517773628235,0.1320389211177826,0.5560130476951599,0.0,0.0,0.0,0.008831750601530075,0.7381947040557861,0.48541343212127686,0.1632799208164215,0.0305996872484684,0.0,0.0,0.0,0.2973500192165375,0.0
/content/drive/MyDrive/494_Project_test_3/COMI/dataset/BPAEC/actin/Z010/Z10_86.jpg,0,actin,0,actin,0.0,0.495571106672287,0.0,0.631170392036438,0.050316210836172104,1.3249553442001343,0.0,0.0,1.3899768590927124,0.4328646957874298,0.0,0.0,0.0,0.0,0.0,0.0,1.4845467805862427,0.0,0.0,0.0,1.4119462966918945,0.0,0.0,0.044791705906391144,0.0,1.1229857206344604,0.0,0.0,0.0,0.0,0.9817101359367371,0.0,0.0,0.2561238408088684,0.0,0.0,0.0,0.0,1.0122610330581665,0.0,0.0,0.0,0.34219983220100403,0.0,0.0,1.0089470148086548,0.0,1.0653769969940186,0.0,0.0,0.41422417759895325,1.2082927227020264,0.0,0.8984570503234863,0.0,0.928581953048706,0.0,1.5017412900924683,0.0,0.0,1.0345653295516968,0.0,1.6135724782943726,0.9177007675170898,0.0,0.0,0.5393911600112915,0.0,0.3946669399738312,1.3465596437454224,0.14747393131256104,0.0,0.0,0.9169085025787354,0.0,0.0,0.0,0.0,0.0,0.0,0.8467829823493958,0.35214686393737793,0.9978288412094116,1.4925087690353394,0.3114645183086395,1.4129804372787476,0.0,1.5325608253479004,0.4923158884048462,1.2172168493270874,0.0,1.341871976852417,0.0,0.0,0.0,0.81893390417099,0.0,0.0,1.1020005941390991,0.0,0.9331831336021423,0.0,0.0,1.3534772396087646,0.6067264676094055,0.0,0.4908857047557831,0.0,1.710436224937439,0.0,0.0,0.0,0.0,0.0,1.4971956014633179,0.0,0.0,0.0,0.0,1.6684702634811401,0.20899592339992523,0.7579514384269714,0.0,0.0,0.0,0.0,0.6231564879417419,0.0
/content/drive/MyDrive/494_Project_test_3/COMI/dataset/BPAEC/actin/Z010/Z10_87.jpg,0,actin,0,actin,0.0,0.42913955450057983,0.0,0.48006942868232727,0.0,0.8765220642089844,0.0,0.0,0.931969165802002,0.17720137536525726,0.0,0.0,0.0,0.0,0.0,0.0,0.923490047454834,0.0,0.0,0.0,1.3193249702453613,0.0,0.0,0.09058202803134918,0.0,0.7889838814735413,0.0,0.0,0.0,0.0,0.6227585673332214,0.0,0.0,0.06216650456190109,0.0,0.0,0.0,0.0,0.8476517796516418,0.0,0.0,0.0,0.4040509760379791,0.0,0.0,0.5004005432128906,0.0,1.123632550239563,0.0,0.0,0.0812542736530304,0.6628342270851135,0.07756128162145615,0.7202398180961609,0.0,0.4509819746017456,0.0,0.9602977633476257,0.0,0.0,1.3831983804702759,0.0,1.2845008373260498,0.9830157160758972,0.0,0.0,0.5066967010498047,0.0,0.22360701858997345,0.8055287599563599,0.04488649219274521,0.0,0.0,0.8592740893363953,0.0,0.0,0.0,0.0,0.0,0.0,0.8679304122924805,0.3493894934654236,0.5630679726600647,0.9049233794212341,0.2738134562969208,0.7564204931259155,0.0,0.9692883491516113,0.5811433792114258,0.5690077543258667,0.0,0.9332866072654724,0.0,0.0,0.0,0.7320547699928284,0.0,0.0,1.0004900693893433,0.0,0.9772321581840515,0.0,0.22124598920345306,0.8141385912895203,0.6128399968147278,0.3124766945838928,0.967411994934082,0.0,1.1230552196502686,0.0,0.0,0.0,0.7580116987228394,0.0,0.9167016744613647,0.0,0.0,0.0,0.0,1.086591124534607,0.1203223168849945,0.8286072611808777,0.0,0.0,0.0,0.0,0.3386390507221222,0.0
/content/drive/MyDrive/494_Project_test_3/COMI/dataset/BPAEC/actin/Z010/Z10_88.jpg,0,actin,1,mitochondria,0.14248570799827576,0.029691139236092567,0.0,0.13111914694309235,0.44428783655166626,0.7864470481872559,0.0,0.16550028324127197,0.6893907189369202,0.5184392929077148,0.0,0.0,0.0,0.0,0.0,0.0,0.67955482006073,0.0,0.0,0.0,0.6918475031852722,0.0,0.0,0.517825186252594,0.0,0.7399272322654724,0.07064470648765564,0.0,0.0,0.0,0.6554214358329773,0.0,0.10896744579076767,0.2454167902469635,0.08721032738685608,0.3216678500175476,0.0,0.0,0.3171091079711914,0.0,0.23267528414726257,0.1793900579214096,0.0,0.0,0.0,0.43610599637031555,0.0,0.4152502417564392,0.21818064153194427,0.0,0.42754891514778137,0.8675798177719116,0.4232827126979828,0.27736082673072815,0.0,0.6741958260536194,0.0,0.7260075211524963,0.0,0.3245733678340912,0.9033990502357483,0.0,0.9765559434890747,0.4127519726753235,0.0,0.0,0.05099867284297943,0.0,0.6934412121772766,0.8220820426940918,0.2943280041217804,0.0,0.0,0.4597334861755371,0.0,0.0,0.0,0.0,0.0,0.0,0.24068939685821533,0.10124008357524872,0.4948810338973999,0.8552178740501404,0.0,0.8079248070716858,0.0,1.0015360116958618,0.07088854908943176,0.6342328786849976,0.0,0.7537818551063538,0.0,0.0,0.0,0.23212626576423645,0.04271235689520836,0.15702636539936066,0.488298237323761,0.0,0.3742975890636444,0.0,0.4444746673107147,0.863417387008667,0.049089644104242325,0.009621215984225273,0.5992254018783569,0.0,0.9634476900100708,0.26817697286605835,0.0,0.12814919650554657,0.5168129801750183,0.0,0.8350260257720947,0.0,0.0,0.0,0.0,1.0460283756256104,0.48595380783081055,0.2894251048564911,0.0,0.0,0.0,0.0,0.44685760140419006,0.0
/content/drive/MyDrive/494_Project_test_3/COMI/dataset/BPAEC/actin/Z010/Z10_89.jpg,0,actin,0,actin,0.03128156065940857,0.2126166671514511,0.0,0.21892182528972626,0.3679230213165283,0.8131941556930542,0.07951180636882782,0.21796974539756775,0.7756233215332031,0.502476155757904,0.0,0.12759581208229065,0.0,0.0,0.19995251297950745,0.0,0.6590203642845154,0.0,0.0,0.0,1.0458928346633911,0.0,0.0,0.5136681795120239,0.0,0.781069815158844,0.07579745352268219,0.0,0.0,0.008837475441396236,0.6994392275810242,0.20537404716014862,0.04670288413763046,0.22472211718559265,0.0,0.35260793566703796,0.0,0.0,0.4831712543964386,0.0,0.12931521236896515,0.21692664921283722,0.10216335952281952,0.0,0.0,0.43368831276893616,0.0,0.7095382809638977,0.24320223927497864,0.24241608381271362,0.27336451411247253,0.8037273287773132,0.5557686686515808,0.471341997385025,0.0,0.539456844329834,0.00013656914234161377,0.7156838774681091,0.27617549896240234,0.2576846182346344,1.3012137413024902,0.0072936564683914185,1.111293077468872,0.7526877522468567,0.2944941818714142,0.0,0.26829880475997925,0.0,0.6736240386962891,0.7775624990463257,0.23186630010604858,0.0,0.28747493028640747,0.693455696105957,0.0,0.0,0.0,0.0,0.3045575022697449,0.22432692348957062,0.5619082450866699,0.2162943184375763,0.49404072761535645,0.8462619185447693,0.0451660081744194,0.6630857586860657,0.0,0.9977260231971741,0.31481093168258667,0.5889908075332642,0.27506154775619507,0.8196890950202942,0.041266992688179016,0.296809583902359,0.17919260263442993,0.43747857213020325,0.4208614230155945,0.04297574982047081,0.7011192440986633,0.0,0.6531296372413635,0.0,0.641345739364624,0.7571337223052979,0.35429590940475464,0.428426593542099,0.9942981004714966,0.0,0.9673349857330322,0.27424514293670654,0.0,0.03120981901884079,0.977303147315979,0.13521680235862732,0.7951474189758301,0.0,0.0,0.0,0.0,1.068359375,0.47821593284606934,0.5406556725502014,0.0,0.0,0.0,0.0,0.411248117685318,0.0
/content/drive/MyDrive/494_Project_test_3/COMI/dataset/BPAEC/actin/Z010/Z10_9.jpg,0,actin,0,actin,0.03458277881145477,0.06589173525571823,0.0,0.1995474249124527,0.32446378469467163,0.7856872081756592,0.0,0.05038141459226608,0.7443325519561768,0.42807871103286743,0.0,0.0,0.0,0.0,0.0,0.0,0.7309775352478027,0.0,0.0,0.0,0.7757797241210938,0.0,0.0,0.40241286158561707,0.0,0.7296764254570007,0.00047043338418006897,0.0,0.0,0.0,0.6304304003715515,0.0,0.0,0.19568896293640137,0.011976629495620728,0.18313606083393097,0.0,0.0,0.37615108489990234,0.0,0.15823721885681152,0.05174952745437622,0.0,0.0,0.0,0.45346394181251526,0.0,0.5077378153800964,0.11292219161987305,0.0,0.38092294335365295,0.813284695148468,0.3381728529930115,0.3582633137702942,0.0,0.6502900123596191,0.0,0.7862786650657654,0.0,0.2605357766151428,0.9291538000106812,0.0,1.015336036682129,0.4617024064064026,0.0,0.0,0.10469448566436768,0.0,0.5551145076751709,0.8351480960845947,0.2411610186100006,0.0,0.0,0.4934477210044861,0.0,0.0,0.0,0.0,0.0,0.0,0.33650630712509155,0.13760985434055328,0.5249184966087341,0.8485684394836426,0.0,0.8320342898368835,0.0,0.9912204742431641,0.12590807676315308,0.6457924842834473,0.0,0.7756989598274231,0.0,0.0,0.0,0.2968943417072296,0.0,0.056525491178035736,0.5647256970405579,0.0,0.46489623188972473,0.0,0.376325398683548,0.8798189163208008,0.10775306820869446,0.0017455536872148514,0.6082221269607544,0.0,0.9970893263816833,0.10837897658348083,0.0,0.016917288303375244,0.49314358830451965,0.0,0.8663698434829712,0.0,0.0,0.0,0.0,1.0464929342269897,0.40337899327278137,0.35260912775993347,0.0,0.0,0.0,0.0,0.40414735674858093,0.0
/content/drive/MyDrive/494_Project_test_3/COMI/dataset/BPAEC/actin/Z010/Z10_90.jpg,0,actin,0,actin,0.08218728005886078,0.04474519193172455,0.0,0.1541292816400528,0.36733847856521606,0.7693590521812439,0.0,0.10995038598775864,0.7267675399780273,0.480222225189209,0.0,0.0,0.0,0.0,0.0,0.0,0.6821366548538208,0.0,0.0,0.0,0.7318349480628967,0.0,0.0,0.44980815052986145,0.0,0.7076260447502136,0.04018256440758705,0.0,0.0,0.0,0.6446098685264587,0.0,0.042161040008068085,0.2264101207256317,0.061911262571811676,0.2803717255592346,0.0,0.0,0.3295717239379883,0.0,0.21161440014839172,0.10575464367866516,0.0,0.0,0.0,0.4583273231983185,0.0,0.44008225202560425,0.17432518303394318,0.0,0.4079613983631134,0.8403081297874451,0.4116339385509491,0.3419170677661896,0.0,0.6623263359069824,0.0,0.7400743365287781,0.016327131539583206,0.31256720423698425,0.90017169713974,0.0,0.9712280035018921,0.43026256561279297,0.0,0.0,0.07491475343704224,0.0,0.6084015369415283,0.835562527179718,0.2496427595615387,0.0,0.0,0.45814865827560425,0.0,0.0,0.0,0.0,0.002104833722114563,0.0,0.3102057874202728,0.12673775851726532,0.5122721195220947,0.8387002348899841,0.0,0.8093047142028809,0.0,0.9936152100563049,0.10295483469963074,0.6713320016860962,0.0,0.7422518134117126,0.0,0.0,0.0,0.2574075758457184,0.030765384435653687,0.10476258397102356,0.5123761892318726,0.0,0.41768619418144226,0.0,0.44411414861679077,0.8651481866836548,0.08695799112319946,0.008562510833144188,0.595055341720581,0.0,0.9794929623603821,0.18836186826229095,0.0,0.06498049199581146,0.5176450610160828,0.0,0.833817183971405,0.0,0.0,0.0,0.0,1.0371220111846924,0.45294082164764404,0.3069731593132019,0.0,0.0,0.0,0.0,0.4160291254520416,0.0
/content/drive/MyDrive/494_Project_test_3/COMI/dataset/BPAEC/actin/Z010/Z10_91.jpg,0,actin,0,actin,0.141908660531044,0.19026252627372742,0.0,0.31952938437461853,0.45167213678359985,1.108244776725769,0.0,0.13365381956100464,1.0472681522369385,0.6581788659095764,0.0,0.0,0.0,0.0,0.0,0.0,1.0789785385131836,0.0,0.0,0.0,0.949819028377533,0.0,0.0,0.45460736751556396,0.0,0.993617832660675,0.05579126998782158,0.0,0.0,0.0,0.9147633910179138,0.0,0.04153681546449661,0.3421003222465515,0.11710997670888901,0.16135388612747192,0.0,0.0,0.5276292562484741,0.0,0.2628100514411926,0.1456419676542282,0.0,0.0,0.0,0.7903450131416321,0.0,0.5695568323135376,0.11181101948022842,0.0,0.5579546689987183,1.1752262115478516,0.28431499004364014,0.5228612422943115,0.0,0.8960931301116943,0.0,1.0933784246444702,0.0,0.22846746444702148,0.883518397808075,0.0,1.2895216941833496,0.5522199869155884,0.0,0.0,0.1984795331954956,0.0,0.7832061052322388,1.171998381614685,0.31222784519195557,0.0,0.0,0.6580540537834167,0.0,0.0,0.0,0.0,0.0,0.0,0.4118250012397766,0.18882198631763458,0.7983896732330322,1.257215976715088,0.035651467740535736,1.1845892667770386,0.0,1.3886889219284058,0.18494395911693573,1.0122817754745483,0.0,1.071821928024292,0.0,0.0,0.0,0.417076975107193,0.0,0.13016605377197266,0.690509557723999,0.0,0.5261150598526001,0.0,0.2635621428489685,1.1610838174819946,0.23710332810878754,0.0,0.49074211716651917,0.0,1.3567018508911133,0.1745767593383789,0.0,0.10225293040275574,0.23473404347896576,0.0,1.2212179899215698,0.0,0.0,0.0,0.0,1.4567482471466064,0.4886927902698517,0.39566054940223694,0.0,0.0,0.0,0.0,0.6064971089363098,0.0
/content/drive/MyDrive/494_Project_test_3/COMI/dataset/BPAEC/actin/Z010/Z10_92.jpg,0,actin,0,actin,0.0,1.1945717334747314,0.0,1.307835578918457,0.0,1.7472174167633057,0.0,0.0,2.123016357421875,0.08173392713069916,0.0,0.0,0.0,0.0,0.0,0.0,2.087290048599243,0.0,0.0,0.0,2.551481246948242,0.0,0.0,0.0,0.0,1.3667000532150269,0.0,0.0,0.0,0.0,1.128557801246643,0.0,0.0,0.06242795288562775,0.0,0.0,0.0,0.0,2.0410566329956055,0.0,0.0,0.0,1.336621642112732,0.0,0.0,1.4686217308044434,0.0,2.235548257827759,0.0,0.0,0.0,1.232848882675171,0.0,1.8688504695892334,0.0,0.8206169009208679,0.0,2.2180464267730713,0.0,0.0,1.82444167137146,0.0,2.3340041637420654,1.8591794967651367,0.0,0.0,1.3176082372665405,0.0,0.0,1.6865090131759644,0.0,0.0,0.0,1.6067763566970825,0.0,0.0,0.0,0.0,0.0,0.0,1.9804219007492065,0.828380823135376,1.3268141746520996,1.8506338596343994,0.9107445478439331,1.6725879907608032,0.0,1.8538309335708618,1.298895239830017,1.5310176610946655,0.0,1.8470826148986816,0.0,0.0,0.0,1.6496336460113525,0.0,0.0,2.0541164875030518,0.0,1.891736388206482,0.0,0.0,1.603971004486084,1.6701395511627197,0.0,1.0352355241775513,0.0,2.2983808517456055,0.0,0.0,0.0,0.20949319005012512,0.0,1.9394235610961914,0.0,0.0,0.0,0.0,2.093658447265625,0.0,1.6383395195007324,0.0,0.0,0.0,0.0,0.5786775350570679,0.0
/content/drive/MyDrive/494_Project_test_3/COMI/dataset/BPAEC/actin/Z010/Z10_93.jpg,0,actin,0,actin,0.05846758931875229,0.2788704037666321,0.0,0.4097205400466919,0.33994513750076294,1.181693196296692,0.0,0.050246208906173706,1.1495708227157593,0.5914904475212097,0.0,0.0,0.0,0.0,0.0,0.0,1.1965898275375366,0.0,0.0,0.0,1.0920922756195068,0.0,0.0,0.3535090982913971,0.0,1.0558615922927856,0.0,0.0,0.0,0.0,0.9419514536857605,0.0,0.0,0.32246410846710205,0.03628043085336685,0.0,0.0,0.0,0.6660913228988647,0.0,0.16512149572372437,0.03522365167737007,0.047262683510780334,0.0,0.0,0.8438147902488708,0.0,0.7400072813034058,0.0,0.0,0.5186160206794739,1.1984714269638062,0.17408491671085358,0.614330530166626,0.0,0.9212374091148376,0.0,1.2210760116577148,0.0,0.10079184919595718,0.9650452733039856,0.0,1.399756669998169,0.6829214692115784,0.0,0.0,0.2998720407485962,0.0,0.6841349005699158,1.2203609943389893,0.27884015440940857,0.0,0.0,0.7579792141914368,0.0,0.0,0.0,0.0,0.0,0.0,0.5348568558692932,0.23496687412261963,0.8607668280601501,1.3304141759872437,0.10960828512907028,1.2607225179672241,0.0,1.4393671751022339,0.27610981464385986,1.0814558267593384,0.0,1.1691995859146118,0.0,0.0,0.0,0.533938467502594,0.0,0.0213618166744709,0.8367593884468079,0.0,0.6729983687400818,0.0,0.14074724912643433,1.228132724761963,0.3499758839607239,0.0,0.531088650226593,0.0,1.4738097190856934,0.03512630611658096,0.0,0.0,0.19405238330364227,0.0,1.302585482597351,0.0,0.0,0.0,0.0,1.534847617149353,0.4130277633666992,0.5169743895530701,0.0,0.0,0.0,0.0,0.6176720857620239,0.0
/content/drive/MyDrive/494_Project_test_3/COMI/dataset/BPAEC/actin/Z010/Z10_94.jpg,0,actin,0,actin,0.0,0.27521780133247375,0.0,0.3304367661476135,0.19845308363437653,0.8942793607711792,0.0,0.02448257803916931,0.8963354825973511,0.39466044306755066,0.0,0.0,0.0,0.0,0.0,0.0,0.8275938034057617,0.0,0.0,0.0,1.0923168659210205,0.0,0.0,0.3177625834941864,0.0,0.8047568202018738,0.0,0.0,0.0,0.0,0.6947182416915894,0.0,0.0,0.17475348711013794,0.0,0.09038688242435455,0.0,0.0,0.6162378191947937,0.0,0.030162211507558823,0.0,0.1740482896566391,0.0,0.0,0.5435971617698669,0.0,0.8037678599357605,0.036996252834796906,0.0,0.2613447606563568,0.8261354565620422,0.30277878046035767,0.5858074426651001,0.0,0.5950181484222412,0.0,0.8975891470909119,0.028061162680387497,0.11485045403242111,1.2019498348236084,0.0,1.1918004751205444,0.7531297206878662,0.0,0.0,0.32811233401298523,0.0,0.48508936166763306,0.8772726655006409,0.1590861976146698,0.0,0.0,0.7100154757499695,0.0,0.0,0.0,0.0,0.015243686735630035,0.0,0.6471245884895325,0.2690889537334442,0.5791862607002258,0.9295138716697693,0.11496221274137497,0.8151153922080994,0.0,1.0610240697860718,0.36011531949043274,0.6956133842468262,0.0,0.8918136358261108,0.0,0.0,0.0,0.5205957293510437,0.07209859043359756,0.0,0.7940988540649414,0.0,0.7133023142814636,0.0,0.3886568248271942,0.8832937479019165,0.41498205065727234,0.19766856729984283,0.84026700258255,0.0,1.1077144145965576,0.022441038861870766,0.0,0.0,0.697698712348938,0.0,0.9182562232017517,0.0,0.0,0.0,0.0,1.1409262418746948,0.3360747694969177,0.5986922383308411,0.0,0.0,0.0,0.0,0.40863606333732605,0.0
/content/drive/MyDrive/494_Project_test_3/COMI/dataset/BPAEC/actin/Z010/Z10_95.jpg,0,actin,1,mitochondria,0.17056713998317719,0.06345057487487793,0.0,0.1403944194316864,0.49381041526794434,0.8295156359672546,0.0,0.24294468760490417,0.7323404550552368,0.5829932689666748,0.0,0.0,0.0,0.0,0.0,0.0,0.680808424949646,0.0,0.0,0.0,0.7772995829582214,0.0,0.0,0.5754339098930359,0.0,0.7936230301856995,0.1092851459980011,0.0,0.0,0.0,0.7157787680625916,0.025754626840353012,0.16018183529376984,0.2730059325695038,0.10591182857751846,0.4333686828613281,0.0,0.0,0.3191455006599426,0.0,0.2705302834510803,0.2567134201526642,0.0,0.0,0.0,0.47592324018478394,0.0,0.4532727301120758,0.28598445653915405,0.0,0.4325685203075409,0.9118487238883972,0.5285155773162842,0.3330906331539154,0.0,0.6794805526733398,0.040829941630363464,0.7259410619735718,0.10274651646614075,0.37894055247306824,1.0117979049682617,0.0,1.0338797569274902,0.48786675930023193,0.04658016562461853,0.0,0.0815247967839241,0.0,0.7771828174591064,0.8594821691513062,0.31189846992492676,0.0,0.012522812932729721,0.537668764591217,0.0,0.0,0.0,0.0,0.08777281641960144,0.07717201113700867,0.31116098165512085,0.1378682255744934,0.5264686346054077,0.8904263973236084,0.0,0.8032218813896179,0.0,1.0654906034469604,0.12279653549194336,0.6712590456008911,0.05356457829475403,0.7830352187156677,0.0,0.02584528923034668,0.08017706871032715,0.26655247807502747,0.18860575556755066,0.1873755306005478,0.5275292992591858,0.0,0.424635648727417,0.0,0.5669187307357788,0.8743958473205566,0.13566632568836212,0.12029410153627396,0.7084417343139648,0.0,0.9969084858894348,0.3399885594844818,0.0,0.15805719792842865,0.6639775633811951,0.11330731213092804,0.8559780120849609,0.0,0.0,0.0,0.0,1.1116257905960083,0.5365805625915527,0.32567524909973145,0.0,0.0,0.0,0.0,0.4698193371295929,0.0
/content/drive/MyDrive/494_Project_test_3/COMI/dataset/BPAEC/actin/Z010/Z10_96.jpg,0,actin,0,actin,0.0,0.24632838368415833,0.0,0.37078025937080383,0.2659699320793152,1.0309947729110718,0.0,0.013627581298351288,1.029220461845398,0.49618059396743774,0.0,0.0,0.0,0.0,0.0,0.0,1.0123547315597534,0.0,0.0,0.0,1.0372207164764404,0.0,0.0,0.3191262185573578,0.0,0.9172025322914124,0.0,0.0,0.0,0.0,0.8093691468238831,0.0,0.0,0.2472391426563263,0.0,0.04031234607100487,0.0,0.0,0.5943310260772705,0.0,0.12249788641929626,0.0,0.08243861049413681,0.0,0.0,0.7153424620628357,0.0,0.7129085659980774,0.0,0.0,0.41837599873542786,1.0121769905090332,0.22212114930152893,0.5951147079467773,0.0,0.7772224545478821,0.0,1.071555256843567,0.0,0.13766685128211975,1.0041265487670898,0.0,1.2690718173980713,0.6452310681343079,0.0,0.0,0.2848478853702545,0.0,0.5731218457221985,1.0652235746383667,0.21550054848194122,0.0,0.0,0.6939707398414612,0.0,0.0,0.0,0.0,0.0,0.0,0.5563868880271912,0.24630539119243622,0.7360765337944031,1.1285403966903687,0.0939624235033989,1.0658420324325562,0.0,1.256912350654602,0.28415998816490173,0.9140027761459351,0.0,1.0190048217773438,0.0,0.0,0.0,0.4900437295436859,0.0,0.0,0.7850608825683594,0.0,0.648928701877594,0.0,0.24229854345321655,1.071573257446289,0.33916592597961426,0.0,0.6144574880599976,0.0,1.2804045677185059,0.0,0.0,0.0,0.37071648240089417,0.0,1.122512936592102,0.0,0.0,0.0,0.0,1.336313009262085,0.3686418831348419,0.5081778764724731,0.0,0.0,0.0,0.0,0.5015725493431091,0.0
/content/drive/MyDrive/494_Project_test_3/COMI/dataset/BPAEC/actin/Z010/Z10_97.jpg,0,actin,0,actin,0.0,0.5699948668479919,0.0,0.6615723371505737,0.007703598588705063,1.3425661325454712,0.0,0.0,1.4696491956710815,0.46909576654434204,0.0,0.0,0.0,0.0,0.0,0.0,1.4322048425674438,0.0,0.0,0.0,1.5059640407562256,0.0,0.0,0.05177993327379227,0.0,1.1137173175811768,0.0,0.0,0.0,0.0,1.0064024925231934,0.0,0.0,0.2512049376964569,0.0,0.0,0.0,0.0,1.0565251111984253,0.0,0.0,0.0,0.47132766246795654,0.0,0.0,1.0647884607315063,0.0,1.1530704498291016,0.0,0.0,0.3604348599910736,1.2128958702087402,0.0,1.0298455953598022,0.0,0.8877589702606201,0.0,1.5077850818634033,0.0,0.0,1.1805238723754883,0.0,1.643742561340332,1.0062545537948608,0.0,0.0,0.6172098517417908,0.0,0.3983771502971649,1.360366940498352,0.08432924747467041,0.0,0.0,0.9871346354484558,0.0,0.0,0.0,0.0,0.0,0.0,1.0050945281982422,0.4287239611148834,0.9946925640106201,1.4786080121994019,0.34764108061790466,1.3620309829711914,0.0,1.5640335083007812,0.587112307548523,1.2576707601547241,0.0,1.3592157363891602,0.0,0.0,0.0,0.8591055870056152,0.0,0.0,1.1887835264205933,0.0,1.014627456665039,0.0,0.0,1.3175848722457886,0.764805257320404,0.0,0.6681944727897644,0.0,1.6978371143341064,0.0,0.0,0.0,0.20509745180606842,0.0,1.4584951400756836,0.0,0.0,0.0,0.0,1.6921555995941162,0.2043217569589615,0.834838330745697,0.0,0.0,0.0,0.0,0.5943117141723633,0.0
/content/drive/MyDrive/494_Project_test_3/COMI/dataset/BPAEC/actin/Z010/Z10_98.jpg,0,actin,0,actin,0.0,1.0064759254455566,0.0,1.0470671653747559,0.0,1.365167498588562,0.0,0.0,1.708647608757019,0.0040546320378780365,0.0,0.0,0.0,0.0,0.0,0.0,1.5819605588912964,0.0,0.0,0.0,2.2060015201568604,0.0,0.0,0.0,0.0,1.0691932439804077,0.0,0.0,0.0,0.0,0.8550253510475159,0.0,0.0,0.0,0.0,0.0,0.0,0.0,1.7262691259384155,0.0,0.0,0.0,1.1740912199020386,0.0,0.0,1.090718388557434,0.0,1.950147032737732,0.0,0.0,0.0,0.9042986631393433,0.0,1.5867666006088257,0.0,0.5754927396774292,0.0,1.75998055934906,0.0,0.0,1.7741323709487915,0.0,1.9265403747558594,1.6430816650390625,0.0,0.0,1.1325517892837524,0.0,0.0,1.288803219795227,0.0,0.0,0.0,1.3493012189865112,0.0,0.0,0.0,0.0,0.0,0.0,1.7673907279968262,0.7265561819076538,0.9922735691070557,1.386803388595581,0.739643931388855,1.2173675298690796,0.0,1.4205670356750488,1.1188974380493164,1.145302176475525,0.0,1.4688704013824463,0.0,0.0,0.0,1.399141788482666,0.0,0.0,1.7636747360229492,0.0,1.6507235765457153,0.0,0.0,1.2493079900741577,1.4392346143722534,0.19708216190338135,1.1250444650650024,0.0,1.8173308372497559,0.0,0.0,0.0,0.5360779762268066,0.0,1.479211688041687,0.0,0.0,0.0,0.0,1.6095902919769287,0.0,1.457919716835022,0.0,0.0,0.0,0.0,0.39518383145332336,0.0
/content/drive/MyDrive/494_Project_test_3/COMI/dataset/BPAEC/actin/Z010/Z10_99.jpg,0,actin,0,actin,0.0,0.6958344578742981,0.0,0.7757980227470398,0.0,1.3544353246688843,0.0,0.0,1.5136233568191528,0.3323330879211426,0.0,0.0,0.0,0.0,0.0,0.0,1.48919677734375,0.0,0.0,0.0,1.7342278957366943,0.0,0.0,0.0,0.0,1.132103681564331,0.0,0.0,0.0,0.0,0.9771197438240051,0.0,0.0,0.18323898315429688,0.0,0.0,0.0,0.0,1.2337063550949097,0.0,0.0,0.0,0.6611500382423401,0.0,0.0,1.046310544013977,0.0,1.3979923725128174,0.0,0.0,0.22011622786521912,1.116729974746704,0.0,1.1647950410842896,0.0,0.7850593328475952,0.0,1.5596857070922852,0.0,0.0,1.3890618085861206,0.0,1.7459182739257812,1.211794376373291,0.0,0.0,0.7688444256782532,0.0,0.2394649237394333,1.3257137537002563,0.0084239412099123,0.0,0.0,1.1244789361953735,0.0,0.0,0.0,0.0,0.0,0.0,1.2082575559616089,0.5100252032279968,0.9964100122451782,1.4600549936294556,0.4717322587966919,1.3081061840057373,0.0,1.5212093591690063,0.7559470534324646,1.1864745616912842,0.0,1.3927111625671387,0.0,0.0,0.0,1.0333436727523804,0.0,0.0,1.3453106880187988,0.0,1.2151689529418945,0.0,0.0,1.2853444814682007,0.9475675225257874,0.0,0.827810525894165,0.0,1.7295808792114258,0.0,0.0,0.0,0.3374132812023163,0.0,1.4708702564239502,0.0,0.0,0.0,0.0,1.6750247478485107,0.09044510126113892,1.023237705230713,0.0,0.0,0.0,0.0,0.5532156229019165,0.0
/content/drive/MyDrive/494_Project_test_3/COMI/dataset/BPAEC/mitochondria/Z010/Z10_0.jpg,1,mitochondria,2,nucleus,0.26292967796325684,0.0,0.0,0.0,0.5968436598777771,0.44512879848480225,0.504664421081543,0.4138488173484802,0.27844640612602234,0.5180836915969849,0.27168014645576477,0.6764098405838013,0.0,0.36167779564857483,0.6706770658493042,0.3777084946632385,0.1459585428237915,0.2602696120738983,0.0,0.1571679562330246,0.44542422890663147,0.0,0.0,0.7665661573410034,0.0,0.5247644186019897,0.18896004557609558,0.4295543432235718,0.0,0.3886604905128479,0.45638203620910645,0.6963992714881897,0.37180155515670776,0.2032056748867035,0.15222787857055664,0.8547235131263733,0.0,0.28203022480010986,0.0,0.0,0.35431355237960815,0.39477983117103577,0.0,0.0,0.0,0.0664840117096901,0.0,0.1594129204750061,0.5594635009765625,0.6367050409317017,0.33881956338882446,0.5681646466255188,0.8609946370124817,0.04944762587547302,0.0,0.4153052866458893,0.3129309415817261,0.21851301193237305,0.5719346404075623,0.659044086933136,1.0537714958190918,0.5601651072502136,0.6255204677581787,0.2719484269618988,0.7750952243804932,0.0,0.0,0.31867170333862305,0.7899540066719055,0.4693896174430847,0.32443657517433167,0.0,0.877865731716156,0.2991577982902527,0.0,0.0,0.0,0.47968754172325134,0.7598106265068054,0.6974469423294067,0.09868422150611877,0.04965576156973839,0.1910252720117569,0.390561580657959,0.0,0.3231172561645508,0.0,0.6356590986251831,0.0,0.24794849753379822,0.6544063091278076,0.3572448492050171,0.43909716606140137,0.7408460378646851,0.5833296775817871,0.0,0.807583749294281,0.3517493009567261,0.20961733162403107,0.0,0.17697110772132874,0.0,0.976250410079956,0.5294346809387207,0.0,0.5188400149345398,0.8744282722473145,0.2616378664970398,0.5111896395683289,0.5837554931640625,0.0,0.28785306215286255,1.118820071220398,0.6213464736938477,0.38927602767944336,0.0,0.0,0.28119122982025146,0.35391801595687866,0.6369450092315674,0.6292288303375244,0.12606379389762878,0.4862319827079773,0.0,0.0,0.08386446535587311,0.29873672127723694,0.0
/content/drive/MyDrive/494_Project_test_3/COMI/dataset/BPAEC/mitochondria/Z010/Z10_1.jpg,1,mitochondria,2,nucleus,0.24115905165672302,0.0,0.0,0.0,0.569939136505127,0.3963486850261688,0.37166494131088257,0.2959514558315277,0.25976887345314026,0.4702366590499878,0.17746573686599731,0.4818427562713623,0.0,0.13892880082130432,0.45008715987205505,0.20344138145446777,0.1556544154882431,0.10516279935836792,0.0,0.06064432114362717,0.29589158296585083,0.0,0.0,0.7105194330215454,0.0,0.44660472869873047,0.16510294377803802,0.2162538766860962,0.0,0.24902096390724182,0.39988183975219727,0.5696714520454407,0.3228391110897064,0.18637806177139282,0.14682790637016296,0.7224833369255066,0.0,0.1462240219116211,0.0,0.0,0.35387444496154785,0.3382149636745453,0.0,0.0,0.0,0.05511447787284851,0.0,0.07171785831451416,0.4676687717437744,0.4831114113330841,0.37146076560020447,0.561893105506897,0.7654377818107605,0.0,0.0,0.4580397307872772,0.23313701152801514,0.23284965753555298,0.3981311619281769,0.6336138844490051,0.8685345649719238,0.3846637010574341,0.5595352649688721,0.12973429262638092,0.60576331615448,0.0,0.0,0.0800529420375824,0.7258384227752686,0.4709048569202423,0.32096123695373535,0.0,0.647628903388977,0.17545932531356812,0.0,0.0,0.0,0.3008767366409302,0.6073560118675232,0.5036404132843018,0.0,0.0,0.16937093436717987,0.38105082511901855,0.0,0.3918161690235138,0.0,0.6125082969665527,0.0,0.24955183267593384,0.471072793006897,0.3378733694553375,0.29060086607933044,0.5473851561546326,0.40435752272605896,0.0,0.5785420536994934,0.31609901785850525,0.1407543122768402,0.0,0.09966526925563812,0.0,0.8341007232666016,0.5364797711372375,0.0,0.3301294147968292,0.7048634886741638,0.13267774879932404,0.48470640182495117,0.4977264404296875,0.0,0.2695298194885254,0.9078781604766846,0.4429793059825897,0.3904283046722412,0.0,0.0,0.08621171861886978,0.2519557774066925,0.6004993915557861,0.5870060920715332,0.03528069704771042,0.32461798191070557,0.0,0.0,0.06103983148932457,0.27181476354599,0.0
/content/drive/MyDrive/494_Project_test_3/COMI/dataset/BPAEC/mitochondria/Z010/Z10_10.jpg,1,mitochondria,2,nucleus,0.2652667760848999,0.0,0.0,0.0,0.5870016813278198,0.31941932439804077,0.6132914423942566,0.39043495059013367,0.153422549366951,0.4622485637664795,0.30603644251823425,0.7859125733375549,0.0,0.4727374017238617,0.7539758086204529,0.476754754781723,0.0,0.3674814701080322,0.0,0.2584882080554962,0.30831632018089294,0.0,0.0,0.77646803855896,0.0,0.4059090316295624,0.1945330649614334,0.5433275699615479,0.0,0.4934527277946472,0.34458065032958984,0.8245115876197815,0.3756166994571686,0.16172952950000763,0.15612560510635376,0.8841855525970459,0.0,0.3768310844898224,0.0,0.0,0.3526562452316284,0.40169522166252136,0.0,0.0,0.0,0.0,0.0,0.07253861427307129,0.5629733800888062,0.75975501537323,0.3069351613521576,0.4571097791194916,0.8906942009925842,0.0,0.0,0.35076016187667847,0.3308938145637512,0.08918574452400208,0.6177847981452942,0.6921253204345703,0.9978852868080139,0.6927318572998047,0.49877095222473145,0.17488937079906464,0.9053955078125,0.0,0.0,0.42599955201148987,0.7467969655990601,0.3478938639163971,0.31120938062667847,0.0,1.023653507232666,0.1980436146259308,0.0,0.0,0.0,0.6054177284240723,0.8843352794647217,0.7765837907791138,0.0,0.005428832955658436,0.08097834885120392,0.24788431823253632,0.0,0.21371936798095703,0.0,0.49856722354888916,0.0,0.1185137927532196,0.7502506971359253,0.24568241834640503,0.5186031460762024,0.8637832999229431,0.6374907493591309,0.0,0.8832114934921265,0.3527763783931732,0.11741568148136139,0.0,0.10263291746377945,0.0,1.0072259902954102,0.41763824224472046,0.0,0.5544280409812927,0.8660533428192139,0.3801555633544922,0.3593176603317261,0.5898784399032593,0.0,0.2911808490753174,1.1660144329071045,0.6622707843780518,0.24701134860515594,0.0,0.0,0.32504481077194214,0.38716453313827515,0.48482367396354675,0.6164513826370239,0.06408074498176575,0.5991588830947876,0.0,0.0,0.07016263902187347,0.2265375852584839,0.0
/content/drive/MyDrive/494_Project_test_3/COMI/dataset/BPAEC/mitochondria/Z010/Z10_11.jpg,1,mitochondria,2,nucleus,0.3440537452697754,0.0,0.0,0.0,0.686933696269989,0.3982853293418884,0.5246330499649048,0.4621823728084564,0.21330519020557404,0.5689923167228699,0.3356350362300873,0.7027113437652588,0.0,0.3780513107776642,0.6983069181442261,0.4020709991455078,0.0783393606543541,0.2685614824295044,0.0,0.18055842816829681,0.296842098236084,0.0,0.0,0.8402256965637207,0.0,0.47423604130744934,0.2406538426876068,0.45549625158309937,0.0,0.3973948359489441,0.4418547749519348,0.7200027704238892,0.4598783850669861,0.23234039545059204,0.22633498907089233,0.9573864340782166,0.0,0.34026071429252625,0.0,0.0,0.4449976086616516,0.4756963849067688,0.0,0.0,0.0,0.03908694535493851,0.0,0.012235652655363083,0.6261067986488342,0.6499283313751221,0.3999011814594269,0.5847877860069275,0.9263006448745728,0.0,0.0,0.44065573811531067,0.3892291188240051,0.14110668003559113,0.5851635336875916,0.7519301176071167,0.9423567056655884,0.5957743525505066,0.5402005314826965,0.14158454537391663,0.7995384931564331,0.0,0.0,0.3202742040157318,0.8702012300491333,0.4544650614261627,0.36331555247306824,0.0,0.9021925926208496,0.19985979795455933,0.0,0.0,0.0,0.5119190812110901,0.7707130312919617,0.7231847047805786,0.0,0.0,0.15488794445991516,0.3600114583969116,0.0,0.3157309889793396,0.0,0.6234799027442932,0.0,0.23572048544883728,0.658661425113678,0.2984057068824768,0.47014498710632324,0.7618061900138855,0.6340140700340271,0.0,0.8198011517524719,0.43863871693611145,0.08435844630002975,0.0,0.05224965885281563,0.0,1.0232484340667725,0.5082058310508728,0.0,0.4602729380130768,0.7945007085800171,0.2914881110191345,0.4542968273162842,0.6781936883926392,0.0,0.3738764524459839,1.0720943212509155,0.7067371606826782,0.34508034586906433,0.0,0.0,0.3180128335952759,0.44823938608169556,0.6014667749404907,0.6877114772796631,0.0110598374158144,0.5214285850524902,0.0,0.0,0.15558898448944092,0.3063627779483795,0.0
/content/drive/MyDrive/494_Project_test_3/COMI/dataset/BPAEC/mitochondria/Z010/Z10_12.jpg,1,mitochondria,1,mitochondria,0.18818216025829315,0.0,0.0,0.0,0.5040000677108765,0.5120996236801147,0.2500370442867279,0.25479674339294434,0.3964347839355469,0.4644690752029419,0.09998313337564468,0.33637535572052,0.0,0.011133432388305664,0.31644198298454285,0.07847165316343307,0.3078825771808624,0.0,0.0,0.0,0.46437183022499084,0.0,0.0,0.6335136890411377,0.0,0.5428541898727417,0.12556467950344086,0.08132585883140564,0.0,0.12515273690223694,0.4698551595211029,0.4189393222332001,0.23913879692554474,0.18702727556228638,0.10628930479288101,0.6065978407859802,0.0,0.010615076869726181,0.04700207710266113,0.0,0.29762032628059387,0.27536752820014954,0.0,0.0,0.0,0.16684551537036896,0.0,0.21914011240005493,0.38504254817962646,0.3514835238456726,0.3587688207626343,0.6230325102806091,0.6675096154212952,0.09391427040100098,0.0,0.4928811490535736,0.1548951268196106,0.3778862953186035,0.31446731090545654,0.5371448993682861,0.9352291822433472,0.2255052924156189,0.7004861831665039,0.25624898076057434,0.45267000794410706,0.0,0.0,0.0,0.6896090507507324,0.5659819841384888,0.2944299280643463,0.0,0.48060595989227295,0.30223655700683594,0.0,0.0,0.0,0.14857438206672668,0.47712236642837524,0.38568437099456787,0.09675954282283783,0.0457117073237896,0.272132933139801,0.5080402493476868,0.0,0.49176082015037537,0.0,0.7199473977088928,0.0,0.3473745286464691,0.36526042222976685,0.46269580721855164,0.18228241801261902,0.3982396721839905,0.30019354820251465,0.034695420414209366,0.4704798460006714,0.25162163376808167,0.27777576446533203,0.0,0.2230449765920639,0.0,0.7453527450561523,0.6218467354774475,0.0,0.2916535437107086,0.7259355783462524,0.0,0.6232404708862305,0.40001004934310913,0.0,0.2006765753030777,0.8541343212127686,0.32230594754219055,0.517696738243103,0.0,0.0,0.0,0.1433451622724533,0.728668212890625,0.5347915291786194,0.1503463089466095,0.181242898106575,0.0,0.0,0.01712135598063469,0.30802395939826965,0.0
/content/drive/MyDrive/494_Project_test_3/COMI/dataset/BPAEC/mitochondria/Z010/Z10_13.jpg,1,mitochondria,1,mitochondria,0.3289262652397156,0.0,0.0,0.0,0.668839156627655,0.5187492370605469,0.198783278465271,0.34280648827552795,0.3684960901737213,0.6071739196777344,0.1786983609199524,0.2798219919204712,0.0,0.0,0.28585633635520935,0.024919286370277405,0.28716036677360535,0.0,0.0,0.0,0.2806035280227661,0.0,0.0,0.7616492509841919,0.0,0.5380488038063049,0.20976705849170685,0.0283958837389946,0.0,0.05153023451566696,0.5214310884475708,0.36088815331459045,0.39164113998413086,0.26586198806762695,0.2428703010082245,0.751258373260498,0.0,0.02879711613059044,0.0,0.0,0.4520658850669861,0.40280744433403015,0.0,0.0,0.0,0.19773204624652863,0.0,0.0,0.4979238510131836,0.2688620686531067,0.5000295639038086,0.7357112765312195,0.7567045092582703,0.0,0.0,0.592166006565094,0.2687964141368866,0.3472488820552826,0.2966057360172272,0.666331946849823,0.7324575781822205,0.1737232655286789,0.6276311278343201,0.06781724840402603,0.38729381561279297,0.0,0.0,0.0,0.8611842393875122,0.6256237626075745,0.37772616744041443,0.0,0.38103073835372925,0.1726643145084381,0.0,0.0,0.0,0.10692496597766876,0.3872227072715759,0.34961551427841187,0.0,0.0,0.29398685693740845,0.5486345887184143,0.0,0.5620463490486145,0.0,0.7838637232780457,0.0,0.4289858639240265,0.2715606987476349,0.4421561360359192,0.1601356863975525,0.3332715332508087,0.327237069606781,0.0,0.41650861501693726,0.3914409577846527,0.11912858486175537,0.0,0.03705102950334549,0.0,0.7860591411590576,0.6654433012008667,0.0,0.14471416175365448,0.5631725788116455,0.0,0.6148321032524109,0.5660361647605896,0.0,0.35530340671539307,0.7102240324020386,0.42302608489990234,0.5501691102981567,0.0,0.0,0.007167913019657135,0.28195300698280334,0.763900637626648,0.6617727279663086,0.0,0.14121510088443756,0.0,0.0,0.1608615219593048,0.35878226161003113,0.0
/content/drive/MyDrive/494_Project_test_3/COMI/dataset/BPAEC/mitochondria/Z010/Z10_14.jpg,1,mitochondria,1,mitochondria,0.2927432656288147,0.0,0.0,0.0,0.6284508109092712,0.7091526985168457,0.04782530292868614,0.34665587544441223,0.5704414248466492,0.635108470916748,0.1028761938214302,0.11327299475669861,0.0,0.0,0.15175750851631165,0.0,0.5094667077064514,0.0,0.0,0.0,0.5320129990577698,0.0,0.0,0.7056759595870972,0.0,0.7098181247711182,0.1842285692691803,0.0,0.0,0.0,0.6612954139709473,0.17577722668647766,0.32079705595970154,0.30090010166168213,0.2022281289100647,0.6589440703392029,0.0,0.0,0.09893050789833069,0.0,0.40690702199935913,0.3716367781162262,0.0,0.0,0.0,0.37193208932876587,0.0,0.2071787416934967,0.4278551936149597,0.10764983296394348,0.5002006888389587,0.8690115213394165,0.6788192391395569,0.1612052470445633,0.0,0.6657034754753113,0.19043120741844177,0.5470253825187683,0.21142151951789856,0.5649391412734985,0.8780160546302795,0.0,0.8511645197868347,0.27539849281311035,0.21003001928329468,0.0,0.0,0.0,0.8751252889633179,0.7815725803375244,0.36944591999053955,0.0,0.20179694890975952,0.37359631061553955,0.0,0.0,0.0,0.0,0.23010967671871185,0.23846043646335602,0.10379143059253693,0.06152358278632164,0.4418261647224426,0.758529007434845,0.0,0.7120789289474487,0.0,0.9770931601524353,0.0,0.5894981622695923,0.16663525998592377,0.6278063058853149,0.04808343946933746,0.16776441037654877,0.24146829545497894,0.07838656008243561,0.31673628091812134,0.34118762612342834,0.31523990631103516,0.0,0.21850073337554932,0.0,0.7127844095230103,0.8057723045349121,0.0,0.11839910596609116,0.6310187578201294,0.0,0.8456369042396545,0.49605631828308105,0.0,0.2954738736152649,0.6844360828399658,0.32751768827438354,0.7341940402984619,0.0,0.0,0.0,0.17854750156402588,0.989587664604187,0.6273137331008911,0.13879646360874176,0.0,0.0,0.0,0.1227397620677948,0.4502253532409668,0.0
/content/drive/MyDrive/494_Project_test_3/COMI/dataset/BPAEC/mitochondria/Z010/Z10_15.jpg,1,mitochondria,2,nucleus,0.24758975207805634,0.0,0.0,0.0,0.5782296657562256,0.31490540504455566,0.4860415756702423,0.30743250250816345,0.1699974089860916,0.4533807933330536,0.2349877655506134,0.6178813576698303,0.0,0.27305904030799866,0.5696731805801392,0.3257811665534973,0.045907940715551376,0.2282651960849762,0.0,0.16427841782569885,0.22742079198360443,0.0,0.0,0.7360035181045532,0.0,0.38256537914276123,0.17349773645401,0.35089829564094543,0.0,0.3709152936935425,0.33522310853004456,0.6958746314048767,0.35110917687416077,0.15980789065361023,0.15924018621444702,0.7869704961776733,0.0,0.2534172236919403,0.0,0.0,0.36243441700935364,0.35340383648872375,0.0,0.0,0.0,0.0,0.0,0.0038098879158496857,0.5087872743606567,0.6099100112915039,0.35149165987968445,0.47896450757980347,0.8149182200431824,0.0,0.0,0.39843466877937317,0.28531527519226074,0.1342836320400238,0.485507994890213,0.6812923550605774,0.8579952120780945,0.5279737710952759,0.47280582785606384,0.07544349133968353,0.743488073348999,0.0,0.0,0.2118806689977646,0.7146077156066895,0.39004015922546387,0.3141026794910431,0.0,0.8046131730079651,0.12421127408742905,0.0,0.0,0.0,0.43963441252708435,0.7338101863861084,0.610914945602417,0.0,0.0,0.10509835183620453,0.27601873874664307,0.0,0.2967645227909088,0.0,0.5176423192024231,0.0,0.16126906871795654,0.5776206851005554,0.25654569268226624,0.3852752149105072,0.6831696033477783,0.4857688546180725,0.0,0.6928301453590393,0.3342514634132385,0.07699504494667053,0.0,0.04791642725467682,0.0,0.9023807048797607,0.4571300745010376,0.0,0.4039470851421356,0.7293040752410889,0.2506791353225708,0.37552791833877563,0.5271029472351074,0.0,0.2857424020767212,0.9871835708618164,0.5227473378181458,0.30004534125328064,0.0,0.0,0.17289839684963226,0.3152420222759247,0.4958542287349701,0.5981313586235046,0.0,0.4440348148345947,0.0,0.0,0.06974688172340393,0.22085660696029663,0.0
/content/drive/MyDrive/494_Project_test_3/COMI/dataset/BPAEC/mitochondria/Z010/Z10_16.jpg,1,mitochondria,1,mitochondria,0.12244752794504166,0.0,0.0,0.0,0.43728214502334595,0.5194553136825562,0.09398985654115677,0.12933923304080963,0.40580838918685913,0.40617096424102783,0.0,0.11658862978219986,0.0,0.0,0.09599826484918594,0.0,0.3697631061077118,0.0,0.0,0.0,0.4459294378757477,0.0,0.0,0.5473436713218689,0.0,0.5187698006629944,0.059048060327768326,0.0,0.0,0.0,0.4380675256252289,0.2775297164916992,0.15052025020122528,0.15402531623840332,0.06952708959579468,0.41352540254592896,0.0,0.0,0.10542389005422592,0.0,0.2218816578388214,0.16251924633979797,0.0,0.0,0.0,0.15718550980091095,0.0,0.23870226740837097,0.28454625606536865,0.19470711052417755,0.34957394003868103,0.6143976449966431,0.5165717601776123,0.07507316023111343,0.0,0.5141990184783936,0.022616535425186157,0.44460156559944153,0.12405362725257874,0.42835095524787903,0.8479723334312439,0.02647458016872406,0.7138378620147705,0.2302256077528,0.23515701293945312,0.0,0.0,0.0,0.5949974656105042,0.5696672201156616,0.27760225534439087,0.0,0.23545202612876892,0.25814172625541687,0.0,0.0,0.0,0.0,0.2929941415786743,0.17218202352523804,0.05280574411153793,0.0,0.2739468812942505,0.5313284993171692,0.0,0.5503557920455933,0.0,0.7012677788734436,0.0,0.3465581238269806,0.19947101175785065,0.4961053431034088,0.004533083643764257,0.197816863656044,0.09347330778837204,0.03939966484904289,0.2548937201499939,0.17250956594944,0.2944790720939636,0.0,0.22313916683197021,0.0,0.5697799921035767,0.6501986980438232,0.0,0.1535644382238388,0.6179285049438477,0.0,0.6484981179237366,0.30091655254364014,0.0,0.1395508199930191,0.6742342114448547,0.09921349585056305,0.5529041290283203,0.0,0.0,0.0,0.0,0.7183099985122681,0.47582513093948364,0.15413692593574524,0.0,0.0,0.0,0.0,0.29950323700904846,0.0
/content/drive/MyDrive/494_Project_test_3/COMI/dataset/BPAEC/mitochondria/Z010/Z10_17.jpg,1,mitochondria,1,mitochondria,0.33653491735458374,0.0,0.0,0.04431892931461334,0.6695238947868347,0.8431271314620972,0.0,0.3047456741333008,0.7105275392532349,0.732231616973877,0.006975628435611725,0.0,0.0,0.0,0.0,0.0,0.7001354694366455,0.0,0.0,0.0,0.511189341545105,0.0,0.0,0.690231204032898,0.0,0.7936235070228577,0.18654994666576385,0.0,0.0,0.0,0.7708232998847961,0.0,0.3151669204235077,0.3632594347000122,0.2679661214351654,0.5447956919670105,0.0,0.0,0.12863871455192566,0.0,0.46070021390914917,0.3569500148296356,0.0,0.0,0.0,0.5356319546699524,0.0,0.14328663051128387,0.3721623420715332,0.0,0.6264592409133911,1.052388072013855,0.5636265277862549,0.18507283926010132,0.0,0.8283324241638184,0.13270317018032074,0.7285128235816956,0.0,0.5276955366134644,0.6825141906738281,0.0,0.9377397894859314,0.20012988150119781,0.0,0.0,0.0,0.0,0.9423109292984009,0.9578847885131836,0.4058171510696411,0.0,0.0,0.35500824451446533,0.0,0.0,0.0,0.0,0.0,0.0,0.028279367834329605,0.022643964737653732,0.5837151408195496,0.9588783383369446,0.0,0.9460545182228088,0.0,1.1565132141113281,0.0,0.7939400672912598,0.0,0.7700161933898926,0.0,0.0,0.019848085939884186,0.06967121362686157,0.0,0.36085957288742065,0.32241183519363403,0.0,0.17154648900032043,0.0,0.5327091217041016,0.9693421721458435,0.0,0.0,0.4150822162628174,0.0,1.0112371444702148,0.4695599675178528,0.0,0.3313823938369751,0.35512617230415344,0.1431073546409607,0.9373184442520142,0.0,0.0,0.0,0.09281353652477264,1.1635102033615112,0.6509189605712891,0.07492897659540176,0.0,0.0,0.0,0.1836840808391571,0.5322047472000122,0.0
/content/drive/MyDrive/494_Project_test_3/COMI/dataset/BPAEC/mitochondria/Z010/Z10_18.jpg,1,mitochondria,2,nucleus,0.3241361975669861,0.0,0.0,0.0,0.6666168570518494,0.3720795512199402,0.4201696217060089,0.37212443351745605,0.20575639605522156,0.5469059944152832,0.27041056752204895,0.5450581908226013,0.0,0.20090219378471375,0.530659556388855,0.2617519497871399,0.09276855736970901,0.1490153819322586,0.0,0.10893500596284866,0.19649076461791992,0.0,0.0,0.7948310375213623,0.0,0.4300980567932129,0.22159910202026367,0.29357215762138367,0.0,0.29021239280700684,0.4044857621192932,0.6154683232307434,0.4251278340816498,0.21592426300048828,0.2244594693183899,0.8545202612876892,0.0,0.22948311269283295,0.0,0.0,0.4397221803665161,0.4302172064781189,0.0,0.0,0.0,0.03903166949748993,0.0,0.0,0.5612375140190125,0.5249441862106323,0.4248802959918976,0.5800911784172058,0.8476759791374207,0.0,0.0,0.46968063712120056,0.3378337621688843,0.16603708267211914,0.45595628023147583,0.7256056070327759,0.7883824706077576,0.45842230319976807,0.4952569603919983,0.033554546535015106,0.661334753036499,0.0,0.0,0.13512055575847626,0.8231779932975769,0.46363839507102966,0.35738474130630493,0.0,0.7129374146461487,0.11503928154706955,0.0,0.0,0.0,0.3765121400356293,0.6458521485328674,0.569035530090332,0.0,0.0,0.1582331657409668,0.3594999313354492,0.0,0.3691094219684601,0.0,0.609099268913269,0.0,0.24236512184143066,0.5060694813728333,0.29460009932518005,0.3492458164691925,0.6074239015579224,0.48987340927124023,0.0,0.6469818353652954,0.40781787037849426,0.03992482274770737,0.0,0.0,0.0,0.9143838882446289,0.5123139023780823,0.0,0.317861944437027,0.6572563052177429,0.19058255851268768,0.42805713415145874,0.6104259490966797,0.0,0.36076754331588745,0.9065640568733215,0.5748183727264404,0.366036057472229,0.0,0.0,0.17552486062049866,0.3800123333930969,0.5763672590255737,0.657253623008728,0.0,0.3868173360824585,0.0,0.0,0.14904192090034485,0.2783639132976532,0.0
/content/drive/MyDrive/494_Project_test_3/COMI/dataset/BPAEC/mitochondria/Z010/Z10_19.jpg,1,mitochondria,1,mitochondria,0.2990473508834839,0.0,0.0,0.031137460842728615,0.6333611607551575,0.8007448315620422,0.0,0.27088963985443115,0.6854157447814941,0.6836340427398682,0.0,0.0,0.0,0.0,0.0,0.0,0.6698694229125977,0.0,0.0,0.0,0.49578675627708435,0.0,0.0,0.6607880592346191,0.0,0.7508412003517151,0.1678498089313507,0.0,0.0,0.0,0.7373113036155701,0.0,0.284603089094162,0.3454072177410126,0.23462176322937012,0.5139190554618835,0.0,0.0,0.11869607865810394,0.0,0.44046643376350403,0.3130301833152771,0.0,0.0,0.0,0.5012534260749817,0.0,0.14464490115642548,0.34863781929016113,0.0,0.603439450263977,1.0071899890899658,0.5608626008033752,0.17781300842761993,0.0,0.7997013330459595,0.1115613579750061,0.697581946849823,0.0,0.5222810506820679,0.6790135502815247,0.0,0.9030227065086365,0.1870257556438446,0.0,0.0,0.0,0.0,0.8843574523925781,0.9245706796646118,0.38918185234069824,0.0,0.0,0.3235572576522827,0.0,0.0,0.0,0.0,0.0,0.0,0.024072833359241486,0.011567619629204273,0.5555688142776489,0.9054022431373596,0.0,0.9144411683082581,0.0,1.1070467233657837,0.0,0.7641446590423584,0.0,0.7238500118255615,0.0,0.0,0.01420046016573906,0.0565187968313694,0.0,0.33186471462249756,0.30970585346221924,0.0,0.17635425925254822,0.0,0.5335558652877808,0.9463678598403931,0.0,0.0,0.4180735647678375,0.0,0.9815439581871033,0.4300151765346527,0.0,0.29928165674209595,0.36944231390953064,0.11393765360116959,0.8966291546821594,0.0,0.0,0.0,0.064720019698143,1.1155743598937988,0.6279975175857544,0.06942829489707947,0.0,0.0,0.0,0.14926719665527344,0.5067260265350342,0.0
/content/drive/MyDrive/494_Project_test_3/COMI/dataset/BPAEC/mitochondria/Z010/Z10_2.jpg,1,mitochondria,1,mitochondria,0.19932059943675995,0.0,0.0,0.0023803729563951492,0.5216253399848938,0.6551366448402405,0.0,0.18995755910873413,0.5501213073730469,0.5281335115432739,0.0,0.0,0.0,0.0,0.0,0.0,0.5224523544311523,0.0,0.0,0.0,0.46742764115333557,0.0,0.0,0.591510534286499,0.0,0.6220330595970154,0.10678929090499878,0.0,0.0,0.0,0.5879042744636536,0.06891915202140808,0.20522211492061615,0.2508009374141693,0.1398593783378601,0.44063588976860046,0.0,0.0,0.119166299700737,0.0,0.3240995705127716,0.2186216562986374,0.0,0.0,0.0,0.32800671458244324,0.0,0.20204725861549377,0.30175673961639404,0.0,0.4714644253253937,0.8127835392951965,0.5325172543525696,0.1262553632259369,0.0,0.660751223564148,0.0468393974006176,0.5752168893814087,0.05196260288357735,0.4673248529434204,0.7565112709999084,0.0,0.8096587657928467,0.2070503532886505,0.04849639907479286,0.0,0.0,0.0,0.7222435474395752,0.7452319860458374,0.33132320642471313,0.0,0.0,0.27820518612861633,0.0,0.0,0.0,0.0,0.08860611170530319,0.03941485285758972,0.037448134273290634,0.002208632417023182,0.40884333848953247,0.7153505682945251,0.0,0.7337159514427185,0.0,0.8978888392448425,0.0,0.561593770980835,0.007899388670921326,0.5983864068984985,0.0,0.0,0.04007820412516594,0.049562592059373856,0.09314685314893723,0.24022884666919708,0.3061911463737488,0.0,0.2046027034521103,0.0,0.5388970971107483,0.8048219680786133,0.0,0.0,0.5088812112808228,0.0,0.8248847723007202,0.3510681092739105,0.0,0.20837761461734772,0.5070145130157471,0.07678842544555664,0.718565046787262,0.0,0.0,0.0,0.004384275525808334,0.9123777151107788,0.5447524189949036,0.11375376582145691,0.0,0.0,0.0,0.04864007607102394,0.40444415807724,0.0
/content/drive/MyDrive/494_Project_test_3/COMI/dataset/BPAEC/mitochondria/Z010/Z10_20.jpg,1,mitochondria,2,nucleus,0.21598617732524872,0.0,0.0,0.0,0.5417784452438354,0.407162070274353,0.3778417110443115,0.2814399302005768,0.2819524109363556,0.45361456274986267,0.16842082142829895,0.4937777519226074,0.0,0.15877795219421387,0.4548778533935547,0.2190396934747696,0.1688554883003235,0.12012489140033722,0.0,0.06958016008138657,0.3429356813430786,0.0,0.0,0.6863672733306885,0.0,0.4539330005645752,0.1514587253332138,0.2274860143661499,0.0,0.2670971155166626,0.3988608717918396,0.5726416707038879,0.29994016885757446,0.1741907298564911,0.1264224350452423,0.7038994431495667,0.0,0.144211083650589,0.0,0.0,0.3286915421485901,0.3195982277393341,0.0,0.0,0.0,0.06434016674757004,0.0,0.11985015869140625,0.44887930154800415,0.49680575728416443,0.3485397696495056,0.548678457736969,0.7498407363891602,0.0,0.0,0.4415256381034851,0.2249337136745453,0.24920415878295898,0.4141637980937958,0.6136281490325928,0.9098796248435974,0.3915684223175049,0.5829920768737793,0.17023371160030365,0.6156872510910034,0.0,0.0,0.10202227532863617,0.7017755508422852,0.47226014733314514,0.3050241768360138,0.0,0.663340151309967,0.2066187560558319,0.0,0.0,0.0,0.3076593279838562,0.6193675398826599,0.5108669996261597,0.0029630232602357864,0.0,0.17349930107593536,0.38448309898376465,0.0,0.3854546844959259,0.0,0.6152049899101257,0.0,0.2462840974330902,0.4848933219909668,0.3506125509738922,0.29739299416542053,0.5607279539108276,0.39935389161109924,0.0,0.5935347676277161,0.2907506227493286,0.17624661326408386,0.0,0.13535071909427643,0.0,0.8318073749542236,0.5307515859603882,0.0,0.36244818568229675,0.7389423847198486,0.13364467024803162,0.4920026659965515,0.47018009424209595,0.0,0.2447812706232071,0.9370807409286499,0.4254462718963623,0.39384201169013977,0.0,0.0,0.09302116930484772,0.22856555879116058,0.6090134382247925,0.566857635974884,0.074225515127182,0.3294282555580139,0.0,0.0,0.035664770752191544,0.26503750681877136,0.0
/content/drive/MyDrive/494_Project_test_3/COMI/dataset/BPAEC/mitochondria/Z010/Z10_21.jpg,1,mitochondria,2,nucleus,0.21557208895683289,0.0,0.0,0.0,0.5381743311882019,0.3723057210445404,0.4333222508430481,0.2856900095939636,0.24028141796588898,0.44942706823349,0.20137202739715576,0.5592783093452454,0.0,0.22079405188560486,0.5098880529403687,0.27624061703681946,0.12081853300333023,0.17346876859664917,0.0,0.10676785558462143,0.3149244487285614,0.0,0.0,0.6908471584320068,0.0,0.42978212237358093,0.15423612296581268,0.2912631928920746,0.0,0.3146733045578003,0.37070518732070923,0.6156258583068848,0.3075064718723297,0.15896369516849518,0.14393973350524902,0.7354862093925476,0.0,0.19549979269504547,0.0,0.0,0.33384791016578674,0.3179612159729004,0.0,0.0,0.0,0.03483830392360687,0.0,0.07468855381011963,0.47134464979171753,0.5446199178695679,0.34521913528442383,0.5065526366233826,0.7685643434524536,0.0,0.0,0.4156245291233063,0.25207027792930603,0.20560646057128906,0.4566035866737366,0.6337618231773376,0.8868319392204285,0.4513132572174072,0.5367946028709412,0.1412850022315979,0.6718932390213013,0.0,0.0,0.16422246396541595,0.691012442111969,0.4403437376022339,0.29596543312072754,0.0,0.7288410663604736,0.1904054880142212,0.0,0.0,0.0,0.3708408772945404,0.6695599555969238,0.5643131732940674,0.0,0.0005126381292939186,0.16190144419670105,0.341566264629364,0.0,0.3413715660572052,0.0,0.5714048147201538,0.0,0.22189995646476746,0.5285487174987793,0.31628426909446716,0.33870112895965576,0.6123703122138977,0.44408881664276123,0.0,0.6505282521247864,0.2980031669139862,0.14493682980537415,0.0,0.10952109843492508,0.0,0.8643432855606079,0.5002308487892151,0.0,0.38615790009498596,0.7382444143295288,0.18766933679580688,0.4491862654685974,0.47687017917633057,0.0,0.24753634631633759,0.9573144316673279,0.4692550301551819,0.3629824221134186,0.0,0.0,0.13905084133148193,0.26696300506591797,0.5600121021270752,0.5729900002479553,0.051367126405239105,0.3808406889438629,0.0,0.0,0.04613076522946358,0.23924723267555237,0.0
/content/drive/MyDrive/494_Project_test_3/COMI/dataset/BPAEC/mitochondria/Z010/Z10_22.jpg,1,mitochondria,1,mitochondria,0.5605432391166687,0.10093837231397629,0.0,0.27479463815689087,0.9405949115753174,1.5181878805160522,0.0,0.4494284987449646,1.3914049863815308,1.2210516929626465,0.0,0.0,0.0,0.0,0.0,0.0,1.4834308624267578,0.0,0.0,0.0,0.8260158896446228,0.0,0.0,0.7758160829544067,0.0,1.3299835920333862,0.29556676745414734,0.0,0.0,0.0,1.4012848138809204,0.0,0.4414727985858917,0.7015711069107056,0.514419436454773,0.4935723841190338,0.0,0.0,0.432280957698822,0.0,0.7386778593063354,0.5214707255363464,0.0,0.0,0.0,1.2887722253799438,0.0,0.21685552597045898,0.3729407787322998,0.0,1.061414122581482,1.873347520828247,0.4449814558029175,0.5353621244430542,0.0,1.4142862558364868,0.12922769784927368,1.4075487852096558,0.0,0.5184128284454346,0.4994690418243408,0.0,1.494808316230774,0.3214350938796997,0.0,0.0,0.026813574135303497,0.0,1.4137791395187378,1.7418538331985474,0.5776079893112183,0.0,0.0,0.6216291785240173,0.0,0.0,0.0,0.0,0.0,0.0,0.15391752123832703,0.09638925641775131,1.1832776069641113,1.8592108488082886,0.0,1.7746678590774536,0.0,2.0461437702178955,0.0,1.6585561037063599,0.0,1.3848856687545776,0.0,0.0,0.0,0.2903456687927246,0.0,0.5367482304573059,0.5338003039360046,0.0,0.2423417866230011,0.0,0.26761311292648315,1.6335029602050781,0.0823819637298584,0.0,0.06365565210580826,0.0,1.8393491506576538,0.5910720825195312,0.0,0.5310059785842896,0.0,0.0,1.7401721477508545,0.0,0.0,0.0,0.0038168691098690033,2.0803685188293457,0.8576508164405823,0.09561168402433395,0.0,0.0,0.0,0.4212963879108429,0.9956220388412476,0.0
/content/drive/MyDrive/494_Project_test_3/COMI/dataset/BPAEC/mitochondria/Z010/Z10_23.jpg,1,mitochondria,1,mitochondria,0.30069875717163086,0.0,0.0,0.0,0.6250193119049072,0.5236302614212036,0.26539310812950134,0.35244220495224,0.38843172788619995,0.5881107449531555,0.19725623726844788,0.3684455156326294,0.0,0.03442220389842987,0.36759933829307556,0.10916583985090256,0.2764582335948944,0.0,0.0,0.0,0.36510249972343445,0.0,0.0,0.7448850870132446,0.0,0.5483892560005188,0.19709999859333038,0.12504050135612488,0.0,0.12245608866214752,0.5180709958076477,0.42289385199546814,0.3630487620830536,0.2501431405544281,0.21980246901512146,0.7637171149253845,0.0,0.08205050230026245,0.0,0.0,0.41463595628738403,0.3919556140899658,0.0,0.0,0.0,0.19619964063167572,0.0,0.07744310796260834,0.49551451206207275,0.34939855337142944,0.4525116980075836,0.714599072933197,0.7677192091941833,0.039319030940532684,0.0,0.5569539666175842,0.2679554224014282,0.3477252125740051,0.3713575303554535,0.6466782689094543,0.8489567637443542,0.24901607632637024,0.658485472202301,0.1629953235387802,0.4793882668018341,0.0,0.0,0.0,0.8332948684692383,0.6104406118392944,0.34611356258392334,0.0,0.4969184398651123,0.2376905381679535,0.0,0.0,0.0,0.1901608109474182,0.4738060235977173,0.435809850692749,0.0,0.0032231630757451057,0.2803530693054199,0.5422406196594238,0.0,0.52142733335495,0.0,0.7756772637367249,0.0,0.4118015766143799,0.36488085985183716,0.4562093913555145,0.22385482490062714,0.4290991425514221,0.3938285708427429,0.0,0.5176957845687866,0.3625454604625702,0.1850547045469284,0.0,0.10800239443778992,0.0,0.8210791349411011,0.6434911489486694,0.0,0.24312682449817657,0.6659472584724426,0.016467757523059845,0.6236274242401123,0.550662636756897,0.0,0.3220188617706299,0.820655107498169,0.4553418755531311,0.5270907282829285,0.0,0.0,0.07028870284557343,0.27745330333709717,0.767237663269043,0.6418867111206055,0.04353436827659607,0.2136363387107849,0.0,0.0,0.11681897938251495,0.35125505924224854,0.0
/content/drive/MyDrive/494_Project_test_3/COMI/dataset/BPAEC/mitochondria/Z010/Z10_24.jpg,1,mitochondria,1,mitochondria,0.1750613898038864,0.0,0.0,0.025717461481690407,0.4886486530303955,0.6554650068283081,0.0,0.16781920194625854,0.5402302145957947,0.5073748826980591,0.0,0.0,0.0,0.0,0.0,0.0,0.5238567590713501,0.0,0.0,0.0,0.5038958191871643,0.0,0.0,0.5669527649879456,0.0,0.633121132850647,0.08262060582637787,0.0,0.0,0.0,0.565696656703949,0.08268469572067261,0.17258046567440033,0.22487875819206238,0.11826630681753159,0.40334179997444153,0.0,0.0,0.15299716591835022,0.0,0.2797999978065491,0.19318272173404694,0.0,0.0,0.0,0.3087925314903259,0.0,0.24315449595451355,0.2822301983833313,0.0,0.4384646415710449,0.7797877192497253,0.4933088421821594,0.13996055722236633,0.0,0.6323323249816895,0.014292124658823013,0.584044873714447,0.02599591389298439,0.42405006289482117,0.8001753091812134,0.0,0.8226169943809509,0.24927961826324463,0.03899943828582764,0.0,0.0,0.0,0.6886935830116272,0.7225719690322876,0.31000590324401855,0.0,0.0,0.3169114887714386,0.0,0.0,0.0,0.0,0.10217121243476868,0.03685620427131653,0.07024352997541428,0.014750340022146702,0.40512216091156006,0.7066228985786438,0.0,0.7169063687324524,0.0,0.8757071495056152,0.0,0.52695631980896,0.030161552131175995,0.6199964880943298,0.0,0.0,0.022326108068227768,0.08056299388408661,0.10643601417541504,0.21139836311340332,0.33968842029571533,0.0,0.2377948760986328,0.0,0.5129624009132385,0.7907067537307739,0.0,0.011689500883221626,0.5393223166465759,0.0,0.8136810660362244,0.3212605118751526,0.0,0.17670361697673798,0.5326215028762817,0.059452589601278305,0.7190060019493103,0.0,0.0,0.0,0.0,0.894654393196106,0.5156915783882141,0.15359140932559967,0.0,0.0,0.0,0.026807818561792374,0.3859979808330536,0.0
/content/drive/MyDrive/494_Project_test_3/COMI/dataset/BPAEC/mitochondria/Z010/Z10_25.jpg,1,mitochondria,1,mitochondria,0.2633633017539978,0.0,0.0,0.0,0.5852832198143005,0.5719798803329468,0.13855552673339844,0.28676170110702515,0.43862974643707275,0.5550999045372009,0.09856138378381729,0.19972540438175201,0.0,0.0,0.20459240674972534,0.0,0.37083688378334045,0.0,0.0,0.0,0.40500572323799133,0.0,0.0,0.6853870153427124,0.0,0.5882084369659424,0.1615576297044754,0.0,0.0,0.0,0.537593424320221,0.28908655047416687,0.29605385661125183,0.24525514245033264,0.184546560049057,0.633416473865509,0.0,0.0,0.010207876563072205,0.0,0.3741752803325653,0.32479020953178406,0.0,0.0,0.0,0.23690803349018097,0.0,0.12399038672447205,0.41573816537857056,0.20549824833869934,0.4584794044494629,0.7391250729560852,0.672794759273529,0.05849388241767883,0.0,0.5935530662536621,0.17203539609909058,0.43255743384361267,0.2308477759361267,0.5686942934989929,0.8139928579330444,0.08266541361808777,0.715611457824707,0.18192225694656372,0.30635884404182434,0.0,0.0,0.0,0.7866238355636597,0.654345691204071,0.34423261880874634,0.0,0.3028040826320648,0.2619277834892273,0.0,0.0,0.0,0.020341932773590088,0.3274267911911011,0.2838730216026306,0.005512729287147522,0.005455886013805866,0.33440226316452026,0.6037805676460266,0.0,0.600801408290863,0.0,0.8151600956916809,0.0,0.4598543047904968,0.2313261181116104,0.5137096047401428,0.09275777637958527,0.2557313144207001,0.25124189257621765,0.0,0.35531264543533325,0.31243693828582764,0.23338617384433746,0.0,0.15178602933883667,0.0,0.7074300050735474,0.7019963264465332,0.0,0.14246803522109985,0.6061674356460571,0.0,0.6949670910835266,0.464800626039505,0.0,0.2730390429496765,0.7010860443115234,0.31268391013145447,0.603564977645874,0.0,0.0,0.0,0.1745157539844513,0.8172121047973633,0.6002532839775085,0.07503868639469147,0.06143421307206154,0.0,0.0,0.09261523187160492,0.36569228768348694,0.0
/content/drive/MyDrive/494_Project_test_3/COMI/dataset/BPAEC/mitochondria/Z010/Z10_26.jpg,1,mitochondria,1,mitochondria,0.2962139844894409,0.0,0.0,0.0,0.6212677359580994,0.6479606628417969,0.07924862205982208,0.32855790853500366,0.517204225063324,0.6138083934783936,0.10833936184644699,0.1482313573360443,0.0,0.0,0.1686076670885086,0.0,0.44897714257240295,0.0,0.0,0.0,0.45829078555107117,0.0,0.0,0.7053433656692505,0.0,0.6514821648597717,0.18391180038452148,0.0,0.0,0.0,0.6146189570426941,0.2101013958454132,0.3202078938484192,0.2861926853656769,0.2118014395236969,0.6605089902877808,0.0,0.0,0.05033207684755325,0.0,0.411622554063797,0.36037683486938477,0.0,0.0,0.0,0.32275891304016113,0.0,0.150227352976799,0.431863009929657,0.13453303277492523,0.49911749362945557,0.8298227190971375,0.6844301819801331,0.11196836829185486,0.0,0.6499249339103699,0.1922636330127716,0.4950065314769745,0.22121915221214294,0.5811664462089539,0.8298149108886719,0.015298739075660706,0.7817152142524719,0.2171247899532318,0.2419649064540863,0.0,0.0,0.0,0.8509659767150879,0.7361944913864136,0.36253294348716736,0.0,0.2300385981798172,0.3073769807815552,0.0,0.0,0.0,0.0,0.25859686732292175,0.25481361150741577,0.046615466475486755,0.029764238744974136,0.39456892013549805,0.6997145414352417,0.0,0.6762903332710266,0.0,0.9155721068382263,0.0,0.5512834787368774,0.18097737431526184,0.5772408843040466,0.066928930580616,0.19666658341884613,0.2528318762779236,0.022683236747980118,0.3223527669906616,0.3426271080970764,0.26457124948501587,0.0,0.17081990838050842,0.0,0.7101805210113525,0.7681013941764832,0.0,0.10844119638204575,0.6010042428970337,0.0,0.7860422134399414,0.49574869871139526,0.0,0.30063754320144653,0.6698589324951172,0.327117919921875,0.6778856515884399,0.0,0.0,0.0,0.1873440444469452,0.921772837638855,0.627851128578186,0.090025894343853,0.009137768298387527,0.0,0.0,0.12090280652046204,0.42283356189727783,0.0
/content/drive/MyDrive/494_Project_test_3/COMI/dataset/BPAEC/mitochondria/Z010/Z10_27.jpg,1,mitochondria,2,nucleus,0.2977786660194397,0.0,0.0,0.0,0.6275109052658081,0.4527313709259033,0.38588714599609375,0.38019731640815735,0.2948611080646515,0.5452724695205688,0.2331351339817047,0.5157372355461121,0.0,0.19602355360984802,0.5125925540924072,0.24338002502918243,0.18292446434497833,0.12041498720645905,0.0,0.06415113061666489,0.34462687373161316,0.0,0.0,0.7643239498138428,0.0,0.5018733143806458,0.20164678990840912,0.2737704813480377,0.0,0.2559986114501953,0.4629759192466736,0.5653566718101501,0.3821220397949219,0.22646960616111755,0.20165640115737915,0.8181023597717285,0.0,0.18902738392353058,0.0,0.0,0.3974776864051819,0.4073663055896759,0.0,0.0,0.0,0.10422367602586746,0.0,0.07374826073646545,0.5346279144287109,0.4941083490848541,0.4041750729084015,0.6294839978218079,0.8155121207237244,0.0,0.0,0.48481830954551697,0.29318860173225403,0.24709868431091309,0.45191648602485657,0.6684002876281738,0.9068774580955505,0.40364915132522583,0.6025034785270691,0.17354720830917358,0.616036593914032,0.0,0.0,0.13502250611782074,0.8164360523223877,0.5155088901519775,0.34312519431114197,0.0,0.6902697086334229,0.22292828559875488,0.0,0.0,0.0,0.33085235953330994,0.608942449092865,0.5593429803848267,0.0,0.0008705230429768562,0.20550823211669922,0.4417198896408081,0.0,0.40851256251335144,0.0,0.6813313364982605,0.0,0.3044178783893585,0.5096446871757507,0.3754255473613739,0.3273828327655792,0.5814778804779053,0.4839421510696411,0.0,0.6506480574607849,0.3707314431667328,0.15001577138900757,0.0,0.09880697727203369,0.0,0.8944810628890991,0.5672054290771484,0.0,0.35294416546821594,0.733870267868042,0.14243490993976593,0.5399639010429382,0.5846986770629883,0.0,0.32021772861480713,0.9400085210800171,0.5410623550415039,0.4256822168827057,0.0,0.0,0.1632242053747177,0.3270544707775116,0.6710095405578613,0.6432508230209351,0.048558853566646576,0.35221993923187256,0.0,0.0,0.10951511561870575,0.32092830538749695,0.0
/content/drive/MyDrive/494_Project_test_3/COMI/dataset/BPAEC/mitochondria/Z010/Z10_28.jpg,1,mitochondria,2,nucleus,0.2296907752752304,0.0,0.0,0.0,0.5490325689315796,0.2821696400642395,0.5793418288230896,0.32898131012916565,0.13653229176998138,0.41215768456459045,0.2595561742782593,0.7399507761001587,0.0,0.41445550322532654,0.6866599917411804,0.4353666603565216,0.0,0.33938902616500854,0.0,0.23855535686016083,0.27301904559135437,0.0,0.0,0.7303400039672852,0.0,0.3680735230445862,0.16876065731048584,0.47768479585647583,0.0,0.4724653363227844,0.3071245551109314,0.7964995503425598,0.3387673497200012,0.13725045323371887,0.12784647941589355,0.8136156797409058,0.0,0.3311438262462616,0.0,0.0,0.3295305669307709,0.35266923904418945,0.0,0.0,0.0,0.0,0.0,0.0661391019821167,0.518488883972168,0.7224224805831909,0.2941916584968567,0.4207362234592438,0.8413212895393372,0.0,0.0,0.34092432260513306,0.291069358587265,0.0849958211183548,0.5612203478813171,0.6717649698257446,0.9570373892784119,0.6480467319488525,0.4671238660812378,0.1414659321308136,0.8587719202041626,0.0,0.0,0.35964176058769226,0.684918999671936,0.3319844603538513,0.29588717222213745,0.0,0.9629675149917603,0.1606503129005432,0.0,0.0,0.0,0.5536024570465088,0.8479796051979065,0.7170765399932861,0.0,0.0,0.061670929193496704,0.22298963367938995,0.0,0.21561512351036072,0.0,0.4635453522205353,0.0,0.09379105269908905,0.701766848564148,0.22430264949798584,0.4709677994251251,0.8053371906280518,0.5652685165405273,0.0,0.8091755509376526,0.319723516702652,0.10258860141038895,0.0,0.09289088100194931,0.0,0.9559733867645264,0.40688568353652954,0.0,0.5138630867004395,0.8216436505317688,0.34365206956863403,0.3387603461742401,0.5265383124351501,0.0,0.26042062044143677,1.1080600023269653,0.5825752019882202,0.23707430064678192,0.0,0.0,0.25768691301345825,0.3333100974559784,0.4484291970729828,0.5786501169204712,0.04693922400474548,0.5547416806221008,0.0,0.0,0.040774572640657425,0.20207881927490234,0.0
/content/drive/MyDrive/494_Project_test_3/COMI/dataset/BPAEC/mitochondria/Z010/Z10_29.jpg,1,mitochondria,1,mitochondria,0.3235917091369629,0.0,0.0,0.0,0.6595259308815002,0.6916833519935608,0.025532830506563187,0.3469778001308441,0.5624547004699707,0.672243058681488,0.11361006647348404,0.09082964807748795,0.0,0.0,0.1230565533041954,0.0,0.49188584089279175,0.0,0.0,0.0,0.46134623885154724,0.0,0.0,0.7270059585571289,0.0,0.6700956225395203,0.20356892049312592,0.0,0.0,0.0,0.6626172661781311,0.14713791012763977,0.3530580401420593,0.31711363792419434,0.2541748583316803,0.6818483471870422,0.0,0.0,0.06605101376771927,0.0,0.44750529527664185,0.3958921432495117,0.0,0.0,0.0,0.3809387683868408,0.0,0.1333879828453064,0.45455843210220337,0.08208915591239929,0.5390581488609314,0.9028904438018799,0.6889047026634216,0.13273034989833832,0.0,0.6981019973754883,0.22279784083366394,0.5321691632270813,0.20879487693309784,0.6009602546691895,0.8042677640914917,0.0,0.810594379901886,0.21173465251922607,0.18339082598686218,0.0,0.0,0.0,0.90861576795578,0.7959069609642029,0.37813931703567505,0.0,0.15392817556858063,0.3078368008136749,0.0,0.0,0.0,0.0,0.18786610662937164,0.2124830186367035,0.0414348766207695,0.023371879011392593,0.4222785234451294,0.7710136771202087,0.0,0.7324496507644653,0.0,0.9852627515792847,0.0,0.6144269704818726,0.1254674643278122,0.6155993342399597,0.033242255449295044,0.14731688797473907,0.23731110990047455,0.021003011614084244,0.2878892421722412,0.3692009150981903,0.2583431601524353,0.0,0.14955759048461914,0.0,0.7053948640823364,0.8062769174575806,0.0,0.06099408119916916,0.5701347589492798,0.0,0.8396203517913818,0.5368356704711914,0.0,0.335393488407135,0.6183207035064697,0.32305908203125,0.7262083888053894,0.0,0.0,0.0,0.19524246454238892,0.9888994693756104,0.6634030342102051,0.07208443433046341,0.0,0.0,0.0,0.14351755380630493,0.4630970060825348,0.0
/content/drive/MyDrive/494_Project_test_3/COMI/dataset/BPAEC/mitochondria/Z010/Z10_3.jpg,1,mitochondria,2,nucleus,0.20974285900592804,0.0,0.0,0.0,0.531655490398407,0.2687695622444153,0.5199669003486633,0.27387505769729614,0.1281014382839203,0.39006662368774414,0.20327284932136536,0.6498203277587891,0.0,0.30897781252861023,0.5922127962112427,0.3519906997680664,0.006384762469679117,0.27183428406715393,0.0,0.20029842853546143,0.22660861909389496,0.0,0.0,0.7068449258804321,0.0,0.3424378037452698,0.147356316447258,0.3777361214160919,0.0,0.4149196147918701,0.2854418158531189,0.7522192597389221,0.3098011314868927,0.12957541644573212,0.10984804481267929,0.7376956343650818,0.0,0.2614768445491791,0.0,0.0,0.31216830015182495,0.31351345777511597,0.0,0.0,0.0,0.0,0.0,0.04565698280930519,0.4773557782173157,0.6599555015563965,0.2981448471546173,0.4195818603038788,0.7947552800178528,0.0,0.0,0.3555549085140228,0.23928743600845337,0.10166138410568237,0.48183029890060425,0.64673912525177,0.9010830521583557,0.5714427828788757,0.45204341411590576,0.09823054820299149,0.785728931427002,0.0,0.0,0.24983759224414825,0.6517457365989685,0.3271724581718445,0.29306286573410034,0.0,0.8608270883560181,0.11555103212594986,0.0,0.0,0.0,0.4716350734233856,0.7846671938896179,0.627946674823761,0.0,0.0,0.05219023674726486,0.21587391197681427,0.0,0.24425561726093292,0.0,0.4508378207683563,0.0,0.0901942104101181,0.6240100264549255,0.22095522284507751,0.4018512964248657,0.7273025512695312,0.4784300923347473,0.0,0.7074344158172607,0.2944088280200958,0.08824501931667328,0.0,0.07222547382116318,0.0,0.8857724666595459,0.41615915298461914,0.0,0.4460606575012207,0.76612389087677,0.289237916469574,0.33197492361068726,0.4889566898345947,0.0,0.24299876391887665,1.0324548482894897,0.4901047945022583,0.24028797447681427,0.0,0.0,0.15841147303581238,0.27437466382980347,0.43105098605155945,0.5595208406448364,0.018212368711829185,0.48149654269218445,0.0,0.0,0.02349897101521492,0.19248619675636292,0.0
/content/drive/MyDrive/494_Project_test_3/COMI/dataset/BPAEC/mitochondria/Z010/Z10_30.jpg,1,mitochondria,2,nucleus,0.256801038980484,0.0,0.0,0.0,0.5853633880615234,0.10576388984918594,0.8575126528739929,0.3933899700641632,0.0,0.36498790979385376,0.3851839601993561,1.0726791620254517,0.0,0.7520415186882019,1.0018075704574585,0.7291394472122192,0.0,0.6410030722618103,0.0,0.48694100975990295,0.13815036416053772,0.0,0.0,0.8105818033218384,0.0,0.23880816996097565,0.20053015649318695,0.8143161535263062,0.0,0.7655557990074158,0.17485658824443817,1.1259105205535889,0.4176514744758606,0.09617163240909576,0.12366633862257004,0.982297420501709,0.0,0.5942710041999817,0.0,0.0,0.3412063717842102,0.42205074429512024,0.0,0.0,0.0,0.0,0.02251799963414669,0.0,0.6239339709281921,1.0453283786773682,0.22319631278514862,0.2551570534706116,0.9863564372062683,0.0,0.0,0.20978015661239624,0.3905979096889496,0.0,0.7659832835197449,0.7704736590385437,1.0173287391662598,1.0059492588043213,0.29986804723739624,0.07577794790267944,1.2068570852279663,0.0,0.0,0.697797954082489,0.6835016012191772,0.13320240378379822,0.298215389251709,0.0,1.3839751482009888,0.06942356377840042,0.0,0.0,0.0,0.8935971260070801,1.1753153800964355,0.9991440773010254,0.0,0.0,0.0,0.0,0.0,0.0,0.0,0.2619898319244385,0.0,0.0,0.9975773692131042,0.036949872970581055,0.7159036993980408,1.1558480262756348,0.7855236530303955,0.0,1.102603554725647,0.3663681447505951,0.0,0.0,0.009036590345203876,0.0,1.1342036724090576,0.23045827448368073,0.0,0.7220494747161865,0.9348922371864319,0.6404663324356079,0.10624099522829056,0.6325304508209229,0.0,0.3010590076446533,1.3542726039886475,0.8007822036743164,0.005121706053614616,0.0,0.0,0.4774739742279053,0.4833281636238098,0.22872790694236755,0.6066350936889648,0.0,0.8721914291381836,0.0,0.0,0.05286498740315437,0.11901819705963135,0.0
/content/drive/MyDrive/494_Project_test_3/COMI/dataset/BPAEC/mitochondria/Z010/Z10_31.jpg,1,mitochondria,1,mitochondria,0.3033102750778198,0.0,0.0,0.04996052384376526,0.6487712264060974,0.8494582176208496,0.0,0.2677704393863678,0.723608136177063,0.7036139965057373,0.0,0.0,0.0,0.0,0.0,0.0,0.7251313328742981,0.0,0.0,0.0,0.5303152203559875,0.0,0.0,0.6617171764373779,0.0,0.7899535298347473,0.16612966358661652,0.0,0.0,0.0,0.7731647491455078,0.0,0.28330615162849426,0.359857439994812,0.24073612689971924,0.48928290605545044,0.0,0.0,0.16742880642414093,0.0,0.436667799949646,0.32050618529319763,0.0,0.0,0.0,0.5368862748146057,0.0,0.18650808930397034,0.3426835536956787,0.0,0.6173564195632935,1.0595753192901611,0.5387800931930542,0.19103176891803741,0.0,0.8379964828491211,0.08701755106449127,0.7458875179290771,0.0,0.4946274161338806,0.6993602514266968,0.0,0.9567630290985107,0.22394178807735443,0.0,0.0,0.0,0.0,0.9101483821868896,0.9707584381103516,0.4030817151069641,0.0,0.0,0.35266321897506714,0.0,0.0,0.0,0.0,0.0,0.0,0.03851989656686783,0.015630345791578293,0.5789597034454346,0.9773724675178528,0.0,0.9672337174415588,0.0,1.1623120307922363,0.0,0.798820972442627,0.0,0.7759496569633484,0.0,0.0,0.0,0.08771787583827972,0.0,0.32682210206985474,0.3392409682273865,0.0,0.20009920001029968,0.0,0.5000117421150208,0.9825267791748047,0.0,0.0,0.4131893217563629,0.0,1.0425069332122803,0.43855100870132446,0.0,0.3050803542137146,0.33505144715309143,0.08161433041095734,0.9422092437744141,0.0,0.0,0.0,0.03631926700472832,1.1805095672607422,0.6333311796188354,0.09688667953014374,0.0,0.0,0.0,0.14880633354187012,0.5446449518203735,0.0
/content/drive/MyDrive/494_Project_test_3/COMI/dataset/BPAEC/mitochondria/Z010/Z10_32.jpg,1,mitochondria,2,nucleus,0.2136221081018448,0.0,0.0,0.0,0.5367475748062134,0.2445278763771057,0.5444930195808411,0.27458712458610535,0.10336283594369888,0.3843832015991211,0.2152000069618225,0.6785768270492554,0.0,0.3365531265735626,0.6169357299804688,0.38034167885780334,0.0,0.2988898456096649,0.0,0.2272203266620636,0.19980351626873016,0.0,0.0,0.7160478830337524,0.0,0.320631206035614,0.1518441140651703,0.4074472486972809,0.0,0.4436549246311188,0.26700201630592346,0.7818828225135803,0.32011544704437256,0.12385101616382599,0.11348185688257217,0.7540549635887146,0.0,0.2859468162059784,0.0,0.0,0.3161453306674957,0.3225244879722595,0.0,0.0,0.0,0.0,0.0008521545678377151,0.021261747926473618,0.48735958337783813,0.6882108449935913,0.2942854166030884,0.39986559748649597,0.8082171082496643,0.0,0.0,0.3424939215183258,0.2531571090221405,0.07343785464763641,0.49995800852775574,0.6600314378738403,0.8897779583930969,0.602915346622467,0.42608344554901123,0.07526902854442596,0.8147909641265869,0.0,0.0,0.27699562907218933,0.6522465944290161,0.304016649723053,0.29411494731903076,0.0,0.8954224586486816,0.09166794270277023,0.0,0.0,0.0,0.5019404292106628,0.8119605779647827,0.6489561796188354,0.0,0.0,0.030586451292037964,0.18613339960575104,0.0,0.2200988382101059,0.0,0.42674577236175537,0.0,0.0650651752948761,0.6458662152290344,0.196344256401062,0.4231775403022766,0.7582160830497742,0.49411237239837646,0.0,0.7291854023933411,0.30019840598106384,0.06592858582735062,0.0,0.05010884255170822,0.0,0.9008544683456421,0.3937673568725586,0.0,0.4599682688713074,0.7653475999832153,0.3174387216567993,0.29899466037750244,0.5003851056098938,0.0,0.2504042983055115,1.0455137491226196,0.5069897770881653,0.21237289905548096,0.0,0.0,0.17607292532920837,0.28953981399536133,0.40155765414237976,0.5631179809570312,0.001694200560450554,0.5104483366012573,0.0,0.0,0.026782449334859848,0.18095406889915466,0.0
/content/drive/MyDrive/494_Project_test_3/COMI/dataset/BPAEC/mitochondria/Z010/Z10_33.jpg,1,mitochondria,1,mitochondria,0.2327045351266861,0.0,0.0,0.036095961928367615,0.5576744079589844,0.7291959524154663,0.0,0.24394670128822327,0.6282914876937866,0.595196545124054,0.0002338513731956482,0.0,0.0,0.0,0.0,0.0,0.584822416305542,0.0,0.0,0.0,0.5389502644538879,0.0,0.0,0.621196985244751,0.0,0.7013702988624573,0.13748086988925934,0.0,0.0,0.0,0.6609300971031189,0.03713945671916008,0.2383260875940323,0.2886795103549957,0.1679961085319519,0.5133340358734131,0.0,0.0,0.1422729790210724,0.0,0.36781057715415955,0.27330803871154785,0.0,0.0,0.0,0.41695940494537354,0.0,0.22566625475883484,0.3330300450325012,0.0,0.5079843997955322,0.8850097060203552,0.5743903517723083,0.1948251873254776,0.0,0.6979625225067139,0.10130064934492111,0.6290705800056458,0.09389744699001312,0.5020337700843811,0.8053721189498901,0.0,0.8714978694915771,0.25727012753486633,0.0509004145860672,0.0,0.0,0.0,0.7929284572601318,0.825029730796814,0.34237176179885864,0.0,0.0,0.351365864276886,0.0,0.0,0.0,0.0,0.08477926254272461,0.07436446100473404,0.10843825340270996,0.049132272601127625,0.47826558351516724,0.79716956615448,0.0,0.7928432822227478,0.0,1.0001447200775146,0.0,0.650183916091919,0.004659742116928101,0.6639975309371948,0.0,0.0,0.0864628329873085,0.09255845844745636,0.1304752230644226,0.2746119499206543,0.34501051902770996,0.0,0.237200528383255,0.0,0.5860258340835571,0.8547833561897278,0.0,0.0035405680537223816,0.5450848937034607,0.0,0.8963156938552856,0.3824663758277893,0.0,0.23732943832874298,0.5395132303237915,0.1437455713748932,0.7937989830970764,0.0,0.0,0.0,0.053117964416742325,1.016510248184204,0.5761911869049072,0.1381908655166626,0.0,0.0,0.0,0.07524868845939636,0.44408145546913147,0.0
/content/drive/MyDrive/494_Project_test_3/COMI/dataset/BPAEC/mitochondria/Z010/Z10_34.jpg,1,mitochondria,1,mitochondria,0.33628880977630615,0.0,0.0,0.0,0.6769680380821228,0.6978064775466919,0.01146453246474266,0.35252314805984497,0.5732388496398926,0.6964719295501709,0.1339256465435028,0.08261293917894363,0.0,0.0,0.10892913490533829,0.0,0.502852201461792,0.0,0.0,0.0,0.43853655457496643,0.0,0.0,0.736781656742096,0.0,0.6782234311103821,0.21051552891731262,0.0,0.0,0.0,0.6776029467582703,0.12522238492965698,0.37380170822143555,0.32864031195640564,0.27076396346092224,0.7030650973320007,0.0,0.0,0.03138824552297592,0.0,0.48008763790130615,0.40024808049201965,0.0,0.0,0.0,0.4015520215034485,0.0,0.08427833020687103,0.4654557704925537,0.054719261825084686,0.5693629384040833,0.915364682674408,0.7025368213653564,0.13587141036987305,0.0,0.7109299898147583,0.2508019208908081,0.5402138829231262,0.21247601509094238,0.6343792080879211,0.7583423852920532,0.0,0.7999310493469238,0.16841304302215576,0.17050626873970032,0.0,0.0,0.0,0.9257941246032715,0.8231436610221863,0.3850013017654419,0.0,0.11907824873924255,0.2913123369216919,0.0,0.0,0.0,0.0,0.1708308458328247,0.20026689767837524,0.022852065041661263,0.018277902156114578,0.4498021602630615,0.7770330309867859,0.0,0.754818320274353,0.0,1.0039654970169067,0.0,0.647150993347168,0.0902693122625351,0.6126624941825867,0.023292826488614082,0.12152516841888428,0.23169046640396118,0.0,0.26470810174942017,0.3920109272003174,0.23259349167346954,0.0,0.12117087841033936,0.0,0.7156078815460205,0.8259775042533875,0.0,0.03588806837797165,0.5337860584259033,0.0,0.8417050242424011,0.5396137237548828,0.0,0.3544144034385681,0.5891808867454529,0.3308711051940918,0.7537457346916199,0.0,0.0,0.0,0.21725958585739136,1.0002529621124268,0.6764540672302246,0.03837376832962036,0.0,0.0,0.0,0.17088471353054047,0.46276700496673584,0.0
/content/drive/MyDrive/494_Project_test_3/COMI/dataset/BPAEC/mitochondria/Z010/Z10_35.jpg,1,mitochondria,1,mitochondria,0.40786170959472656,0.0,0.0,0.0,0.7625071406364441,0.7594930529594421,0.0,0.4134887754917145,0.6104599833488464,0.7795306444168091,0.15742020308971405,0.011934131383895874,0.0,0.0,0.07101206481456757,0.0,0.5548228025436401,0.0,0.0,0.0,0.42559880018234253,0.0,0.0,0.8006001114845276,0.0,0.7393020391464233,0.2526017725467682,0.0,0.0,0.0,0.7482126951217651,0.056402575224637985,0.439120352268219,0.3824170231819153,0.32674115896224976,0.7616899609565735,0.0,0.0,0.015150479972362518,0.0,0.5485372543334961,0.4720304012298584,0.0,0.0,0.0,0.46433669328689575,0.0,0.04301731660962105,0.5120489001274109,0.0,0.63774573802948,1.0175738334655762,0.7377585172653198,0.12180925905704498,0.0,0.7867295742034912,0.28465738892555237,0.5783566236495972,0.17297318577766418,0.6720358729362488,0.7229724526405334,0.0,0.8365906476974487,0.14769437909126282,0.09581911563873291,0.0,0.0,0.0,1.0313165187835693,0.8975580930709839,0.43243154883384705,0.0,0.042357515543699265,0.298409104347229,0.0,0.0,0.0,0.0,0.09519100934267044,0.16516537964344025,0.0,0.005636592395603657,0.5017553567886353,0.8658679127693176,0.0,0.834568202495575,0.0,1.0994354486465454,0.0,0.7227317094802856,0.032628852874040604,0.6616291403770447,0.0,0.0515998937189579,0.23477551341056824,0.0,0.22570092976093292,0.45838919281959534,0.21397213637828827,0.0,0.08697423338890076,0.0,0.7268539667129517,0.8876781463623047,0.0,0.0,0.48808953166007996,0.0,0.9098958969116211,0.6145287156105042,0.0,0.4217485785484314,0.5295761227607727,0.3787407875061035,0.8235815763473511,0.0,0.0,0.0,0.27031058073043823,1.0906667709350586,0.7334452271461487,0.003437494859099388,0.0,0.0,0.0,0.23810027539730072,0.5229008197784424,0.0
/content/drive/MyDrive/494_Project_test_3/COMI/dataset/BPAEC/mitochondria/Z010/Z10_36.jpg,1,mitochondria,2,nucleus,0.2803010642528534,0.0,0.0,0.0,0.6032580733299255,0.45430850982666016,0.4448443353176117,0.40130868554115295,0.2870803475379944,0.526075541973114,0.24895015358924866,0.5881636738777161,0.0,0.2822125256061554,0.5946690440177917,0.3061927258968353,0.17382647097110748,0.18946290016174316,0.0,0.10791422426700592,0.42103245854377747,0.0,0.0,0.7585703134536743,0.0,0.5243934392929077,0.19294415414333344,0.3572614789009094,0.0,0.31929439306259155,0.46144458651542664,0.6241568922996521,0.3692532777786255,0.21202239394187927,0.17420977354049683,0.8218557238578796,0.0,0.22918668389320374,0.0,0.0,0.358570396900177,0.3975367248058319,0.0,0.0,0.0,0.08429829031229019,0.0,0.1306726038455963,0.5435778498649597,0.5643522143363953,0.36494868993759155,0.5938876867294312,0.8265247941017151,0.028619425371289253,0.0,0.44181159138679504,0.2925865650177002,0.23838546872138977,0.5065843462944031,0.6347143650054932,0.9836222529411316,0.47764068841934204,0.622982919216156,0.24577414989471436,0.6798815131187439,0.0,0.0,0.2375873476266861,0.7992373704910278,0.48459476232528687,0.33449798822402954,0.0,0.7768280506134033,0.2777274250984192,0.0,0.0,0.0,0.40420299768447876,0.6734881401062012,0.6225772500038147,0.06177400052547455,0.03228792920708656,0.20473475754261017,0.4189853072166443,0.0,0.3560153841972351,0.0,0.651246964931488,0.0,0.2722713053226471,0.5836904644966125,0.37397679686546326,0.3802061378955841,0.6559534072875977,0.529411256313324,0.0,0.7327718138694763,0.3497221767902374,0.19584114849567413,0.0,0.152726411819458,0.0,0.923194169998169,0.5432537198066711,0.0,0.4442059099674225,0.8084820508956909,0.20241449773311615,0.5263360142707825,0.5825708508491516,0.0,0.29669445753097534,1.024387001991272,0.583065927028656,0.4101237952709198,0.0,0.0,0.22490884363651276,0.3360675573348999,0.6509368419647217,0.6345064640045166,0.10527939349412918,0.41451403498649597,0.0,0.0,0.09672386944293976,0.3101421296596527,0.0
/content/drive/MyDrive/494_Project_test_3/COMI/dataset/BPAEC/mitochondria/Z010/Z10_37.jpg,1,mitochondria,1,mitochondria,0.27578067779541016,0.0,0.0,0.0,0.5974733233451843,0.6721947193145752,0.12243922799825668,0.3532392084598541,0.5321825742721558,0.6094187498092651,0.12634463608264923,0.20525579154491425,0.0,0.0,0.2390207201242447,0.0,0.4555666148662567,0.0,0.0,0.0,0.546197235584259,0.0,0.0,0.6915056705474854,0.0,0.6815701127052307,0.17690759897232056,0.0,0.0,0.0,0.624937117099762,0.24933861196041107,0.3103417158126831,0.27697426080703735,0.18902146816253662,0.6722865104675293,0.0,0.0,0.10597500950098038,0.0,0.37398892641067505,0.3563934564590454,0.0,0.0,0.0,0.3270444869995117,0.0,0.21772867441177368,0.4409794807434082,0.18987628817558289,0.46140679717063904,0.8075754046440125,0.685163676738739,0.1705886274576187,0.0,0.6100689172744751,0.200482577085495,0.5040200352668762,0.2786751389503479,0.5496601462364197,0.9098502993583679,0.07346396148204803,0.819252610206604,0.2991657555103302,0.29047873616218567,0.0,0.0,0.0,0.8391374349594116,0.7207608819007874,0.34688469767570496,0.0,0.30447137355804443,0.3788956105709076,0.0,0.0,0.0,0.01976543664932251,0.30755868554115295,0.3102701008319855,0.1387290507555008,0.07597067952156067,0.4086952209472656,0.6957728266716003,0.0,0.6346156001091003,0.0,0.9113830924034119,0.0,0.5398789644241333,0.24653807282447815,0.5908880233764648,0.11263332515954971,0.25762322545051575,0.29747310280799866,0.09629590809345245,0.4026491045951843,0.3249501883983612,0.32037413120269775,0.0,0.22951480746269226,0.0,0.7402783632278442,0.7553504705429077,0.0,0.19229744374752045,0.6737810969352722,0.0,0.7912799715995789,0.4973410367965698,0.0,0.2761058807373047,0.747527003288269,0.36768239736557007,0.6764954328536987,0.0,0.0,0.0,0.19550587236881256,0.9222787618637085,0.614463210105896,0.15795764327049255,0.059375617653131485,0.0,0.0,0.10819315910339355,0.4195617139339447,0.0
/content/drive/MyDrive/494_Project_test_3/COMI/dataset/BPAEC/mitochondria/Z010/Z10_38.jpg,1,mitochondria,1,mitochondria,0.2901569604873657,0.0,0.0,0.0,0.6185846924781799,0.5736331939697266,0.12864930927753448,0.3120688498020172,0.4412570893764496,0.5848662257194519,0.1273515820503235,0.1992579847574234,0.0,0.0,0.20444338023662567,0.0,0.3725321590900421,0.0,0.0,0.0,0.37398403882980347,0.0,0.0,0.7063952088356018,0.0,0.5840973258018494,0.18315407633781433,0.0,0.0,0.0,0.5535487532615662,0.27495068311691284,0.3329789936542511,0.2626332640647888,0.20565134286880493,0.6702582836151123,0.0,0.0,0.0,0.0,0.41184037923812866,0.3555315434932709,0.0,0.0,0.0,0.2572128176689148,0.0,0.08092436194419861,0.44062167406082153,0.19290341436862946,0.48276379704475403,0.7589268088340759,0.6931912302970886,0.053931862115859985,0.0,0.6045656204223633,0.21554559469223022,0.42483600974082947,0.24443025887012482,0.6071954369544983,0.7761995792388916,0.0849824845790863,0.7010098695755005,0.14369693398475647,0.3006518483161926,0.0,0.0,0.0,0.8228772282600403,0.6699721217155457,0.3568078279495239,0.0,0.28593525290489197,0.23999947309494019,0.0,0.0,0.0,0.01765213906764984,0.31334367394447327,0.28077322244644165,0.0,0.0,0.3412246108055115,0.6107767224311829,0.0,0.6106430888175964,0.0,0.8340790867805481,0.0,0.4767037332057953,0.2111421823501587,0.5029157996177673,0.10069617629051208,0.24816472828388214,0.2622515559196472,0.0,0.3463848829269409,0.3491634130477905,0.1980980485677719,0.0,0.11175249516963959,0.0,0.7261142730712891,0.70965576171875,0.0,0.1254245936870575,0.5753629803657532,0.0,0.6914281845092773,0.49646270275115967,0.0,0.304634690284729,0.6768960952758789,0.34069567918777466,0.6103302836418152,0.0,0.0,0.0,0.20774096250534058,0.8245748281478882,0.619316577911377,0.037019602954387665,0.06088310852646828,0.0,0.0,0.12412990629673004,0.37786152958869934,0.0
/content/drive/MyDrive/494_Project_test_3/COMI/dataset/BPAEC/mitochondria/Z010/Z10_39.jpg,1,mitochondria,2,nucleus,0.29233717918395996,0.0,0.0,0.0,0.6236751675605774,0.2614608407020569,0.8013460040092468,0.5095348358154297,0.06789221614599228,0.4858350157737732,0.4132557809352875,1.0275931358337402,0.0,0.737562358379364,1.0379120111465454,0.6949492692947388,0.0,0.6006460189819336,0.0,0.41854965686798096,0.3759177029132843,0.0,0.0,0.8405570983886719,0.0,0.42613112926483154,0.23257939517498016,0.8114830255508423,0.0,0.7164830565452576,0.3392944931983948,1.0308849811553955,0.4564487040042877,0.167363703250885,0.14932718873023987,1.0083518028259277,0.0,0.5625476241111755,0.0,0.0,0.3379468321800232,0.4654128849506378,0.0,0.0,0.0,0.0,0.0,0.08032113313674927,0.696316659450531,0.9785515069961548,0.25904443860054016,0.39832594990730286,0.9995326995849609,0.0,0.0,0.25600457191467285,0.41322559118270874,0.0,0.8136101961135864,0.7177172899246216,1.1338624954223633,0.9391332864761353,0.45872703194618225,0.25942206382751465,1.1224814653396606,0.0,0.0,0.7227686643600464,0.787615180015564,0.25653275847435,0.3317432701587677,0.0,1.3103307485580444,0.23187696933746338,0.0,0.0,0.0,0.8586318492889404,1.0825393199920654,0.9923692941665649,0.056338973343372345,0.008118336088955402,0.03016098588705063,0.16338887810707092,0.0,0.058539751917123795,0.0,0.41553306579589844,0.0,0.02779465913772583,0.9711033701896667,0.18528804183006287,0.6978994011878967,1.108579397201538,0.8251916766166687,0.0,1.141780972480774,0.3903273642063141,0.12228269129991531,0.0,0.1122020035982132,0.0,1.1550474166870117,0.34227705001831055,0.0,0.7863698601722717,1.0045117139816284,0.5883696675300598,0.2748701572418213,0.7153011560440063,0.0,0.33127057552337646,1.37203848361969,0.8687618970870972,0.16619566082954407,0.0,0.0,0.5384639501571655,0.5250105857849121,0.4025169909000397,0.6739822626113892,0.08208714425563812,0.8147534728050232,0.0,0.0,0.10506856441497803,0.212793231010437,0.0
/content/drive/MyDrive/494_Project_test_3/COMI/dataset/BPAEC/mitochondria/Z010/Z10_4.jpg,1,mitochondria,1,mitochondria,0.22744661569595337,0.0,0.0,0.0,0.5533860921859741,0.49344193935394287,0.1998884379863739,0.2554381191730499,0.36872556805610657,0.4926973581314087,0.08661358803510666,0.2765880525112152,0.0,0.0,0.25527605414390564,0.0197812058031559,0.29367855191230774,0.0,0.0,0.0,0.35731250047683716,0.0,0.0,0.6704065799713135,0.0,0.5128384828567505,0.14420261979103088,0.004326321184635162,0.0,0.07200329005718231,0.47166159749031067,0.3806167244911194,0.279105007648468,0.21384647488594055,0.1427287459373474,0.617203950881958,0.0,0.0,0.0,0.0,0.34727743268013,0.2958538830280304,0.0,0.0,0.0,0.15865960717201233,0.0,0.11541548371315002,0.4026472568511963,0.29306307435035706,0.4109770357608795,0.6615241169929504,0.6824948191642761,0.013839280232787132,0.0,0.5390815734863281,0.1604534089565277,0.36226871609687805,0.26406773924827576,0.5737504959106445,0.8251471519470215,0.1707693487405777,0.6556540131568909,0.15347473323345184,0.39696693420410156,0.0,0.0,0.0,0.7288770079612732,0.574505627155304,0.32766926288604736,0.0,0.39278045296669006,0.21084725856781006,0.0,0.0,0.0,0.09068281948566437,0.4129539728164673,0.324831485748291,0.0,0.0,0.25961387157440186,0.5053649544715881,0.0,0.5259230732917786,0.0,0.7234542965888977,0.0,0.368242084980011,0.2915213704109192,0.43563297390937805,0.14054477214813232,0.3347160518169403,0.26536932587623596,0.0,0.3889049291610718,0.28930386900901794,0.20100001990795135,0.0,0.13701152801513672,0.0,0.7223540544509888,0.6405824422836304,0.0,0.1984167844057083,0.6308218240737915,0.0,0.6118564605712891,0.44163161516189575,0.0,0.2476649433374405,0.7571195960044861,0.3019183576107025,0.5158044099807739,0.0,0.0,0.0,0.15696042776107788,0.7193626165390015,0.5721430778503418,0.05989983677864075,0.13740751147270203,0.0,0.0,0.05689724162220955,0.3228762447834015,0.0
/content/drive/MyDrive/494_Project_test_3/COMI/dataset/BPAEC/mitochondria/Z010/Z10_40.jpg,1,mitochondria,2,nucleus,0.2656642496585846,0.0,0.0,0.0,0.5953993201255798,0.4027864336967468,0.399979829788208,0.3295673429965973,0.2577417194843292,0.4975624680519104,0.2197498381137848,0.5176906585693359,0.0,0.1786428987979889,0.49272969365119934,0.23530025780200958,0.14421392977237701,0.13126157224178314,0.0,0.0798066258430481,0.2968522012233734,0.0,0.0,0.735512375831604,0.0,0.4606369733810425,0.18349885940551758,0.2633376121520996,0.0,0.26852312684059143,0.4093359112739563,0.5908862948417664,0.3512922525405884,0.1944463551044464,0.1682632863521576,0.772682249546051,0.0,0.18199242651462555,0.0,0.0,0.3765835165977478,0.3705408573150635,0.0,0.0,0.0,0.06174357235431671,0.0,0.05217987671494484,0.49738484621047974,0.5081756114959717,0.3816572427749634,0.5677528381347656,0.7945386171340942,0.0,0.0,0.4562356770038605,0.2723255157470703,0.22224238514900208,0.4343048632144928,0.6607003808021545,0.8713402152061462,0.4215850234031677,0.5588799715042114,0.12619927525520325,0.6404814720153809,0.0,0.0,0.12383422255516052,0.758840799331665,0.47435247898101807,0.32806456089019775,0.0,0.691335141658783,0.1876886785030365,0.0,0.0,0.0,0.34163257479667664,0.6375231742858887,0.5440220236778259,0.0,0.0,0.18038322031497955,0.3842565417289734,0.0,0.3832091987133026,0.0,0.6225135922431946,0.0,0.25292113423347473,0.4997105598449707,0.33916276693344116,0.3225131332874298,0.5809497833251953,0.44730618596076965,0.0,0.626442551612854,0.34352394938468933,0.13216671347618103,0.0,0.08829496800899506,0.0,0.8721849918365479,0.5306280851364136,0.0,0.34837713837623596,0.716080904006958,0.1579994410276413,0.47560548782348633,0.5271778106689453,0.0,0.2933327555656433,0.9342324733734131,0.49992606043815613,0.39316144585609436,0.0,0.0,0.1367361843585968,0.29842713475227356,0.6068267822265625,0.6048609614372253,0.0282884668558836,0.3554060161113739,0.0,0.0,0.08637374639511108,0.2727062404155731,0.0
/content/drive/MyDrive/494_Project_test_3/COMI/dataset/BPAEC/mitochondria/Z010/Z10_41.jpg,1,mitochondria,2,nucleus,0.2524328827857971,0.0,0.0,0.0,0.5854148864746094,0.09704121202230453,0.8988566398620605,0.4120900332927704,0.0,0.35733848810195923,0.3982752561569214,1.1257556676864624,0.0,0.8165696263313293,1.056328535079956,0.779691219329834,0.0,0.69414883852005,0.0,0.528372049331665,0.1513223499059677,0.0,0.0,0.8182490468025208,0.0,0.2372981309890747,0.20099647343158722,0.8694220781326294,0.0,0.8131034970283508,0.1658271700143814,1.173927903175354,0.42814767360687256,0.0891696885228157,0.12073422223329544,1.0055785179138184,0.0,0.6328288316726685,0.0,0.0,0.32743018865585327,0.4265722930431366,0.0,0.0,0.0,0.0,0.025074807927012444,0.0,0.6450958847999573,1.0963143110275269,0.205532044172287,0.23200808465480804,1.0018770694732666,0.0,0.0,0.18554329872131348,0.40351635217666626,0.0,0.8023339509963989,0.7699015140533447,1.0461333990097046,1.0597182512283325,0.2945804297924042,0.09736493974924088,1.2533791065216064,0.0,0.0,0.7581492066383362,0.6807151436805725,0.10763925313949585,0.2988753318786621,0.0,1.450985312461853,0.08104140311479568,0.0,0.0,0.0,0.9458839893341064,1.2166249752044678,1.0459014177322388,0.0,0.0,0.0,0.0,0.0,0.0,0.0,0.23411597311496735,0.0,0.0,1.0516626834869385,0.01929054781794548,0.7521138787269592,1.209954023361206,0.8214770555496216,0.0,1.1618731021881104,0.36738547682762146,0.0,0.0,0.01731092296540737,0.0,1.1623263359069824,0.20994248986244202,0.0,0.7668678164482117,0.9656276702880859,0.686232328414917,0.08925504982471466,0.6515558362007141,0.0,0.30128031969070435,1.4001065492630005,0.8371272087097168,0.0,0.0,0.0,0.5205188989639282,0.5015961527824402,0.20618775486946106,0.6111226081848145,0.004537498578429222,0.9216300845146179,0.0,0.0,0.05324297770857811,0.11280013620853424,0.0
/content/drive/MyDrive/494_Project_test_3/COMI/dataset/BPAEC/mitochondria/Z010/Z10_42.jpg,1,mitochondria,1,mitochondria,0.3660709857940674,0.0,0.0,0.0,0.7153205871582031,0.7029683589935303,0.08780243992805481,0.428504079580307,0.5347091555595398,0.7127053141593933,0.18233363330364227,0.1617697775363922,0.0,0.0,0.2360561490058899,0.0,0.47090908885002136,0.0,0.0,0.0,0.48728808760643005,0.0,0.0,0.7870738506317139,0.0,0.7053735852241516,0.237675279378891,0.0,0.0,0.0,0.6820441484451294,0.21699585020542145,0.41445988416671753,0.33805814385414124,0.26913630962371826,0.7682648301124573,0.0,0.0,0.04517820477485657,0.0,0.47023123502731323,0.466884970664978,0.0,0.0,0.0,0.36634761095046997,0.0,0.11857730150222778,0.5203190445899963,0.15650656819343567,0.5403881072998047,0.9053851366043091,0.7482683658599854,0.11908827722072601,0.0,0.6768729090690613,0.27533048391342163,0.49817654490470886,0.2632368803024292,0.6197023391723633,0.844077467918396,0.040241554379463196,0.8181489109992981,0.23766323924064636,0.2512744069099426,0.0,0.0,0.0,0.9753295183181763,0.7808859348297119,0.40064170956611633,0.0,0.2597242593765259,0.34783971309661865,0.0,0.0,0.0,0.0,0.2503526508808136,0.29458898305892944,0.03993187099695206,0.03469366207718849,0.43248939514160156,0.7619125247001648,0.0,0.6914781332015991,0.0,0.9840490818023682,0.0,0.5884894132614136,0.20861250162124634,0.6058754324913025,0.09417132288217545,0.23133985698223114,0.3226797580718994,0.03577895835042,0.39168882369995117,0.4112609922885895,0.2511235475540161,0.0,0.14973771572113037,0.0,0.7814148664474487,0.7877190113067627,0.0,0.13240356743335724,0.6174236536026001,0.0,0.8178722858428955,0.6149181723594666,0.0,0.37603759765625,0.7017420530319214,0.4529615044593811,0.721602201461792,0.0,0.0,0.004679873585700989,0.28401774168014526,0.9861689805984497,0.7016561627388,0.08181590586900711,0.03232467547059059,0.0,0.0,0.1922161728143692,0.47501203417778015,0.0
/content/drive/MyDrive/494_Project_test_3/COMI/dataset/BPAEC/mitochondria/Z010/Z10_43.jpg,1,mitochondria,1,mitochondria,0.26814672350883484,0.0,0.0,0.0,0.5969530940055847,0.657550573348999,0.012333065271377563,0.2802272140979767,0.5343911051750183,0.5950407981872559,0.05569267272949219,0.05690106004476547,0.0,0.0,0.07319598644971848,0.0,0.4860725700855255,0.0,0.0,0.0,0.4544948637485504,0.0,0.0,0.6703662872314453,0.0,0.6507836580276489,0.16134385764598846,0.0,0.0,0.0,0.6125932335853577,0.1457080841064453,0.286367803812027,0.27992892265319824,0.19163784384727478,0.5868299603462219,0.0,0.0,0.06302059441804886,0.0,0.39356452226638794,0.3179532587528229,0.0,0.0,0.0,0.33634212613105774,0.0,0.15245968103408813,0.3878468871116638,0.06244891136884689,0.5028738379478455,0.8339108228683472,0.6325391530990601,0.11321230232715607,0.0,0.6632894277572632,0.14815860986709595,0.531914234161377,0.1484079360961914,0.5493967533111572,0.7875584363937378,0.0,0.7931985259056091,0.2009407877922058,0.158383309841156,0.0,0.0,0.0,0.8161190152168274,0.7548409700393677,0.3565491735935211,0.0,0.11863824725151062,0.2962609529495239,0.0,0.0,0.0,0.0,0.1850290447473526,0.16416676342487335,0.03179795295000076,0.01632470265030861,0.41497546434402466,0.7164590954780579,0.0,0.714297354221344,0.0,0.9248455166816711,0.0,0.5677984952926636,0.09844062477350235,0.5936264395713806,0.0,0.10401371121406555,0.16562815010547638,0.024546567350625992,0.2253572642803192,0.315053254365921,0.27127605676651,0.0,0.17665475606918335,0.0,0.648661732673645,0.7911835312843323,0.0,0.04829205572605133,0.5541554689407349,0.0,0.8049134612083435,0.44524478912353516,0.0,0.275642454624176,0.5965012311935425,0.23917192220687866,0.7116919755935669,0.0,0.0,0.0,0.12794706225395203,0.9305955171585083,0.6033017635345459,0.08652276545763016,0.0,0.0,0.0,0.10361519455909729,0.41880348324775696,0.0
/content/drive/MyDrive/494_Project_test_3/COMI/dataset/BPAEC/mitochondria/Z010/Z10_44.jpg,1,mitochondria,1,mitochondria,0.29989558458328247,0.0,0.0,0.07890114188194275,0.6285660266876221,0.8676912784576416,0.0,0.30825793743133545,0.7727805972099304,0.7281492948532104,0.020485147833824158,0.0,0.0,0.0,0.0,0.0,0.7321949005126953,0.0,0.0,0.0,0.6063352227210999,0.0,0.0,0.6573389768600464,0.0,0.8036209940910339,0.17770633101463318,0.0,0.0,0.0,0.8038436770439148,0.0,0.29551535844802856,0.366163969039917,0.2509631812572479,0.5564321875572205,0.0,0.0,0.20247089862823486,0.0,0.4509095549583435,0.33629700541496277,0.0,0.0,0.0,0.5912604928016663,0.0,0.21660912036895752,0.36801302433013916,0.0,0.6052088737487793,1.0620332956314087,0.571931004524231,0.2968534827232361,0.0,0.8095384836196899,0.15904182195663452,0.7551553845405579,0.05809624120593071,0.5318900942802429,0.7679793834686279,0.0,0.9719783663749695,0.27545326948165894,0.0,0.0,0.0,0.0,0.9205445051193237,0.9955071210861206,0.3680438697338104,0.0,0.0,0.4052152633666992,0.0,0.0,0.0,0.0,0.0,0.0,0.15823157131671906,0.07897084206342697,0.5998731851577759,0.9823862910270691,0.0,0.9441341757774353,0.0,1.1909377574920654,0.0,0.8393770456314087,0.0,0.7807373404502869,0.0,0.0,0.06109929457306862,0.13652025163173676,0.035185568034648895,0.34355366230010986,0.3714603781700134,0.0,0.22615540027618408,0.0,0.5682457685470581,0.9832614660263062,0.0,0.0,0.4801919758319855,0.0,1.0626786947250366,0.4459614157676697,0.0,0.3033478260040283,0.4186881482601166,0.1463249772787094,0.9535002112388611,0.0,0.0,0.0,0.07947712391614914,1.20270574092865,0.6383362412452698,0.1296439915895462,0.0,0.0,0.0,0.1461513787508011,0.54777991771698,0.0
/content/drive/MyDrive/494_Project_test_3/COMI/dataset/BPAEC/mitochondria/Z010/Z10_45.jpg,1,mitochondria,1,mitochondria,0.632651686668396,0.0,0.0,0.0,1.0296298265457153,0.9105331301689148,0.0,0.6419997215270996,0.698989748954773,1.0592503547668457,0.30489611625671387,0.0,0.0,0.0,0.07133802771568298,0.0,0.6621649861335754,0.0,0.0,0.0,0.3907293677330017,0.0,0.0,1.002588152885437,0.0,0.8597218990325928,0.39979538321495056,0.0,0.0,0.0,0.9526507258415222,0.0,0.6808416247367859,0.5502802729606628,0.530860960483551,1.0134462118148804,0.0,0.0,0.0,0.0,0.7760119438171387,0.726834237575531,0.0,0.0,0.0,0.6362314820289612,0.0,0.0,0.7146180272102356,0.0,0.837742805480957,1.2965679168701172,0.8856316208839417,0.10610499233007431,0.0,0.9581882953643799,0.483035147190094,0.6267708539962769,0.18309828639030457,0.8246990442276001,0.6122073531150818,0.0,0.9054216146469116,0.08459817618131638,0.0,0.0,0.0,0.0,1.3730043172836304,1.0895742177963257,0.5543007254600525,0.0,0.0,0.3007500171661377,0.0,0.0,0.0,0.0,0.0,0.13478893041610718,0.0,0.0,0.6251771450042725,1.0882614850997925,0.0,0.9942720532417297,0.0,1.3450325727462769,0.0,0.9335930347442627,0.0,0.7531229853630066,0.0,0.0,0.32752007246017456,0.0,0.2107631117105484,0.678719699382782,0.10955239832401276,0.0,0.0,0.0,0.8335206508636475,1.0220441818237305,0.0,0.0,0.37050923705101013,0.0,1.0580097436904907,0.9063591957092285,0.0,0.6511255502700806,0.40862008929252625,0.6019081473350525,0.9815558195114136,0.0,0.0,0.0,0.486861914396286,1.3157979249954224,0.9397661685943604,0.0,0.0,0.0,0.0,0.4542533755302429,0.7006889581680298,0.0
/content/drive/MyDrive/494_Project_test_3/COMI/dataset/BPAEC/mitochondria/Z010/Z10_46.jpg,1,mitochondria,2,nucleus,0.43651026487350464,0.0,0.0,0.0,0.7946648597717285,0.4758104681968689,0.5037692189216614,0.5769869685173035,0.2573172450065613,0.6879657506942749,0.40046417713165283,0.6886357665061951,0.0,0.36891984939575195,0.7366657257080078,0.38778719305992126,0.13523437082767487,0.2415124922990799,0.0,0.1537131369113922,0.3392505943775177,0.0,0.0,0.9331365823745728,0.0,0.5680438280105591,0.3002919554710388,0.4679854214191437,0.0,0.3664162755012512,0.5444298386573792,0.6869117617607117,0.5610963106155396,0.30112555623054504,0.2954784035682678,1.062170147895813,0.0,0.350467711687088,0.0,0.0,0.5187782645225525,0.5803248286247253,0.0,0.0,0.0,0.10902776569128036,0.0,0.0,0.7261918187141418,0.6191712617874146,0.47050178050994873,0.703173816204071,1.0016838312149048,0.0,0.0,0.5050070285797119,0.4635581374168396,0.17935514450073242,0.6139222979545593,0.7945330142974854,0.9476214051246643,0.5790600776672363,0.5950538516044617,0.16723236441612244,0.7686762809753418,0.0,0.0,0.3202701807022095,1.0166774988174438,0.5312916040420532,0.42451906204223633,0.0,0.8760688304901123,0.23924341797828674,0.0,0.0,0.0,0.5075480937957764,0.7256677746772766,0.7387440800666809,0.0,0.0,0.22080446779727936,0.46109849214553833,0.0,0.36981096863746643,0.0,0.7237680554389954,0.0,0.32114377617836,0.6464118361473083,0.35576969385147095,0.4783875346183777,0.7484041452407837,0.6898677945137024,0.0,0.8513361811637878,0.5191852450370789,0.08628205955028534,0.0,0.02946329303085804,0.0,1.0808244943618774,0.5666543245315552,0.0,0.4541637599468231,0.7895094156265259,0.2765442132949829,0.5236727595329285,0.8044413328170776,0.0,0.46522700786590576,1.0663727521896362,0.8256601095199585,0.4251156151294708,0.0,0.0,0.38059842586517334,0.5490303635597229,0.7067116498947144,0.7847312092781067,0.0,0.508315920829773,0.0,0.0,0.24687378108501434,0.37955331802368164,0.0
/content/drive/MyDrive/494_Project_test_3/COMI/dataset/BPAEC/mitochondria/Z010/Z10_47.jpg,1,mitochondria,2,nucleus,0.273235946893692,0.0,0.0,0.0,0.5984386801719666,0.251170814037323,0.7629780173301697,0.4486566185951233,0.059263408184051514,0.44123831391334534,0.36411938071250916,0.9795364737510681,0.0,0.6677559614181519,0.9461168646812439,0.6440379619598389,0.0,0.5413162708282471,0.0,0.38355836272239685,0.306077241897583,0.0,0.0,0.8165051341056824,0.0,0.3826504647731781,0.20458389818668365,0.7315002679824829,0.0,0.6596232056617737,0.304447740316391,0.9978868365287781,0.41979193687438965,0.14595386385917664,0.14297503232955933,0.9712232947349548,0.0,0.5155872702598572,0.0,0.0,0.3401579260826111,0.4232027232646942,0.0,0.0,0.0,0.0,0.0,0.06453591585159302,0.6389192342758179,0.9287383556365967,0.2632204592227936,0.38248589634895325,0.9660069942474365,0.0,0.0,0.2786056697368622,0.3759043216705322,0.0,0.7402652502059937,0.7241665720939636,1.0799705982208252,0.883698046207428,0.440945029258728,0.20087367296218872,1.0781611204147339,0.0,0.0,0.6230451464653015,0.7456001043319702,0.2559630274772644,0.31819790601730347,0.0,1.2503259181976318,0.19125321507453918,0.0,0.0,0.0,0.7866233587265015,1.0486986637115479,0.9400302171707153,0.0054476018995046616,0.0020156623795628548,0.01166217029094696,0.14694955945014954,0.0,0.08790843188762665,0.0,0.4004611372947693,0.0,0.019680000841617584,0.9192989468574524,0.16553828120231628,0.6494589447975159,1.048291563987732,0.7647533416748047,0.0,1.0593891143798828,0.3728271722793579,0.09235429763793945,0.0,0.09325936436653137,0.0,1.1075797080993652,0.34842225909233093,0.0,0.6988937854766846,0.9554646611213684,0.5381093621253967,0.27485325932502747,0.6523528099060059,0.0,0.30723828077316284,1.3144806623458862,0.790841817855835,0.15378215909004211,0.0,0.0,0.4623439908027649,0.4701497554779053,0.39114341139793396,0.6415222883224487,0.0659312903881073,0.7692962884902954,0.0,0.0,0.0802937000989914,0.20071397721767426,0.0
/content/drive/MyDrive/494_Project_test_3/COMI/dataset/BPAEC/mitochondria/Z010/Z10_48.jpg,1,mitochondria,1,mitochondria,0.31013137102127075,0.0,0.0,0.10196264833211899,0.6470972895622253,0.9155120849609375,0.0,0.3177410960197449,0.7937544584274292,0.7373005151748657,0.0,0.0,0.0,0.0,0.0,0.0,0.7817233800888062,0.0,0.0,0.0,0.6382254958152771,0.0,0.0,0.6628751158714294,0.0,0.8621154427528381,0.17592495679855347,0.0,0.0,0.0,0.8297910690307617,0.0,0.2920140326023102,0.3770062327384949,0.24122661352157593,0.5309218168258667,0.0,0.0,0.23221376538276672,0.0,0.43951544165611267,0.3450813293457031,0.0,0.0,0.0,0.6059649586677551,0.0,0.258301705121994,0.3575078845024109,0.0,0.6120824813842773,1.0963659286499023,0.5516884922981262,0.2869580388069153,0.0,0.8392351865768433,0.11875293403863907,0.7971289753913879,0.0,0.4958495795726776,0.7854281663894653,0.0,1.0281672477722168,0.31199878454208374,0.0,0.0,0.0,0.0,0.9403899908065796,1.0189372301101685,0.3927207291126251,0.0,0.0,0.4539046287536621,0.0,0.0,0.0,0.0,0.0,0.0,0.15588565170764923,0.08363674581050873,0.6354489922523499,1.0368398427963257,0.0,0.9867987036705017,0.0,1.2303684949874878,0.0,0.8512609004974365,0.0,0.8329337239265442,0.0,0.0,0.022355299443006516,0.1685021072626114,0.0,0.34008631110191345,0.4101618528366089,0.0,0.26358792185783386,0.0,0.5372486114501953,1.0182466506958008,0.0021419748663902283,0.0,0.4793969690799713,0.0,1.105778694152832,0.44396233558654785,0.0,0.3031580448150635,0.39390885829925537,0.1343783736228943,1.0014129877090454,0.0,0.0,0.0,0.06263667345046997,1.2563104629516602,0.635107696056366,0.1630447506904602,0.0,0.0,0.0,0.15777388215065002,0.5710529685020447,0.0
/content/drive/MyDrive/494_Project_test_3/COMI/dataset/BPAEC/mitochondria/Z010/Z10_49.jpg,1,mitochondria,1,mitochondria,0.23822811245918274,0.03494677692651749,0.0,0.14391295611858368,0.5701302886009216,0.9054566621780396,0.0,0.2893747091293335,0.8113051652908325,0.6893365383148193,0.0,0.0,0.0,0.0,0.0,0.0,0.7629172205924988,0.0,0.0,0.0,0.7339468002319336,0.0,0.0,0.61517333984375,0.0,0.8432288765907288,0.14212459325790405,0.0,0.0,0.0,0.8099953532218933,0.0,0.23538027703762054,0.3409062623977661,0.18331170082092285,0.5056269764900208,0.0,0.0,0.2915053069591522,0.0,0.38192540407180786,0.29713767766952515,0.0,0.0,0.0,0.6009244322776794,0.0,0.3535952866077423,0.3217446804046631,0.0,0.5394479036331177,1.036030650138855,0.5438652038574219,0.3742811381816864,0.0,0.7704504728317261,0.11637135595083237,0.7948035597801208,0.07657861709594727,0.4709759056568146,0.8999245762825012,0.0,1.0516939163208008,0.3963090777397156,0.0,0.0,0.03920448198914528,0.0,0.8724532127380371,0.9890347719192505,0.3346462845802307,0.0,0.0,0.5102742314338684,0.0,0.0,0.0,0.0,0.0,0.004106706008315086,0.276220440864563,0.1397748738527298,0.6196267604827881,0.9933306574821472,0.0,0.9243513941764832,0.0,1.1994363069534302,0.07400128245353699,0.8196803331375122,0.0,0.8205518126487732,0.0,0.0,0.06092541292309761,0.23311540484428406,0.07744590938091278,0.2827084958553314,0.4752352237701416,0.0,0.3413669764995575,0.0,0.5709695816040039,0.979559063911438,0.10887043178081512,0.0,0.5880082249641418,0.0,1.0910053253173828,0.38452982902526855,0.0,0.23307503759860992,0.5213103294372559,0.11956252157688141,0.966670036315918,0.0,0.0,0.0,0.02502821758389473,1.2227777242660522,0.5868314504623413,0.24100685119628906,0.0,0.0,0.0,0.0876937061548233,0.5349454879760742,0.0
/content/drive/MyDrive/494_Project_test_3/COMI/dataset/BPAEC/mitochondria/Z010/Z10_5.jpg,1,mitochondria,1,mitochondria,0.2824273705482483,0.0,0.0,0.0,0.6115028262138367,0.6755654811859131,0.0,0.2931388020515442,0.5521513223648071,0.6106271743774414,0.05506988614797592,0.029777199029922485,0.0,0.0,0.053512170910835266,0.0,0.5042015910148621,0.0,0.0,0.0,0.45751455426216125,0.0,0.0,0.680138111114502,0.0,0.6634048819541931,0.1701846420764923,0.0,0.0,0.0,0.6300213932991028,0.12303692102432251,0.30075791478157043,0.29274022579193115,0.19788172841072083,0.5924996733665466,0.0,0.0,0.07087111473083496,0.0,0.4022917151451111,0.336917906999588,0.0,0.0,0.0,0.35593992471694946,0.0,0.15604501962661743,0.39161771535873413,0.04093138501048088,0.512121856212616,0.860954999923706,0.6317623257637024,0.11497117578983307,0.0,0.6807491183280945,0.1524631381034851,0.5471983551979065,0.136664018034935,0.5496679544448853,0.7842950224876404,0.0,0.8099782466888428,0.20324936509132385,0.13201647996902466,0.0,0.0,0.0,0.8400949239730835,0.7710555195808411,0.36581507325172424,0.0,0.08968670666217804,0.3016695976257324,0.0,0.0,0.0,0.0,0.15727221965789795,0.14541706442832947,0.027910364791750908,0.016775723546743393,0.42287683486938477,0.7403194308280945,0.0,0.7325209975242615,0.0,0.9494180083274841,0.0,0.58472740650177,0.07986916601657867,0.6076324582099915,0.0,0.08139735460281372,0.1590060144662857,0.03081289306282997,0.20701996982097626,0.32660746574401855,0.27750587463378906,0.0,0.17307215929031372,0.0,0.6415534019470215,0.8058133125305176,0.0,0.03374146670103073,0.5454118251800537,0.0,0.8225087523460388,0.46079567074775696,0.0,0.2887532711029053,0.5791157484054565,0.23994404077529907,0.7260769605636597,0.0,0.0,0.0,0.13011576235294342,0.9548827409744263,0.6103555560112,0.08619697391986847,0.0,0.0,0.0,0.11480578780174255,0.4352371394634247,0.0
/content/drive/MyDrive/494_Project_test_3/COMI/dataset/BPAEC/mitochondria/Z010/Z10_50.jpg,1,mitochondria,1,mitochondria,0.4394378066062927,0.09044155478477478,0.0,0.2632005512714386,0.7977811694145203,1.3727973699569702,0.0,0.3418411612510681,1.2685604095458984,1.0438458919525146,0.0,0.0,0.0,0.0,0.0,0.0,1.3392786979675293,0.0,0.0,0.0,0.8012505769729614,0.0,0.0,0.6786585450172424,0.0,1.2103615999221802,0.22932015359401703,0.0,0.0,0.0,1.2399704456329346,0.0,0.3241581320762634,0.5939458608627319,0.3992939591407776,0.40145182609558105,0.0,0.0,0.4050274193286896,0.0,0.6109668612480164,0.39832603931427,0.0,0.0,0.0,1.1231389045715332,0.0,0.26593226194381714,0.28968220949172974,0.0,0.9295511245727539,1.6523107290267944,0.4048953652381897,0.4918314516544342,0.0,1.2682626247406006,0.04945536330342293,1.2968074083328247,0.0,0.4481984078884125,0.5438016057014465,0.0,1.3902831077575684,0.32757169008255005,0.0,0.0,0.03312118351459503,0.0,1.2103461027145386,1.5612308979034424,0.5085093379020691,0.0,0.0,0.579626739025116,0.0,0.0,0.0,0.0,0.0,0.0,0.1787765771150589,0.10290554165840149,1.0670801401138306,1.6490775346755981,0.0,1.5980875492095947,0.0,1.8280214071273804,0.0,1.4733906984329224,0.0,1.2610690593719482,0.0,0.0,0.0,0.2860049605369568,0.0,0.4177888333797455,0.5463066101074219,0.0,0.29116562008857727,0.0,0.2633204460144043,1.4887264966964722,0.073550745844841,0.0,0.14079834520816803,0.0,1.667098879814148,0.46085676550865173,0.0,0.40923917293548584,0.0,0.0,1.5684270858764648,0.0,0.0,0.0,0.0,1.8667900562286377,0.7494289875030518,0.1394733488559723,0.0,0.0,0.0,0.3053242266178131,0.8612704873085022,0.0
/content/drive/MyDrive/494_Project_test_3/COMI/dataset/BPAEC/mitochondria/Z010/Z10_51.jpg,1,mitochondria,2,nucleus,0.4007793664932251,0.0,0.0,0.0,0.7546222805976868,0.46476948261260986,0.44900137186050415,0.5118507146835327,0.26493021845817566,0.6521480083465576,0.34443792700767517,0.6088119745254517,0.0,0.30085840821266174,0.6459109783172607,0.3308115005493164,0.15295694768428802,0.18791338801383972,0.0,0.1252969652414322,0.3192236125469208,0.0,0.0,0.8849462270736694,0.0,0.528468668460846,0.27270516753196716,0.38586974143981934,0.0,0.3255988359451294,0.5182601809501648,0.6332182288169861,0.5183306336402893,0.2822575569152832,0.2829763889312744,0.9871998429298401,0.0,0.2851114571094513,0.0,0.0,0.4913061857223511,0.535624623298645,0.0,0.0,0.0,0.10843465477228165,0.0,0.0,0.6676638722419739,0.567440390586853,0.4625415503978729,0.6914427876472473,0.9365792870521545,0.0,0.0,0.5064771175384521,0.4171893894672394,0.19550499320030212,0.5455700159072876,0.7628822326660156,0.9089183211326599,0.5015622973442078,0.5875391960144043,0.14953626692295074,0.6905477046966553,0.0,0.0,0.23417381942272186,0.96544349193573,0.5326060056686401,0.39884817600250244,0.0,0.7929776310920715,0.21351811289787292,0.0,0.0,0.0,0.4313783347606659,0.6581392884254456,0.6580623984336853,0.0,0.0,0.208162322640419,0.4602420926094055,0.0,0.38973209261894226,0.0,0.7157361507415771,0.0,0.31810876727104187,0.5856164693832397,0.35858187079429626,0.4108526408672333,0.6809549331665039,0.607765257358551,0.0,0.7673187255859375,0.47940486669540405,0.08118828386068344,0.0,0.027550093829631805,0.0,1.0126148462295532,0.567180871963501,0.0,0.39790984988212585,0.7478801608085632,0.21411724388599396,0.5306246876716614,0.7495167851448059,0.0,0.43327999114990234,0.9984275102615356,0.7259659767150879,0.42626944184303284,0.0,0.0,0.29211437702178955,0.47905781865119934,0.694635272026062,0.7500557899475098,0.0,0.44011616706848145,0.0,0.0,0.20828209817409515,0.36961811780929565,0.0
/content/drive/MyDrive/494_Project_test_3/COMI/dataset/BPAEC/mitochondria/Z010/Z10_52.jpg,1,mitochondria,2,nucleus,0.5103095769882202,0.0,0.0,0.0,0.8942989706993103,0.45989203453063965,0.5265489816665649,0.6390016674995422,0.2201012521982193,0.7634110450744629,0.47036516666412354,0.7159125804901123,0.0,0.3941934406757355,0.7854136228561401,0.4142759144306183,0.0912589356303215,0.2529316842556,0.0,0.18156538903713226,0.2466644048690796,0.0,0.0,1.0197941064834595,0.0,0.5454123020172119,0.35800206661224365,0.499024897813797,0.0,0.389400839805603,0.5595600008964539,0.7116800546646118,0.6527892351150513,0.34051668643951416,0.3722717761993408,1.175919771194458,0.0,0.39499303698539734,0.0,0.0,0.6095634698867798,0.6764261722564697,0.0,0.0,0.0,0.10623044520616531,0.0,0.0,0.8079836964607239,0.6418167352676392,0.5293663144111633,0.7460821270942688,1.0834195613861084,0.0,0.0,0.5388176441192627,0.5489145517349243,0.12283780425786972,0.6412811875343323,0.8789686560630798,0.8761376738548279,0.6175132989883423,0.5480943322181702,0.08030004799365997,0.802208662033081,0.0,0.0,0.33632388710975647,1.1208494901657104,0.5439563989639282,0.4635239839553833,0.0,0.9106529355049133,0.18097823858261108,0.0,0.0,0.0,0.5441428422927856,0.7388501763343811,0.7719951868057251,0.0,0.0,0.20934151113033295,0.46767657995224,0.0,0.38024723529815674,0.0,0.7436952590942383,0.0,0.3296011984348297,0.6600238680839539,0.3274610936641693,0.5123044848442078,0.7829815745353699,0.7537206411361694,0.0,0.8888348937034607,0.6002830862998962,0.0,0.0,0.0,0.0,1.1495517492294312,0.5577731132507324,0.0,0.42085230350494385,0.7426184415817261,0.31150996685028076,0.49508601427078247,0.9115378260612488,0.0,0.5538468360900879,1.056753158569336,0.931724488735199,0.4130311608314514,0.0,0.0,0.42476534843444824,0.6488438844680786,0.708936333656311,0.8545140027999878,0.0,0.5451212525367737,0.0,0.0,0.3212500214576721,0.40559330582618713,0.0
/content/drive/MyDrive/494_Project_test_3/COMI/dataset/BPAEC/mitochondria/Z010/Z10_53.jpg,1,mitochondria,1,mitochondria,0.3031665086746216,0.0,0.0,0.0,0.638958752155304,0.5044813752174377,0.2428825944662094,0.32942014932632446,0.359414279460907,0.5758640766143799,0.1811598539352417,0.3289831876754761,0.0,0.0,0.3251000940799713,0.06442034244537354,0.2717123329639435,0.0,0.0,0.0,0.3136531412601471,0.0,0.0,0.7474572658538818,0.0,0.5366573333740234,0.19563928246498108,0.07678566873073578,0.0,0.09186885505914688,0.5018337368965149,0.40656015276908875,0.3628610372543335,0.24428290128707886,0.2188551425933838,0.7396983504295349,0.0,0.05277946963906288,0.0,0.0,0.4245228171348572,0.3811302185058594,0.0,0.0,0.0,0.1775357872247696,0.0,0.027971889823675156,0.4853876233100891,0.3188074827194214,0.4698926508426666,0.6977370381355286,0.7581974864006042,0.0,0.0,0.5656806230545044,0.25663936138153076,0.33600524067878723,0.3238033950328827,0.6560840010643005,0.7904508113861084,0.21993476152420044,0.6312994956970215,0.10654563456773758,0.4439891576766968,0.0,0.0,0.0,0.8272702097892761,0.6021933555603027,0.36105573177337646,0.0,0.44770023226737976,0.20080000162124634,0.0,0.0,0.0,0.15239545702934265,0.44523948431015015,0.39379608631134033,0.0,0.0,0.2805311679840088,0.5247645974159241,0.0,0.534146249294281,0.0,0.7586332559585571,0.0,0.3989332914352417,0.32283836603164673,0.43812426924705505,0.19324350357055664,0.3859633505344391,0.3487299382686615,0.0,0.46435272693634033,0.3679874837398529,0.14739519357681274,0.0,0.07623768597841263,0.0,0.7990516424179077,0.6440103650093079,0.0,0.19784729182720184,0.6182297468185425,0.0,0.6046197414398193,0.5355648398399353,0.0,0.3247079849243164,0.7731656432151794,0.42768263816833496,0.5290432572364807,0.0,0.0,0.02703116089105606,0.2692864239215851,0.7445235252380371,0.6411595344543457,0.0030574332922697067,0.17848023772239685,0.0,0.0,0.12962883710861206,0.3394327759742737,0.0
/content/drive/MyDrive/494_Project_test_3/COMI/dataset/BPAEC/mitochondria/Z010/Z10_54.jpg,1,mitochondria,1,mitochondria,0.41294991970062256,0.09766678512096405,0.0,0.23132118582725525,0.758329451084137,1.2732466459274292,0.0,0.35177162289619446,1.162251353263855,0.984184980392456,0.0,0.0,0.0,0.0,0.0,0.0,1.2260539531707764,0.0,0.0,0.0,0.7957858443260193,0.0,0.0,0.6714903116226196,0.0,1.12498939037323,0.2155478149652481,0.0,0.0,0.0,1.1555321216583252,0.0,0.3215661644935608,0.5522982478141785,0.3688831627368927,0.4186254143714905,0.0,0.0,0.4371774196624756,0.0,0.5527123808860779,0.4014122784137726,0.0,0.0,0.0,1.012351632118225,0.0,0.29976794123649597,0.3152654767036438,0.0,0.8399699926376343,1.5444602966308594,0.4098772704601288,0.47044801712036133,0.0,1.1613320112228394,0.05750466138124466,1.190622091293335,0.0,0.4299318492412567,0.6352725028991699,0.0,1.3210664987564087,0.377648264169693,0.0,0.0,0.05578617379069328,0.0,1.157605767250061,1.4335100650787354,0.4647413492202759,0.0,0.0,0.5698822140693665,0.0,0.0,0.0,0.0,0.0,0.0,0.20415982604026794,0.09999357163906097,0.9514590501785278,1.528074026107788,0.0,1.4446970224380493,0.0,1.6965949535369873,0.01274855062365532,1.3228157758712769,0.0,1.1778855323791504,0.0,0.0,0.0,0.29179897904396057,0.0,0.3962538242340088,0.5273155570030212,0.0,0.2946448028087616,0.0,0.3059491515159607,1.3741353750228882,0.10710965096950531,0.0,0.23693899810314178,0.0,1.5664913654327393,0.48329341411590576,0.0,0.3867555260658264,0.0,0.0,1.442543625831604,0.0,0.0,0.0,0.0,1.7309311628341675,0.729875922203064,0.1751331090927124,0.0,0.0,0.0,0.26131147146224976,0.8192781209945679,0.0
/content/drive/MyDrive/494_Project_test_3/COMI/dataset/BPAEC/mitochondria/Z010/Z10_55.jpg,1,mitochondria,1,mitochondria,0.4133831262588501,0.0,0.0,0.0,0.7632765173912048,0.795224666595459,0.0,0.4148630201816559,0.6432549953460693,0.7908333539962769,0.13363417983055115,0.0,0.0,0.0,0.01453486643731594,0.0,0.6051108837127686,0.0,0.0,0.0,0.44952717423439026,0.0,0.0,0.7898987531661987,0.0,0.7681195139884949,0.24927076697349548,0.0,0.0,0.0,0.7775463461875916,0.0,0.4319811463356018,0.39467400312423706,0.3292995095252991,0.7333361506462097,0.0,0.0,0.04771678149700165,0.0,0.5462169051170349,0.4657302498817444,0.0,0.0,0.0,0.4993663430213928,0.0,0.05972897633910179,0.49739694595336914,0.0,0.6516984701156616,1.0536386966705322,0.7082531452178955,0.14333081245422363,0.0,0.8112614154815674,0.2648240923881531,0.6180249452590942,0.1261388659477234,0.6486966609954834,0.7125902771949768,0.0,0.8695574998855591,0.16306248307228088,0.01782722771167755,0.0,0.0,0.0,1.0425944328308105,0.9304050207138062,0.4372538626194,0.0,0.0,0.31973010301589966,0.0,0.0,0.0,0.0,0.024484388530254364,0.10995890945196152,0.0,0.01234352309256792,0.5322548747062683,0.9116597771644592,0.0,0.8741541504859924,0.0,1.1361082792282104,0.0,0.7619966268539429,0.0,0.6948768496513367,0.0,0.0,0.19787681102752686,0.007955338805913925,0.16668367385864258,0.4581963121891022,0.23299331963062286,0.0,0.09942568838596344,0.0,0.691766619682312,0.9260190725326538,0.0,0.0,0.4630611836910248,0.0,0.9557514786720276,0.6075379848480225,0.0,0.4211975932121277,0.4788266718387604,0.3460755944252014,0.8658877015113831,0.0,0.0,0.0,0.24799996614456177,1.1319111585617065,0.7319924235343933,0.014951156452298164,0.0,0.0,0.0,0.24822832643985748,0.5486665368080139,0.0
/content/drive/MyDrive/494_Project_test_3/COMI/dataset/BPAEC/mitochondria/Z010/Z10_56.jpg,1,mitochondria,2,nucleus,0.2443159818649292,0.0,0.0,0.0,0.56538325548172,0.15034937858581543,0.8128458857536316,0.38318589329719543,0.0,0.3753872513771057,0.3688007593154907,1.0197069644927979,0.0,0.7066981792449951,0.9523191452026367,0.684927225112915,0.0,0.5933824777603149,0.0,0.44176650047302246,0.1895170658826828,0.0,0.0,0.7877364754676819,0.0,0.2754940390586853,0.1894546002149582,0.7643999457359314,0.0,0.7143673300743103,0.20324648916721344,1.0584778785705566,0.39695727825164795,0.09822198003530502,0.1343153715133667,0.9520146250724792,0.0,0.5506153106689453,0.0,0.0,0.32710501551628113,0.397457480430603,0.0,0.0,0.0,0.0,0.016518762335181236,0.0,0.6059554219245911,0.9864509105682373,0.23417027294635773,0.2787115275859833,0.9521023631095886,0.0,0.0,0.22737708687782288,0.3769403100013733,0.0,0.7415326833724976,0.7418984174728394,1.007394790649414,0.9424843192100525,0.33994072675704956,0.10537982732057571,1.1416115760803223,0.0,0.0,0.6513053774833679,0.6742699146270752,0.1737266182899475,0.2896563410758972,0.0,1.3075120449066162,0.10868466645479202,0.0,0.0,0.0,0.8385293483734131,1.1103944778442383,0.9564239382743835,0.0,0.0,0.0,0.040159061551094055,0.0,0.023171408101916313,0.0,0.29678818583488464,0.0,0.0,0.9480862021446228,0.08118964731693268,0.6747379302978516,1.0939314365386963,0.7533819675445557,0.0,1.0657912492752075,0.35207995772361755,0.02174912393093109,0.0,0.03716786950826645,0.0,1.1013880968093872,0.26575931906700134,0.0,0.6920078992843628,0.9183647632598877,0.5883123874664307,0.15871268510818481,0.6050711274147034,0.0,0.2850695848464966,1.3092559576034546,0.7670918703079224,0.05757395923137665,0.0,0.0,0.4538421034812927,0.4567357897758484,0.2729315161705017,0.5996329188346863,0.015173012390732765,0.8147838711738586,0.0,0.0,0.05231748893857002,0.1297740787267685,0.0
/content/drive/MyDrive/494_Project_test_3/COMI/dataset/BPAEC/mitochondria/Z010/Z10_57.jpg,1,mitochondria,1,mitochondria,0.26113420724868774,0.0,0.0,0.0,0.5787513852119446,0.6566581726074219,0.08859467506408691,0.3166898190975189,0.5320898294448853,0.5956199169158936,0.10092271119356155,0.163882315158844,0.0,0.0,0.18301557004451752,0.0,0.4582637548446655,0.0,0.0,0.0,0.5122193694114685,0.0,0.0,0.6736186146736145,0.0,0.6503772139549255,0.1635497659444809,0.0,0.0,0.0,0.6111025214195251,0.21398703753948212,0.2934330403804779,0.2702246904373169,0.19138094782829285,0.6379818320274353,0.0,0.0,0.09833796322345734,0.0,0.37702256441116333,0.33277761936187744,0.0,0.0,0.0,0.33482787013053894,0.0,0.192087322473526,0.41245830059051514,0.15383461117744446,0.46658381819725037,0.8073750734329224,0.65593022108078,0.16829045116901398,0.0,0.6171890497207642,0.1891258955001831,0.5109642744064331,0.2457677721977234,0.5544789433479309,0.8661326169967651,0.02728801965713501,0.7997218370437622,0.25957047939300537,0.2508469820022583,0.0,0.0,0.0,0.8172802329063416,0.7310804128646851,0.3305496275424957,0.0,0.2447834461927414,0.3414319157600403,0.0,0.0,0.0,0.0,0.2651178538799286,0.26402777433395386,0.11644811928272247,0.06334304064512253,0.3991202116012573,0.6922802925109863,0.0,0.6523052453994751,0.0,0.9069182872772217,0.0,0.5441957712173462,0.19780665636062622,0.5802177786827087,0.07634644955396652,0.21714453399181366,0.2552843987941742,0.06807339191436768,0.34366804361343384,0.3167779743671417,0.2980195879936218,0.0,0.2034575343132019,0.0,0.7058401107788086,0.7586981058120728,0.0,0.1508316695690155,0.6319408416748047,0.0,0.7934095859527588,0.4644489586353302,0.0,0.26730620861053467,0.6981927752494812,0.3074689507484436,0.6808653473854065,0.0,0.0,0.0,0.16488927602767944,0.9111377000808716,0.6030964851379395,0.13254719972610474,0.02065587416291237,0.0,0.0,0.09521198272705078,0.41146764159202576,0.0
/content/drive/MyDrive/494_Project_test_3/COMI/dataset/BPAEC/mitochondria/Z010/Z10_58.jpg,1,mitochondria,2,nucleus,0.3234297037124634,0.0,0.0,0.0,0.6679109930992126,0.5340543389320374,0.38960129022598267,0.46918821334838867,0.34980154037475586,0.6057013869285583,0.26321014761924744,0.528983473777771,0.0,0.2319069802761078,0.5819978713989258,0.2526301145553589,0.2563358545303345,0.13803556561470032,0.0,0.06388913840055466,0.48853400349617004,0.0,0.0,0.8015478253364563,0.0,0.6115657687187195,0.22496859729290009,0.3203864097595215,0.0,0.26845216751098633,0.549543559551239,0.5708919167518616,0.4171566963195801,0.26468977332115173,0.19136688113212585,0.8481351733207703,0.0,0.19326269626617432,0.015003673732280731,0.0,0.38951244950294495,0.45763495564460754,0.0,0.0,0.0,0.1567346155643463,0.0,0.15892083942890167,0.5878499150276184,0.5141899585723877,0.40278714895248413,0.6939290761947632,0.8475307822227478,0.06864014267921448,0.0,0.49085113406181335,0.3151627779006958,0.3004344701766968,0.4938868582248688,0.6368060111999512,1.0227479934692383,0.42195695638656616,0.6983963251113892,0.30075734853744507,0.62104332447052,0.0,0.0,0.198668971657753,0.8916242122650146,0.5576344132423401,0.37098532915115356,0.0,0.7171891331672668,0.3378242552280426,0.0,0.0,0.0,0.3568360507488251,0.6108455061912537,0.5930377840995789,0.09153279662132263,0.03534520044922829,0.2652737498283386,0.5222421288490295,0.0,0.417963445186615,0.0,0.7523314356803894,0.0,0.3459654748439789,0.5482596158981323,0.4459868371486664,0.34992384910583496,0.6109872460365295,0.5313757658004761,0.03678946569561958,0.7187499403953552,0.38832899928092957,0.23406054079532623,0.0,0.17377853393554688,0.0,0.9345194101333618,0.6060632467269897,0.0,0.4417606294155121,0.8233822584152222,0.1519032120704651,0.6097138524055481,0.6502189040184021,0.0,0.3411599397659302,1.0196505784988403,0.6231369972229004,0.4942801892757416,0.0,0.0,0.22748371958732605,0.36592137813568115,0.7565717697143555,0.681158185005188,0.12263871729373932,0.3660951852798462,0.0,0.0,0.13909894227981567,0.3733290433883667,0.0
/content/drive/MyDrive/494_Project_test_3/COMI/dataset/BPAEC/mitochondria/Z010/Z10_59.jpg,1,mitochondria,2,nucleus,0.30959552526474,0.0,0.0,0.0,0.6374779343605042,0.3872104287147522,0.4622335135936737,0.3967401683330536,0.2199632227420807,0.5303601026535034,0.26985758543014526,0.6074920892715454,0.0,0.28853490948677063,0.594975471496582,0.3264980614185333,0.09948311746120453,0.2049379050731659,0.0,0.14066997170448303,0.28260117769241333,0.0,0.0,0.7870702147483826,0.0,0.44835028052330017,0.21163485944271088,0.36528173089027405,0.0,0.3406657576560974,0.4158768653869629,0.6546142101287842,0.40888360142707825,0.21096786856651306,0.20948636531829834,0.8646853566169739,0.0,0.2640172243118286,0.0,0.0,0.40507519245147705,0.42523255944252014,0.0,0.0,0.0,0.036882318556308746,0.0,0.022683974355459213,0.5665091872215271,0.5830070972442627,0.38848230242729187,0.5737109780311584,0.8528137803077698,0.0,0.0,0.4441007673740387,0.32664433121681213,0.1676851063966751,0.505325973033905,0.6983745098114014,0.8959603905677795,0.5054632425308228,0.5345836877822876,0.13045620918273926,0.7072995901107788,0.0,0.0,0.223725363612175,0.8125073909759521,0.4506407082080841,0.3422507643699646,0.0,0.7973155975341797,0.17688393592834473,0.0,0.0,0.0,0.42362961173057556,0.6916529536247253,0.6294791102409363,0.0,0.0,0.1468600481748581,0.3634909987449646,0.0,0.33545222878456116,0.0,0.6062408089637756,0.0,0.23134255409240723,0.584724485874176,0.3078078031539917,0.39316079020500183,0.675609827041626,0.5427346229553223,0.0,0.7227960228919983,0.38928452134132385,0.09641453623771667,0.0,0.053643614053726196,0.0,0.9378135204315186,0.510368824005127,0.0,0.40001487731933594,0.7440831661224365,0.22757060825824738,0.45756059885025024,0.6168383359909058,0.0,0.33730578422546387,0.989026665687561,0.6003411412239075,0.35187384486198425,0.0,0.0,0.2235938161611557,0.3728976845741272,0.589453935623169,0.6512609124183655,0.014920415356755257,0.4405912458896637,0.0,0.0,0.1213943213224411,0.29377058148384094,0.0
/content/drive/MyDrive/494_Project_test_3/COMI/dataset/BPAEC/mitochondria/Z010/Z10_6.jpg,1,mitochondria,2,nucleus,0.11787286400794983,0.0,0.0,0.0,0.43284451961517334,0.2571396231651306,0.47217607498168945,0.1721733808517456,0.14608712494373322,0.30523455142974854,0.10347378998994827,0.5848069190979004,0.0,0.2513246536254883,0.503376841545105,0.30411237478256226,0.032813359051942825,0.2380465865135193,0.0,0.1809305101633072,0.27971458435058594,0.0,0.0,0.6135218143463135,0.0,0.3106078803539276,0.08421988785266876,0.2952002286911011,0.0,0.3993266522884369,0.24742595851421356,0.7081514000892639,0.20803779363632202,0.08241339027881622,0.043251827359199524,0.5917150378227234,0.0,0.17914904654026031,0.0,0.0,0.2267729640007019,0.20789141952991486,0.0,0.0,0.0,0.0,0.022372810170054436,0.12603408098220825,0.38332951068878174,0.6272064447402954,0.24363967776298523,0.3647558391094208,0.6959104537963867,0.0,0.0,0.32170990109443665,0.14794456958770752,0.13613735139369965,0.42030274868011475,0.5543591380119324,0.914498507976532,0.5090531706809998,0.4731904864311218,0.13873878121376038,0.7243295907974243,0.0,0.0,0.18968720734119415,0.5339887142181396,0.30671459436416626,0.25002363324165344,0.0,0.7814533114433289,0.1236625537276268,0.0,0.0,0.0,0.40033140778541565,0.7364161610603333,0.541325569152832,0.0,0.0,0.041083142161369324,0.19648297131061554,0.0,0.23936690390110016,0.0,0.4093431234359741,0.0,0.06101924180984497,0.5743633508682251,0.22744041681289673,0.33766818046569824,0.6652460694313049,0.37193650007247925,0.0,0.6258764863014221,0.2016700655221939,0.14183646440505981,0.0,0.1333819031715393,0.0,0.796560525894165,0.40180227160453796,0.0,0.43917742371559143,0.7674782276153564,0.2395702749490738,0.3348192870616913,0.3739975690841675,0.0,0.15417316555976868,0.9988143444061279,0.3408694267272949,0.235871359705925,0.0,0.0,0.05681091174483299,0.1472376137971878,0.4009157121181488,0.48663491010665894,0.0762203261256218,0.419670969247818,0.0,0.0,0.0,0.15916608273983002,0.0
/content/drive/MyDrive/494_Project_test_3/COMI/dataset/BPAEC/mitochondria/Z010/Z10_60.jpg,1,mitochondria,1,mitochondria,0.29916465282440186,0.0,0.0,0.07888128608465195,0.6368076801300049,0.8874634504318237,0.0,0.2753775119781494,0.7721836566925049,0.7153581380844116,0.0,0.0,0.0,0.0,0.0,0.0,0.7699133157730103,0.0,0.0,0.0,0.5885971188545227,0.0,0.0,0.650274395942688,0.0,0.828790009021759,0.16437950730323792,0.0,0.0,0.0,0.8055704236030579,0.0,0.2694860100746155,0.367399662733078,0.23728519678115845,0.4858250916004181,0.0,0.0,0.20718760788440704,0.0,0.43361806869506836,0.31439274549484253,0.0,0.0,0.0,0.582197904586792,0.0,0.22628840804100037,0.3339252471923828,0.0,0.6217343807220459,1.0840771198272705,0.5315766930580139,0.24650059640407562,0.0,0.8486060500144958,0.08443561941385269,0.7876482009887695,0.0,0.4858996570110321,0.7346923351287842,0.0,0.9942440986633301,0.26910167932510376,0.0,0.0,0.0,0.0,0.9122253060340881,1.0074671506881714,0.39397528767585754,0.0,0.0,0.39877715706825256,0.0,0.0,0.0,0.0,0.0,0.0,0.10257606953382492,0.0480872243642807,0.6156150102615356,1.0163596868515015,0.0,0.9951027035713196,0.0,1.2043012380599976,0.0,0.8458125591278076,0.0,0.8142037987709045,0.0,0.0,0.0,0.12884299457073212,0.0,0.3225266635417938,0.38031041622161865,0.0,0.2368689477443695,0.0,0.49846151471138,1.0114439725875854,0.0,0.0,0.4335640072822571,0.0,1.0914008617401123,0.4240413010120392,0.0,0.2928242087364197,0.3417374789714813,0.07770612090826035,0.9819039106369019,0.0,0.0,0.0,0.03016587719321251,1.22762131690979,0.6299058794975281,0.12981154024600983,0.0,0.0,0.0,0.14323623478412628,0.5586708784103394,0.0
/content/drive/MyDrive/494_Project_test_3/COMI/dataset/BPAEC/mitochondria/Z010/Z10_61.jpg,1,mitochondria,2,nucleus,0.20903991162776947,0.0,0.0,0.0,0.5308160185813904,0.30279749631881714,0.6558123230934143,0.3683192729949951,0.1501583307981491,0.4176524877548218,0.29020678997039795,0.8527584075927734,0.0,0.5416322946548462,0.8016345500946045,0.5422960519790649,0.0,0.43112993240356445,0.0,0.30326738953590393,0.3640827238559723,0.0,0.0,0.7411867380142212,0.0,0.39226216077804565,0.16330869495868683,0.5898765325546265,0.0,0.5636910796165466,0.3251502513885498,0.8758895993232727,0.34086692333221436,0.13647887110710144,0.11014623194932938,0.8613355159759521,0.0,0.40286973118782043,0.0,0.0,0.30727893114089966,0.3548542261123657,0.0,0.0,0.0,0.0,0.0,0.1396292895078659,0.5451394319534302,0.8175704479217529,0.25460579991340637,0.411445289850235,0.879265546798706,0.0,0.0,0.30578166246414185,0.3142034411430359,0.08157645165920258,0.6625504493713379,0.671621561050415,1.077845573425293,0.7439397573471069,0.5042019486427307,0.23232722282409668,0.9661557674407959,0.0,0.0,0.49203816056251526,0.6850730180740356,0.32525646686553955,0.2748451828956604,0.0,1.096972107887268,0.2248111367225647,0.0,0.0,0.0,0.6527571678161621,0.9422073364257812,0.823351263999939,0.0692535862326622,0.03419078513979912,0.059949859976768494,0.21100451052188873,0.0,0.17004014551639557,0.0,0.46537014842033386,0.0,0.08716149628162384,0.8066339492797852,0.22697287797927856,0.5517114400863647,0.9236522912979126,0.6558375358581543,0.0,0.9329198598861694,0.313168466091156,0.15407520532608032,0.0,0.15102526545524597,0.0,1.02129065990448,0.40009602904319763,0.0,0.6325633525848389,0.9316422343254089,0.41990208625793457,0.35637199878692627,0.5482838749885559,0.0,0.24377207458019257,1.2389589548110962,0.6450123190879822,0.2245461493730545,0.0,0.0,0.3479989171028137,0.35640573501586914,0.45523348450660706,0.5819191336631775,0.11369042098522186,0.6494462490081787,0.0,0.0,0.020792830735445023,0.20909346640110016,0.0
/content/drive/MyDrive/494_Project_test_3/COMI/dataset/BPAEC/mitochondria/Z010/Z10_62.jpg,1,mitochondria,2,nucleus,0.19238516688346863,0.0,0.0,0.0,0.5102115273475647,0.5537710189819336,0.33216315507888794,0.3301791250705719,0.41414737701416016,0.48566484451293945,0.1449575424194336,0.4502054452896118,0.0,0.15002870559692383,0.46031907200813293,0.17914561927318573,0.3192262053489685,0.0794505923986435,0.0,0.0026033371686935425,0.5953904390335083,0.0,0.0,0.6603761315345764,0.0,0.6105434894561768,0.13404126465320587,0.2130376100540161,0.0,0.21020887792110443,0.5123522281646729,0.49895432591438293,0.25892555713653564,0.19619175791740417,0.0941585898399353,0.6651586890220642,0.0,0.08460696041584015,0.11871078610420227,0.0,0.27144646644592285,0.2994621992111206,0.0,0.0,0.0,0.17174679040908813,0.0,0.30566877126693726,0.4378436803817749,0.44789114594459534,0.3281351923942566,0.6272416114807129,0.7175714373588562,0.16268078982830048,0.0,0.4581443965435028,0.18249750137329102,0.382956862449646,0.41654255986213684,0.5203644037246704,1.0757648944854736,0.32883894443511963,0.7611175775527954,0.38538858294487,0.5464160442352295,0.0,0.0,0.11886590719223022,0.7206587791442871,0.5587958097457886,0.29843729734420776,0.0,0.6192166805267334,0.40338581800460815,0.0,0.0,0.0,0.25766611099243164,0.5630978941917419,0.5008116364479065,0.21738885343074799,0.09731661528348923,0.2908638119697571,0.521526038646698,0.0,0.44148018956184387,0.0,0.7297565340995789,0.04052884504199028,0.346608430147171,0.48392581939697266,0.4869912564754486,0.2688365578651428,0.5183013677597046,0.401376873254776,0.12976014614105225,0.6167650818824768,0.2545400559902191,0.350597083568573,0.0,0.30126675963401794,0.0,0.8228021860122681,0.6197665929794312,0.023140043020248413,0.42780521512031555,0.8493250012397766,0.07269863784313202,0.6516804695129395,0.4512843191623688,0.0,0.1986226588487625,0.9953726530075073,0.4283292889595032,0.5214799642562866,0.0,0.0,0.1095530241727829,0.19190216064453125,0.7547894716262817,0.5607830286026001,0.23515120148658752,0.27551260590553284,0.0,0.0,0.020330850034952164,0.3259407877922058,0.0
/content/drive/MyDrive/494_Project_test_3/COMI/dataset/BPAEC/mitochondria/Z010/Z10_63.jpg,1,mitochondria,1,mitochondria,0.40205878019332886,0.0,0.0,0.02818787284195423,0.7602351903915405,0.8951282501220703,0.0,0.42892906069755554,0.748104453086853,0.8286891579627991,0.11161252856254578,0.0,0.0,0.0,0.0,0.0,0.7049155831336975,0.0,0.0,0.0,0.5686470866203308,0.0,0.0,0.7802200317382812,0.0,0.848642885684967,0.24756348133087158,0.0,0.0,0.0,0.8543994426727295,0.0,0.416970819234848,0.4234475791454315,0.3214067220687866,0.7176914811134338,0.0,0.0,0.13711875677108765,0.0,0.5374295115470886,0.47149837017059326,0.0,0.0,0.0,0.588555634021759,0.0,0.15247584879398346,0.4821581244468689,0.0,0.6605561971664429,1.1342693567276,0.6942853927612305,0.22855035960674286,0.0,0.8523876070976257,0.24683740735054016,0.7125037312507629,0.11045597493648529,0.6124691367149353,0.7814107537269592,0.0,0.980985701084137,0.26133549213409424,0.0,0.0,0.0,0.0,1.0699424743652344,1.0146647691726685,0.4385966658592224,0.0,0.0,0.41011881828308105,0.0,0.0,0.0,0.0,0.0,0.06948451697826385,0.08468455821275711,0.057012032717466354,0.6046401262283325,1.017289638519287,0.0,0.9492596983909607,0.0,1.241536021232605,0.0,0.8509995937347412,0.0,0.7835950255393982,0.0,0.0,0.1731683760881424,0.09338755905628204,0.14013056457042694,0.43844887614250183,0.32300037145614624,0.0,0.17842751741409302,0.0,0.6764811277389526,0.9919594526290894,0.0,0.0,0.5017757415771484,0.0,1.0635974407196045,0.6012452244758606,0.0,0.4069724678993225,0.4820403456687927,0.320804238319397,0.9558219313621521,0.0,0.0,0.0,0.2158697545528412,1.2520266771316528,0.7336382269859314,0.0907364934682846,0.0,0.0,0.0,0.2363615781068802,0.5958781242370605,0.0
/content/drive/MyDrive/494_Project_test_3/COMI/dataset/BPAEC/mitochondria/Z010/Z10_64.jpg,1,mitochondria,0,actin,0.2763335704803467,0.45029860734939575,0.0,0.6311146020889282,0.6413407325744629,1.8329719305038452,0.0,0.22134879231452942,1.8117972612380981,1.1074481010437012,0.0,0.0,0.0,0.0,0.0,0.0,1.9202988147735596,0.0,0.0,0.0,1.3808448314666748,0.0,0.0,0.46993914246559143,0.0,1.5777727365493774,0.11546021699905396,0.0,0.0,0.0,1.5691362619400024,0.0,0.09042743593454361,0.6575581431388855,0.2861345112323761,0.04989883676171303,0.0,0.0,0.9062225818634033,0.0,0.4886097311973572,0.2227010279893875,0.06649945676326752,0.0,0.0,1.5999034643173218,0.0,0.7571304440498352,0.03890582546591759,0.0,0.9505659937858582,1.9825363159179688,0.13096098601818085,0.9866830110549927,0.0,1.4684486389160156,0.0,1.8552064895629883,0.0,0.19096407294273376,0.7844589352607727,0.0,1.9134440422058105,0.7515353560447693,0.0,0.0,0.40643396973609924,0.0,1.166446328163147,1.995989441871643,0.43982163071632385,0.0,0.0,1.0075753927230835,0.0,0.0,0.0,0.0,0.0,0.0,0.6715824604034424,0.32971715927124023,1.4612386226654053,2.1757280826568604,0.22701406478881836,2.041710376739502,0.0,2.3153347969055176,0.3401851952075958,1.9244657754898071,0.0,1.7270461320877075,0.0,0.0,0.0,0.7213559150695801,0.0,0.2402959018945694,1.0097854137420654,0.0,0.7041240334510803,0.0,0.0,1.86088228225708,0.5680714249610901,0.0,0.20835460722446442,0.0,2.2435407638549805,0.17490825057029724,0.0,0.2187412828207016,0.0,0.0,2.078800678253174,0.0,0.0,0.0,0.0,2.4178566932678223,0.6255127787590027,0.49936041235923767,0.0,0.0,0.0,0.17010726034641266,1.0467697381973267,0.0
/content/drive/MyDrive/494_Project_test_3/COMI/dataset/BPAEC/mitochondria/Z010/Z10_65.jpg,1,mitochondria,1,mitochondria,0.39973098039627075,0.0,0.0,0.0,0.7599096894264221,0.6842243671417236,0.21349219977855682,0.520018458366394,0.4958254396915436,0.742703914642334,0.25995075702667236,0.3177637755870819,0.0,0.015500515699386597,0.416282594203949,0.06550828367471695,0.4181850850582123,0.0,0.0,0.0,0.5339371562004089,0.0,0.0,0.8536951541900635,0.0,0.7302612662315369,0.2718099355697632,0.12822476029396057,0.0,0.06683888286352158,0.6937931180000305,0.36126431822776794,0.46720343828201294,0.34914687275886536,0.26869118213653564,0.864030122756958,0.0,0.056073617190122604,0.041879601776599884,0.0,0.4794779419898987,0.5341459512710571,0.0,0.0,0.0,0.32855716347694397,0.0,0.14243626594543457,0.6087313294410706,0.30786871910095215,0.5180331468582153,0.891038179397583,0.8461536169052124,0.1158028095960617,0.0,0.6366055011749268,0.3381595015525818,0.4421081244945526,0.3933665156364441,0.6548205018043518,0.9596896767616272,0.20447033643722534,0.8177914023399353,0.3050895929336548,0.41571828722953796,0.0,0.0,0.0,1.0330218076705933,0.7349610328674316,0.4262523651123047,0.0,0.4614097476005554,0.38637667894363403,0.0,0.0,0.0,0.15471689403057098,0.4011377692222595,0.4421432912349701,0.0816730335354805,0.03596309944987297,0.40054452419281006,0.7288475632667542,0.0,0.6132828593254089,0.0,0.9616031050682068,0.0,0.5369517803192139,0.36000245809555054,0.5874322056770325,0.21929562091827393,0.40293943881988525,0.45610305666923523,0.05760206654667854,0.5651121139526367,0.4478808343410492,0.2658720910549164,0.0,0.16630734503269196,0.0,0.8888297080993652,0.7484249472618103,0.0,0.285016804933548,0.7343902587890625,0.0,0.7782649397850037,0.703606367111206,0.0,0.40998518466949463,0.8654087781906128,0.6017353534698486,0.6731116771697998,0.0,0.0,0.14273780584335327,0.37590688467025757,0.9677461385726929,0.7446692585945129,0.10037031024694443,0.17662285268306732,0.0,0.0,0.21296535432338715,0.47998276352882385,0.0
/content/drive/MyDrive/494_Project_test_3/COMI/dataset/BPAEC/mitochondria/Z010/Z10_66.jpg,1,mitochondria,2,nucleus,0.20823794603347778,0.0,0.0,0.0,0.5224740505218506,0.4401668310165405,0.3931598663330078,0.30123862624168396,0.3081875741481781,0.46150335669517517,0.17696641385555267,0.5161718130111694,0.0,0.19705241918563843,0.48895588517189026,0.24177423119544983,0.18945887684822083,0.1352117359638214,0.0,0.07162722945213318,0.4144764244556427,0.0,0.0,0.6826287508010864,0.0,0.4898490011692047,0.1461559385061264,0.26650890707969666,0.0,0.27458488941192627,0.4207446575164795,0.574926495552063,0.2865495979785919,0.1736343801021576,0.12513956427574158,0.711303174495697,0.0,0.15520493686199188,0.0,0.0,0.31015750765800476,0.314555823802948,0.0,0.0,0.0,0.08736210316419601,0.0,0.17230716347694397,0.4483460783958435,0.5113935470581055,0.3320138454437256,0.5581713914871216,0.7477376461029053,0.05033804476261139,0.0,0.43450048565864563,0.22177058458328247,0.2719956636428833,0.4398961365222931,0.5938339233398438,0.9710549116134644,0.4026184678077698,0.62407386302948,0.2341322898864746,0.6306366920471191,0.0,0.0,0.14889658987522125,0.7028766870498657,0.4848848879337311,0.2897688150405884,0.0,0.6969830989837646,0.26688963174819946,0.0,0.0,0.0,0.3288058042526245,0.6353759169578552,0.5462163090705872,0.07387995719909668,0.03676159307360649,0.19664396345615387,0.40615785121917725,0.0,0.3808903396129608,0.0,0.6358353495597839,0.0,0.2631446421146393,0.5182238221168518,0.3804585933685303,0.314959853887558,0.5870032906532288,0.4340469539165497,0.0,0.6380384564399719,0.282702773809433,0.2241804450750351,0.0,0.18087443709373474,0.0,0.8446335792541504,0.5455423593521118,0.0,0.40320003032684326,0.7892894148826599,0.14295150339603424,0.5291253924369812,0.4672848582267761,0.0,0.2276589721441269,0.9821082353591919,0.44669055938720703,0.4142296612262726,0.0,0.0,0.12475376576185226,0.23260778188705444,0.6351668834686279,0.5628994703292847,0.1251353621482849,0.34585335850715637,0.0,0.0,0.02786397561430931,0.27605006098747253,0.0
/content/drive/MyDrive/494_Project_test_3/COMI/dataset/BPAEC/mitochondria/Z010/Z10_67.jpg,1,mitochondria,2,nucleus,0.2914191484451294,0.0,0.0,0.0,0.6242114901542664,0.501211404800415,0.45485761761665344,0.46374616026878357,0.329585462808609,0.5718814730644226,0.2687636911869049,0.6081684827804565,0.0,0.3163742423057556,0.6580233573913574,0.3236209750175476,0.21836350858211517,0.21490168571472168,0.0,0.11134298145771027,0.5275768637657166,0.0,0.0,0.7827038764953613,0.0,0.5991607904434204,0.2097465842962265,0.402330607175827,0.0,0.3410465717315674,0.5202791690826416,0.6445191502571106,0.3899247646331787,0.24295124411582947,0.1562320590019226,0.8373661637306213,0.0,0.2456265687942505,0.045937106013298035,0.0,0.34629252552986145,0.4311697781085968,0.0,0.0,0.0,0.12025127559900284,0.0,0.20161274075508118,0.5844088196754456,0.5874382257461548,0.3555785119533539,0.6418523788452148,0.8511207103729248,0.08713416755199432,0.0,0.43884143233299255,0.2971382737159729,0.2789914011955261,0.5497312545776367,0.6109736561775208,1.0868868827819824,0.5007498860359192,0.6868491172790527,0.3483416736125946,0.7012044787406921,0.0,0.0,0.2997085452079773,0.842220664024353,0.508267879486084,0.3469223976135254,0.0,0.8118691444396973,0.35434603691101074,0.0,0.0,0.0,0.442734956741333,0.6895270943641663,0.6570748090744019,0.1432897448539734,0.047122444957494736,0.2382194548845291,0.47172290086746216,0.0,0.3571023941040039,0.0,0.6971367597579956,0.0,0.3041468560695648,0.6236943602561951,0.42600199580192566,0.4022862911224365,0.6925158500671387,0.5768885612487793,0.0627061128616333,0.7929603457450867,0.35781344771385193,0.2678111493587494,0.0,0.2145218700170517,0.0,0.9541269540786743,0.5688282251358032,0.0,0.5284143686294556,0.8870061039924622,0.22140534222126007,0.5765629410743713,0.631101667881012,0.0,0.30999183654785156,1.096927285194397,0.6374378800392151,0.454416960477829,0.0,0.0,0.27067580819129944,0.36297667026519775,0.7037049531936646,0.6610692739486694,0.15841569006443024,0.43220189213752747,0.0,0.0,0.10490685701370239,0.3407967984676361,0.0
/content/drive/MyDrive/494_Project_test_3/COMI/dataset/BPAEC/mitochondria/Z010/Z10_68.jpg,1,mitochondria,1,mitochondria,0.2559947967529297,0.0187299232929945,0.0,0.10267948359251022,0.5893351435661316,0.8540659546852112,0.0,0.3336726129055023,0.737113356590271,0.6772026419639587,0.05195202678442001,0.0,0.0,0.0,0.04264065623283386,0.0,0.6704505681991577,0.0,0.0,0.0,0.7143290638923645,0.0,0.0,0.659683346748352,0.0,0.8298540115356445,0.16054341197013855,0.0,0.0,0.0,0.7704313397407532,0.027773384004831314,0.2644253075122833,0.32779115438461304,0.18066677451133728,0.5858282446861267,0.0,0.0,0.2495337873697281,0.0,0.37598907947540283,0.3334934115409851,0.0,0.0,0.0,0.5166614651679993,0.0,0.3489772379398346,0.37586838006973267,0.0,0.510360836982727,0.978796124458313,0.6190457344055176,0.31905439496040344,0.0,0.7264952063560486,0.14220577478408813,0.7129656672477722,0.16639569401741028,0.491594523191452,0.9592660069465637,0.0,1.007681965827942,0.4112234115600586,0.08273256570100784,0.0,0.022942304611206055,0.0,0.8805997967720032,0.91350257396698,0.3505878448486328,0.0,0.04040529951453209,0.5065938830375671,0.0,0.0,0.0,0.0,0.10603803396224976,0.14683061838150024,0.25905123353004456,0.13172157108783722,0.5668284893035889,0.913180410861969,0.0,0.8340385556221008,0.0,1.12787926197052,0.06393854320049286,0.7403455972671509,0.06088567525148392,0.7722712159156799,0.0,0.041254229843616486,0.17359575629234314,0.2129654884338379,0.235313281416893,0.2959441542625427,0.45940476655960083,0.0,0.3442312180995941,0.0,0.6530556678771973,0.9192215800285339,0.10072143375873566,0.09178299456834793,0.668393075466156,0.0,1.0171092748641968,0.4413571357727051,0.0,0.2501794695854187,0.6487276554107666,0.23972296714782715,0.8861944079399109,0.0,0.0,0.0,0.09604322165250778,1.1567870378494263,0.6093807816505432,0.24589484930038452,0.0,0.0,0.0,0.09185008704662323,0.5084142684936523,0.0
/content/drive/MyDrive/494_Project_test_3/COMI/dataset/BPAEC/mitochondria/Z010/Z10_69.jpg,1,mitochondria,1,mitochondria,0.38165032863616943,0.0,0.0,0.0,0.7376635670661926,0.6184587478637695,0.05760471150279045,0.37495288252830505,0.4634597599506378,0.6984630227088928,0.1657389998435974,0.12046133726835251,0.0,0.0,0.15604613721370697,0.0,0.4013548195362091,0.0,0.0,0.0,0.2986380159854889,0.0,0.0,0.7938746809959412,0.0,0.6088952422142029,0.23907515406608582,0.0,0.0,0.0,0.6196828484535217,0.20466859638690948,0.43446311354637146,0.3278082013130188,0.2961035668849945,0.7552019953727722,0.0,0.0,0.0,0.0,0.5172505378723145,0.4485318958759308,0.0,0.0,0.0,0.3118358850479126,0.0,0.0,0.5113919377326965,0.1128235012292862,0.582535982131958,0.8747216463088989,0.7467337250709534,0.004132280126214027,0.0,0.6927793025970459,0.28460535407066345,0.4398534893989563,0.21122674643993378,0.6814696192741394,0.6718122363090515,0.01153688132762909,0.703987181186676,0.055493615567684174,0.22464188933372498,0.0,0.0,0.0,0.9582173824310303,0.7472010850906372,0.4158977270126343,0.0,0.18041564524173737,0.18981146812438965,0.0,0.0,0.0,0.0,0.2192281186580658,0.22628700733184814,0.0,0.0,0.38151830434799194,0.6894378066062927,0.0,0.6970599293708801,0.0,0.9240977168083191,0.0,0.5581017732620239,0.12740708887577057,0.5278497338294983,0.058154791593551636,0.17248430848121643,0.2589680850505829,0.0,0.2887149453163147,0.43928074836730957,0.12393026053905487,0.0,0.018097341060638428,0.0,0.7465968132019043,0.765689492225647,0.0,0.019371597096323967,0.4810795485973358,0.0,0.7315475344657898,0.606621503829956,0.0,0.4095166325569153,0.5808696746826172,0.39360904693603516,0.671112596988678,0.0,0.0,0.0,0.2819838523864746,0.9022476673126221,0.7067747116088867,0.0,0.0,0.0,0.0,0.2152659147977829,0.4373658001422882,0.0
/content/drive/MyDrive/494_Project_test_3/COMI/dataset/BPAEC/mitochondria/Z010/Z10_7.jpg,1,mitochondria,1,mitochondria,0.2687784433364868,0.0,0.0,0.0,0.6038298010826111,0.4744070768356323,0.3003319799900055,0.32109925150871277,0.32894256711006165,0.5265615582466125,0.17400532960891724,0.4006843566894531,0.0,0.06410256028175354,0.39179861545562744,0.13431861996650696,0.23415638506412506,0.026271414011716843,0.0,0.0,0.34261682629585266,0.0,0.0,0.7256304621696472,0.0,0.514422595500946,0.1785697489976883,0.15124645829200745,0.0,0.168599471449852,0.465493768453598,0.48065319657325745,0.3429795205593109,0.21677204966545105,0.17739856243133545,0.7329390645027161,0.0,0.0937245786190033,0.0,0.0,0.38010740280151367,0.3653012812137604,0.0,0.0,0.0,0.13075831532478333,0.0,0.08693480491638184,0.47634565830230713,0.399846613407135,0.41147443652153015,0.6420292854309082,0.7563108801841736,0.0,0.0,0.5117617249488831,0.24331697821617126,0.302123486995697,0.36074599623680115,0.6310974955558777,0.8646025657653809,0.296450138092041,0.6255055665969849,0.15455767512321472,0.5156807899475098,0.0,0.0,0.006667042151093483,0.7843461036682129,0.5489412546157837,0.3404870331287384,0.0,0.5554125905036926,0.2203991413116455,0.0,0.0,0.0,0.22223052382469177,0.520861029624939,0.4518488347530365,0.0,0.0,0.2351738065481186,0.47742706537246704,0.0,0.4665355682373047,0.0,0.7052835822105408,0.0,0.3279663026332855,0.40740829706192017,0.4084319472312927,0.2409069687128067,0.46643364429473877,0.37877437472343445,0.0,0.5333519577980042,0.33713477849960327,0.17063304781913757,0.0,0.11154066026210785,0.0,0.8205069303512573,0.5958870649337769,0.0,0.2780679762363434,0.6839449405670166,0.05524439364671707,0.5652714371681213,0.5190820693969727,0.0,0.2944831848144531,0.8574021458625793,0.4393618106842041,0.47424596548080444,0.0,0.0,0.06510680913925171,0.2589120864868164,0.6983106136322021,0.6106030941009521,0.05130857974290848,0.25026607513427734,0.0,0.0,0.09226816892623901,0.31750306487083435,0.0
/content/drive/MyDrive/494_Project_test_3/COMI/dataset/BPAEC/mitochondria/Z010/Z10_70.jpg,1,mitochondria,2,nucleus,0.21157240867614746,0.0,0.0,0.0,0.5454784035682678,0.14480683207511902,0.6760196685791016,0.2901235818862915,0.0,0.34710317850112915,0.26286083459854126,0.8414655327796936,0.0,0.5029363036155701,0.762300968170166,0.5279431343078613,0.0,0.450993150472641,0.0,0.3570391833782196,0.12342849373817444,0.0,0.0,0.7434141635894775,0.0,0.23653937876224518,0.16231879591941833,0.5584635734558105,0.0,0.5974484086036682,0.1922508031129837,0.9438968300819397,0.3538993000984192,0.09850572049617767,0.10289426892995834,0.8216692805290222,0.0,0.41027212142944336,0.0,0.0,0.31589803099632263,0.3475952744483948,0.0,0.0,0.0,0.0,0.022578058764338493,0.0,0.5292837023735046,0.8527212142944336,0.25197234749794006,0.31192585825920105,0.8732069134712219,0.0,0.0,0.27244240045547485,0.29862114787101746,0.0,0.5984619855880737,0.7028207778930664,0.9122492671012878,0.7767687439918518,0.33517467975616455,0.035566046833992004,0.9895541667938232,0.0,0.0,0.4350266456604004,0.6373262405395508,0.20262277126312256,0.29018646478652954,0.0,1.0964291095733643,0.03161904960870743,0.0,0.0,0.0,0.6651393175125122,0.9674090147018433,0.7763016223907471,0.0,0.0,0.0,0.06433876603841782,0.0,0.0998096689581871,0.0,0.31436848640441895,0.0,0.0,0.7853986620903015,0.08960380405187607,0.5405717492103577,0.9283044338226318,0.5898879766464233,0.0,0.8624719977378845,0.31214505434036255,0.0004269927740097046,0.0,0.006942462176084518,0.0,0.9827069044113159,0.2954407334327698,0.0,0.5621296167373657,0.8142607808113098,0.4645082950592041,0.17702534794807434,0.5409802198410034,0.0,0.26428037881851196,1.1609448194503784,0.5940791368484497,0.08688738942146301,0.0,0.0,0.27125802636146545,0.3458843529224396,0.28255102038383484,0.5691131949424744,0.0,0.6685693860054016,0.0,0.0,0.0193350650370121,0.1343398094177246,0.0
/content/drive/MyDrive/494_Project_test_3/COMI/dataset/BPAEC/mitochondria/Z010/Z10_71.jpg,1,mitochondria,1,mitochondria,0.45047831535339355,0.0,0.0,0.0,0.8058033585548401,0.7764790654182434,0.0,0.4737297296524048,0.6127246618270874,0.8195470571517944,0.21287637948989868,0.06252144277095795,0.0,0.0,0.13652470707893372,0.0,0.5428064465522766,0.0,0.0,0.0,0.43453511595726013,0.0,0.0,0.8477357625961304,0.0,0.7650101780891418,0.2838500142097473,0.0,0.0,0.0,0.7733139991760254,0.08856315910816193,0.479999303817749,0.40283018350601196,0.3558431565761566,0.8326883912086487,0.0,0.0,0.0011501754634082317,0.0,0.581178605556488,0.5264557003974915,0.0,0.0,0.0,0.4745287597179413,0.0,0.03646530583500862,0.5562312602996826,0.01203446090221405,0.6549537181854248,1.0421733856201172,0.7903864979743958,0.12031757831573486,0.0,0.7951998114585876,0.3304985761642456,0.5654082894325256,0.22194266319274902,0.7038815021514893,0.7485957741737366,0.0,0.847561240196228,0.16213113069534302,0.149193674325943,0.0,0.0,0.0,1.088093638420105,0.9057053923606873,0.45197004079818726,0.0,0.10481467843055725,0.3210832178592682,0.0,0.0,0.0,0.0,0.13526490330696106,0.22714018821716309,0.0,0.018059011548757553,0.5094130635261536,0.8795387148857117,0.0,0.8288198113441467,0.0,1.1203290224075317,0.0,0.7333331108093262,0.08051063120365143,0.6692664623260498,0.03821942210197449,0.10554589331150055,0.30641862750053406,0.0,0.29264581203460693,0.4989584982395172,0.21246369183063507,0.0,0.0866544246673584,0.0,0.7794458866119385,0.8901336193084717,0.0,0.0,0.5173746943473816,0.0,0.9157241582870483,0.6706550717353821,0.0,0.4574987292289734,0.5770694613456726,0.4667542576789856,0.8222888708114624,0.0,0.0,0.0,0.33095258474349976,1.1132162809371948,0.7670694589614868,0.0026696454733610153,0.0,0.0,0.0,0.27039623260498047,0.5394153594970703,0.0
/content/drive/MyDrive/494_Project_test_3/COMI/dataset/BPAEC/mitochondria/Z010/Z10_72.jpg,1,mitochondria,2,nucleus,0.33513587713241577,0.0,0.0,0.0,0.6762252449989319,0.46114015579223633,0.49809014797210693,0.4856244623661041,0.27629420161247253,0.5933212041854858,0.32320713996887207,0.6726424098014832,0.0,0.3636617958545685,0.696270227432251,0.3813125789165497,0.14849065244197845,0.2509376108646393,0.0,0.15808036923408508,0.4134678244590759,0.0,0.0,0.8365979790687561,0.0,0.5460736751556396,0.2340295910835266,0.4435500204563141,0.0,0.3831518590450287,0.49838680028915405,0.6887286305427551,0.4559318423271179,0.2476072907447815,0.21089854836463928,0.935306966304779,0.0,0.30575647950172424,0.0,0.0,0.4185589551925659,0.47376635670661926,0.0,0.0,0.0,0.09215947240591049,0.0,0.09338688850402832,0.6302177309989929,0.62669837474823,0.3890305459499359,0.6327247023582458,0.9126450419425964,0.02656160108745098,0.0,0.4499601423740387,0.37643370032310486,0.21022725105285645,0.5891533493995667,0.7080731391906738,1.0190455913543701,0.5603764653205872,0.6181759834289551,0.24242696166038513,0.7621291875839233,0.0,0.0,0.3175806403160095,0.8865327835083008,0.4988124966621399,0.3621687889099121,0.0,0.8696105480194092,0.2766425609588623,0.0,0.0,0.0,0.4874819815158844,0.734154462814331,0.708385705947876,0.05306311696767807,0.02440081164240837,0.200716033577919,0.4262545704841614,0.0,0.341654896736145,0.0,0.6776238083839417,0.0,0.2787700593471527,0.6478736996650696,0.3626677691936493,0.4504610300064087,0.7426347136497498,0.6241286396980286,0.0,0.8248955607414246,0.4196542501449585,0.16591235995292664,0.0,0.11728464066982269,0.0,1.0126621723175049,0.5454273819923401,0.0,0.5004609227180481,0.8429110050201416,0.2611311674118042,0.5250864624977112,0.6807395815849304,0.0,0.36242175102233887,1.0939548015594482,0.7017441987991333,0.4097621440887451,0.0,0.0,0.3206169009208679,0.43408462405204773,0.6690586805343628,0.6965442895889282,0.07602063566446304,0.4897371232509613,0.0,0.0,0.14820948243141174,0.337306410074234,0.0
/content/drive/MyDrive/494_Project_test_3/COMI/dataset/BPAEC/mitochondria/Z010/Z10_73.jpg,1,mitochondria,1,mitochondria,0.47430580854415894,0.0,0.0,0.0048198942095041275,0.8466373085975647,0.9189851880073547,0.0,0.5127900242805481,0.7533178329467773,0.9144923090934753,0.18889343738555908,0.0,0.0,0.0,0.025967290624976158,0.0,0.7061200141906738,0.0,0.0,0.0,0.552526593208313,0.0,0.0,0.8523157835006714,0.0,0.8723213076591492,0.29663771390914917,0.0,0.0,0.0,0.9051609635353088,0.0,0.507991373538971,0.46857815980911255,0.39009717106819153,0.827037513256073,0.0,0.0,0.10603804886341095,0.0,0.6122260093688965,0.5569701194763184,0.0,0.0,0.0,0.6244333386421204,0.0,0.0854867547750473,0.5677353739738464,0.0,0.7151813507080078,1.1975029706954956,0.7632919549942017,0.2291678935289383,0.0,0.8832187652587891,0.33807310461997986,0.7026358842849731,0.16317468881607056,0.6848355531692505,0.7599640488624573,0.0,0.9782535433769226,0.23681703209877014,0.0,0.0,0.0,0.0,1.1763832569122314,1.0529102087020874,0.47080135345458984,0.0,0.0,0.40388214588165283,0.0,0.0,0.0,0.0,0.0,0.11081245541572571,0.05911664664745331,0.04844251647591591,0.6297692656517029,1.0545469522476196,0.0,0.9638723731040955,0.0,1.2958372831344604,0.0,0.8945120573043823,0.0,0.790052592754364,0.0,0.0,0.23964916169643402,0.07146011292934418,0.19027945399284363,0.5186211466789246,0.2748221755027771,0.0,0.12424172461032867,0.0,0.745337724685669,1.0113493204116821,0.0,0.0,0.485746830701828,0.0,1.0835773944854736,0.7057410478591919,0.0,0.48409372568130493,0.4840981066226959,0.4291934669017792,0.9799086451530457,0.0,0.0,0.0,0.3119107782840729,1.2923928499221802,0.806045413017273,0.044773541390895844,0.0,0.0,0.0,0.3060392141342163,0.6364074349403381,0.0
/content/drive/MyDrive/494_Project_test_3/COMI/dataset/BPAEC/mitochondria/Z010/Z10_74.jpg,1,mitochondria,1,mitochondria,0.5491008758544922,0.11286455392837524,0.0,0.21031270921230316,0.9147103428840637,1.3867470026016235,0.0,0.5377190113067627,1.2887457609176636,1.2089675664901733,0.034227266907691956,0.0,0.0,0.0,0.0,0.0,1.2801705598831177,0.0,0.0,0.0,0.8583092093467712,0.0,0.0,0.8313652276992798,0.0,1.2105716466903687,0.3127150237560272,0.0,0.0,0.0,1.3366857767105103,0.0,0.5042408108711243,0.6747172474861145,0.5185065865516663,0.6888548731803894,0.0,0.0,0.437717080116272,0.0,0.740687370300293,0.572623610496521,0.0,0.0,0.0,1.1834392547607422,0.0,0.22813501954078674,0.49464303255081177,0.0,0.966215968132019,1.7561569213867188,0.6035205721855164,0.5881930589675903,0.0,1.2647035121917725,0.28121641278266907,1.2390519380569458,0.0,0.6244766116142273,0.6885259747505188,0.0,1.3907474279403687,0.3882330060005188,0.0,0.0,0.05725908651947975,0.0,1.401145100593567,1.6092170476913452,0.5125294327735901,0.0,0.0,0.600739061832428,0.0,0.0,0.0,0.0,0.0,0.0,0.2711189091205597,0.12418423593044281,1.0376484394073486,1.6776310205459595,0.0,1.538627028465271,0.0,1.9099376201629639,0.0038713254034519196,1.5204514265060425,0.0,1.2439329624176025,0.0,0.0,0.0,0.28496065735816956,0.0,0.5659828782081604,0.49460649490356445,0.0,0.23361343145370483,0.0,0.48770010471343994,1.4764418601989746,0.18725793063640594,0.0,0.2815241515636444,0.0,1.7051589488983154,0.6921226978302002,0.0,0.545842170715332,0.00248736422508955,0.12360024452209473,1.5495978593826294,0.0,0.0,0.0,0.1471804827451706,1.9228899478912354,0.8968031406402588,0.12252365052700043,0.0,0.0,0.0,0.3750695586204529,0.9424164891242981,0.0
/content/drive/MyDrive/494_Project_test_3/COMI/dataset/BPAEC/mitochondria/Z010/Z10_75.jpg,1,mitochondria,1,mitochondria,0.631125807762146,0.285480260848999,0.0,0.4793631136417389,1.0119839906692505,1.965262532234192,0.0,0.43804699182510376,1.868923544883728,1.4593117237091064,0.0,0.0,0.0,0.0,0.0,0.0,2.036210298538208,0.0,0.0,0.0,1.0887224674224854,0.0,0.0,0.7377245426177979,0.0,1.670554757118225,0.31007328629493713,0.0,0.0,0.0,1.778172254562378,0.0,0.39177370071411133,0.8803991675376892,0.6185428500175476,0.28837692737579346,0.0,0.0,0.6985911726951599,0.0,0.8229252099990845,0.5268769860267639,0.0,0.0,0.0,1.777431845664978,0.0,0.35252630710601807,0.25467240810394287,0.0,1.304521083831787,2.3771791458129883,0.24876046180725098,0.7855604887008667,0.0,1.7907958030700684,0.0,1.911537528038025,0.0,0.3862302601337433,0.3707543611526489,0.0,1.889533281326294,0.4533396363258362,0.0,0.0,0.1794050931930542,0.0,1.6043174266815186,2.237992525100708,0.6443493962287903,0.0,0.0,0.8194752931594849,0.0,0.0,0.0,0.0,0.0,0.0,0.2805529236793518,0.15533025562763214,1.5906097888946533,2.453204393386841,0.046935610473155975,2.333338499069214,0.0,2.600036859512329,0.053185995668172836,2.2226946353912354,0.0,1.8299481868743896,0.0,0.0,0.0,0.48762527108192444,0.0,0.543668806552887,0.7544761300086975,0.0,0.37042900919914246,0.0,0.0,2.060102701187134,0.2561301589012146,0.0,0.0,0.0,2.402514696121216,0.5415559411048889,0.0,0.5595897436141968,0.0,0.0,2.2733371257781982,0.0,0.0,0.0,0.0,2.664940357208252,0.9180037379264832,0.1741017997264862,0.0,0.0,0.0,0.488311231136322,1.264328956604004,0.0
/content/drive/MyDrive/494_Project_test_3/COMI/dataset/BPAEC/mitochondria/Z010/Z10_76.jpg,1,mitochondria,1,mitochondria,0.3797758221626282,0.0,0.0,0.08137519657611847,0.7265679240226746,0.9541612863540649,0.0,0.37053707242012024,0.8266246914863586,0.8196196556091309,0.041189029812812805,0.0,0.0,0.0,0.0,0.0,0.8073990345001221,0.0,0.0,0.0,0.5997682809829712,0.0,0.0,0.7265253067016602,0.0,0.9002835750579834,0.22348718345165253,0.0,0.0,0.0,0.8900469541549683,0.0,0.3557726740837097,0.4263695478439331,0.3066015839576721,0.6079949736595154,0.0,0.0,0.17947573959827423,0.0,0.5226530432701111,0.4123263657093048,0.0,0.0,0.0,0.6626786589622498,0.0,0.18410174548625946,0.4061298370361328,0.0,0.6899509429931641,1.1809273958206177,0.607575535774231,0.2711206078529358,0.0,0.9083906412124634,0.17565548419952393,0.8153441548347473,0.0,0.559874415397644,0.7242056727409363,0.0,1.0326623916625977,0.26042383909225464,0.0,0.0,0.0,0.0,1.0375020503997803,1.087403416633606,0.4340314567089081,0.0,0.0,0.4353165626525879,0.0,0.0,0.0,0.0,0.0,0.0,0.10288263112306595,0.06871956586837769,0.6823182106018066,1.0991634130477905,0.0,1.0530447959899902,0.0,1.307552456855774,0.0,0.9381654262542725,0.0,0.8591115474700928,0.0,0.0,0.04882426932454109,0.12659502029418945,0.0,0.4061759412288666,0.37130165100097656,0.0,0.21403144299983978,0.0,0.5699203014373779,1.0666228532791138,0.0,0.0,0.4296448826789856,0.0,1.1505887508392334,0.5142006278038025,0.0,0.372502863407135,0.3438570201396942,0.1924971640110016,1.0516763925552368,0.0,0.0,0.0,0.12876975536346436,1.3257124423980713,0.6981601715087891,0.1029520034790039,0.0,0.0,0.0,0.22235830128192902,0.6119309663772583,0.0
/content/drive/MyDrive/494_Project_test_3/COMI/dataset/BPAEC/mitochondria/Z010/Z10_77.jpg,1,mitochondria,1,mitochondria,0.2106780856847763,0.0,0.0,0.0,0.5343430638313293,0.6221606731414795,0.08442704379558563,0.24924978613853455,0.5240296125411987,0.5457810163497925,0.06617161631584167,0.15475693345069885,0.0,0.0,0.1415221095085144,0.0,0.44779089093208313,0.0,0.0,0.0,0.4957617223262787,0.0,0.0,0.6296387910842896,0.0,0.6153286099433899,0.13544149696826935,0.0,0.0,0.0,0.5733130574226379,0.21676816046237946,0.24656282365322113,0.2396966516971588,0.15299510955810547,0.5718888640403748,0.0,0.0,0.08033522218465805,0.0,0.3508888781070709,0.2749083340167999,0.0,0.0,0.0,0.31108900904655457,0.0,0.19695362448692322,0.36441123485565186,0.15293951332569122,0.446770042181015,0.7595345377922058,0.6257677674293518,0.1630464494228363,0.0,0.5993775129318237,0.15636387467384338,0.5075695514678955,0.22673563659191132,0.5434274077415466,0.8491727709770203,0.020850807428359985,0.7782037258148193,0.2352256178855896,0.25857579708099365,0.0,0.0,0.0,0.7482876181602478,0.7126024961471558,0.31227782368659973,0.0,0.2211078405380249,0.3173586130142212,0.0,0.0,0.0,0.0,0.27454549074172974,0.23147688806056976,0.10898277163505554,0.05200578644871712,0.38611799478530884,0.6570475697517395,0.0,0.6482487320899963,0.0,0.8707507252693176,0.0,0.5198161602020264,0.17054663598537445,0.5605402588844299,0.05532403290271759,0.19931022822856903,0.19822272658348083,0.05410163477063179,0.29818063974380493,0.27269425988197327,0.29844605922698975,0.0,0.21387840807437897,0.0,0.6751600503921509,0.7419252395629883,0.0,0.144989475607872,0.6233762502670288,0.0,0.7626680135726929,0.3911503255367279,0.0,0.22478292882442474,0.6894218325614929,0.2327786386013031,0.6663405299186707,0.0,0.0,0.0,0.10780885815620422,0.8756321668624878,0.5635668039321899,0.12726734578609467,0.0022189952433109283,0.0,0.0,0.05250655487179756,0.37239545583724976,0.0
/content/drive/MyDrive/494_Project_test_3/COMI/dataset/BPAEC/mitochondria/Z010/Z10_78.jpg,1,mitochondria,2,nucleus,0.2029275745153427,0.0,0.0,0.0,0.513882577419281,0.49323582649230957,0.361106812953949,0.29912301898002625,0.3808925449848175,0.4919281005859375,0.17842718958854675,0.48291999101638794,0.0,0.1675110161304474,0.45737820863723755,0.20778030157089233,0.23586370050907135,0.09200696647167206,0.0,0.027122944593429565,0.4687369763851166,0.0,0.0,0.6705893874168396,0.0,0.5229124426841736,0.14745037257671356,0.23778674006462097,0.0,0.22756676375865936,0.46391502022743225,0.5227289199829102,0.26358911395072937,0.18436992168426514,0.1316799521446228,0.6958997845649719,0.0,0.12887637317180634,0.02660749852657318,0.0,0.31133610010147095,0.3130944073200226,0.0,0.0,0.0,0.14940737187862396,0.0,0.21520516276359558,0.432539701461792,0.4707178771495819,0.3422975242137909,0.6075754761695862,0.7419402003288269,0.10514406859874725,0.0,0.4672442376613617,0.21745413541793823,0.3312889635562897,0.4466322362422943,0.5769845247268677,0.9886703491210938,0.3645176887512207,0.6779284477233887,0.27404534816741943,0.6119417548179626,0.0,0.0,0.12709547579288483,0.7136229276657104,0.5349332094192505,0.2825247347354889,0.0,0.6452966928482056,0.3095734119415283,0.0,0.0,0.0,0.3009461760520935,0.6066656112670898,0.5229305028915405,0.1286139190196991,0.06167832762002945,0.24122639000415802,0.4719107747077942,0.0,0.43162232637405396,0.0,0.6954299807548523,0.0,0.33166223764419556,0.4823615550994873,0.44210800528526306,0.29946982860565186,0.5571348667144775,0.4308664798736572,0.019920330494642258,0.6176003217697144,0.2694379687309265,0.27813518047332764,0.0,0.22664789855480194,0.0,0.8338344097137451,0.5794276595115662,0.0,0.3868589699268341,0.8016079664230347,0.10878734290599823,0.5825880169868469,0.4545081853866577,0.0,0.21712370216846466,0.9736922383308411,0.42819744348526,0.4605042636394501,0.0,0.0,0.11380823701620102,0.20919322967529297,0.7013128995895386,0.5627489686012268,0.15699036419391632,0.3118514120578766,0.0,0.0,0.0170433409512043,0.28896212577819824,0.0
/content/drive/MyDrive/494_Project_test_3/COMI/dataset/BPAEC/mitochondria/Z010/Z10_79.jpg,1,mitochondria,2,nucleus,0.2057708501815796,0.0,0.0,0.0,0.5067334175109863,0.24220174551010132,0.7527140974998474,0.40460431575775146,0.08245695382356644,0.3949510157108307,0.3187788128852844,0.9666926860809326,0.0,0.6784663200378418,0.9329104423522949,0.648573637008667,0.0,0.5539697408676147,0.0,0.39178037643432617,0.3916732370853424,0.0,0.0,0.7389965057373047,0.0,0.3739617168903351,0.16863283514976501,0.7274256944656372,0.0,0.6768459677696228,0.2847638726234436,0.9790753722190857,0.3529438078403473,0.12204597890377045,0.09040050208568573,0.8796593546867371,0.0,0.48953863978385925,0.0,0.0,0.25977352261543274,0.3574380576610565,0.0,0.0,0.0,0.0,0.0,0.14546677470207214,0.5899402499198914,0.9266377687454224,0.20110292732715607,0.34290388226509094,0.8938508629798889,0.0,0.0,0.2277233898639679,0.32141053676605225,0.019240621477365494,0.7402896285057068,0.6314736604690552,1.1151384115219116,0.8688569664955139,0.45789480209350586,0.28109830617904663,1.056239366531372,0.0,0.0,0.6487466096878052,0.6576534509658813,0.23061320185661316,0.26688456535339355,0.0,1.2287615537643433,0.22886407375335693,0.0,0.0,0.0,0.7842913866043091,1.0306777954101562,0.9144474267959595,0.10590817034244537,0.03183935210108757,0.01119433343410492,0.13416369259357452,0.0,0.052845556288957596,0.0,0.3683469295501709,0.0,0.00903233140707016,0.9151447415351868,0.17870494723320007,0.6324721574783325,1.037083625793457,0.7351138591766357,0.0,1.0508962869644165,0.30034157633781433,0.16135913133621216,0.0,0.15473666787147522,0.0,1.054033637046814,0.3282649517059326,0.0,0.7461251020431519,0.9828946590423584,0.5304186344146729,0.2743777334690094,0.5819286704063416,0.0,0.24118109047412872,1.311793327331543,0.7224853038787842,0.15218764543533325,0.0,0.0,0.44234174489974976,0.40446025133132935,0.361601322889328,0.5852611064910889,0.13203683495521545,0.7547953724861145,0.0,0.0,0.021808210760354996,0.17645931243896484,0.0
/content/drive/MyDrive/494_Project_test_3/COMI/dataset/BPAEC/mitochondria/Z010/Z10_8.jpg,1,mitochondria,2,nucleus,0.23075169324874878,0.0,0.0,0.0,0.5542392730712891,0.32361605763435364,0.45910629630088806,0.28637704253196716,0.1850837618112564,0.43214473128318787,0.19777458906173706,0.5823776125907898,0.0,0.2331279218196869,0.5314744114875793,0.2909967601299286,0.06740038096904755,0.19692951440811157,0.0,0.1366037279367447,0.24763312935829163,0.0,0.0,0.7164055109024048,0.0,0.38746652007102966,0.1590954214334488,0.3119819462299347,0.0,0.3412184715270996,0.3366956412792206,0.6709465384483337,0.31999993324279785,0.15734007954597473,0.1387786865234375,0.7415560483932495,0.0,0.2161753624677658,0.0,0.0,0.34104013442993164,0.32744458317756653,0.0,0.0,0.0,0.0,0.0,0.03934359923005104,0.47794848680496216,0.5823060274124146,0.3417798578739166,0.48504701256752014,0.7903632521629333,0.0,0.0,0.40695521235466003,0.2436734139919281,0.15687799453735352,0.45209917426109314,0.6510161757469177,0.8724556565284729,0.490081787109375,0.49257853627204895,0.09826681017875671,0.711357831954956,0.0,0.0,0.17614434659481049,0.6915415525436401,0.3943784236907959,0.3097073435783386,0.0,0.766717255115509,0.1321389079093933,0.0,0.0,0.0,0.40004950761795044,0.7078048586845398,0.5772759318351746,0.0,0.0,0.10749365389347076,0.2872365713119507,0.0,0.3131832182407379,0.0,0.5231677889823914,0.0,0.16870519518852234,0.5539332032203674,0.27091166377067566,0.3574408292770386,0.6506490111351013,0.45186981558799744,0.0,0.653529167175293,0.3089725375175476,0.10227042436599731,0.0,0.07402142137289047,0.0,0.8680669069290161,0.47043082118034363,0.0,0.38955578207969666,0.732549786567688,0.22372795641422272,0.398488312959671,0.49803078174591064,0.0,0.2614624500274658,0.9728113412857056,0.47483283281326294,0.30831485986709595,0.0,0.0,0.1307486891746521,0.2729092836380005,0.5074098110198975,0.5824114680290222,0.014567697420716286,0.41409146785736084,0.0,0.0,0.046552035957574844,0.2258974015712738,0.0
/content/drive/MyDrive/494_Project_test_3/COMI/dataset/BPAEC/mitochondria/Z010/Z10_80.jpg,1,mitochondria,1,mitochondria,0.3678940534591675,0.29950782656669617,0.0,0.48543259501457214,0.7064124941825867,1.6839522123336792,0.0,0.24282056093215942,1.6216301918029785,1.0864839553833008,0.0,0.0,0.0,0.0,0.0,0.0,1.7684688568115234,0.0,0.0,0.0,1.0974888801574707,0.0,0.0,0.5179038047790527,0.0,1.4538460969924927,0.15845653414726257,0.0,0.0,0.0,1.4600400924682617,0.0,0.16302573680877686,0.6558651328086853,0.35779038071632385,0.10528680682182312,0.0,0.0,0.7140601873397827,0.0,0.5445072054862976,0.2657153308391571,0.0,0.0,0.0,1.4506996870040894,0.0,0.5087188482284546,0.1001053899526596,0.0,0.9990540742874146,1.9082891941070557,0.14543333649635315,0.758538007736206,0.0,1.458395004272461,0.0,1.6932296752929688,0.0,0.23618456721305847,0.5341187119483948,0.0,1.7071104049682617,0.5220414996147156,0.0,0.0,0.23449072241783142,0.0,1.1829555034637451,1.8677762746810913,0.4893151521682739,0.0,0.0,0.7967818379402161,0.0,0.0,0.0,0.0,0.0,0.0,0.40397483110427856,0.20763622224330902,1.359602451324463,2.033015012741089,0.0951884314417839,1.9501930475234985,0.0,2.1601271629333496,0.1528908610343933,1.8204914331436157,0.0,1.582819938659668,0.0,0.0,0.0,0.5400201678276062,0.0,0.3103243112564087,0.8031384944915771,0.0,0.4974343776702881,0.0,0.0,1.7802424430847168,0.31041523814201355,0.0,0.017890645191073418,0.0,2.0709755420684814,0.26820844411849976,0.0,0.3022382855415344,0.0,0.0,1.9444962739944458,0.0,0.0,0.0,0.0,2.237865924835205,0.6713171601295471,0.3115614056587219,0.0,0.0,0.0,0.25938522815704346,1.0082515478134155,0.0
/content/drive/MyDrive/494_Project_test_3/COMI/dataset/BPAEC/mitochondria/Z010/Z10_81.jpg,1,mitochondria,2,nucleus,0.20707648992538452,0.0,0.0,0.0,0.531883180141449,0.3753819465637207,0.41658714413642883,0.28147417306900024,0.2385610193014145,0.4277072250843048,0.16864050924777985,0.5356885194778442,0.0,0.21217945218086243,0.4981692135334015,0.25721800327301025,0.1337924748659134,0.16749143600463867,0.0,0.10547035932540894,0.33556029200553894,0.0,0.0,0.682632327079773,0.0,0.4332212209701538,0.1447504311800003,0.2746061086654663,0.0,0.3101876676082611,0.36848098039627075,0.6186765432357788,0.29425057768821716,0.15556520223617554,0.11679919809103012,0.7063230872154236,0.0,0.1722254753112793,0.0,0.0,0.310891330242157,0.31168338656425476,0.0,0.0,0.0,0.020801493898034096,0.0,0.12313154339790344,0.4551369547843933,0.5439194440841675,0.3247310221195221,0.5073143243789673,0.7512743473052979,0.0,0.0,0.41094914078712463,0.21906962990760803,0.21006911993026733,0.4250620901584625,0.6053290963172913,0.9265549778938293,0.4412715435028076,0.5596041083335876,0.17685942351818085,0.6529970765113831,0.0,0.0,0.15168006718158722,0.6809957027435303,0.4297148883342743,0.299491286277771,0.0,0.7257205247879028,0.2023106813430786,0.0,0.0,0.0,0.3506225645542145,0.6618317365646362,0.5448880791664124,0.0005644354969263077,0.0,0.14293932914733887,0.3466201424598694,0.0,0.33857959508895874,0.0,0.5677410364151001,0.0,0.19390353560447693,0.535507082939148,0.3218536674976349,0.32286614179611206,0.603216290473938,0.4223557412624359,0.0,0.6346210837364197,0.2842130661010742,0.16564135253429413,0.0,0.1357690542936325,0.0,0.8453022241592407,0.4973337650299072,0.0,0.39290615916252136,0.7571368217468262,0.17405779659748077,0.45785439014434814,0.46997907757759094,0.0,0.23495371639728546,0.9694013595581055,0.44542139768600464,0.3538270592689514,0.0,0.0,0.11398050934076309,0.23784072697162628,0.5635274648666382,0.5572865009307861,0.08150952309370041,0.372186541557312,0.0,0.0,0.028772737830877304,0.24943417310714722,0.0
/content/drive/MyDrive/494_Project_test_3/COMI/dataset/BPAEC/mitochondria/Z010/Z10_82.jpg,1,mitochondria,1,mitochondria,0.2271782010793686,0.0,0.0,0.0,0.54701167345047,0.6071592569351196,0.07553581893444061,0.25075051188468933,0.48490381240844727,0.5343419909477234,0.043055757880210876,0.1214776560664177,0.0,0.0,0.12788480520248413,0.0,0.432283490896225,0.0,0.0,0.0,0.45883962512016296,0.0,0.0,0.6399209499359131,0.0,0.613177478313446,0.1348036229610443,0.0,0.0,0.0,0.5541163086891174,0.22324341535568237,0.2501871585845947,0.24048814177513123,0.1514883041381836,0.5608551502227783,0.0,0.0,0.07365620136260986,0.0,0.3381302058696747,0.2808537781238556,0.0,0.0,0.0,0.27012911438941956,0.0,0.18665185570716858,0.3683404326438904,0.1398460566997528,0.4461382329463959,0.7561240196228027,0.6175840497016907,0.10214222967624664,0.0,0.6035588979721069,0.11810995638370514,0.49036088585853577,0.17401766777038574,0.5173803567886353,0.8329716324806213,0.0023093372583389282,0.7631841897964478,0.22603678703308105,0.22731530666351318,0.0,0.0,0.0,0.7508008480072021,0.6846337914466858,0.3299708366394043,0.0,0.21416568756103516,0.2981312870979309,0.0,0.0,0.0,0.0,0.2622770071029663,0.21300844848155975,0.051208823919296265,0.021387115120887756,0.3644903898239136,0.6448259353637695,0.0,0.6407207250595093,0.0,0.8451021313667297,0.0,0.4890337884426117,0.1729380041360855,0.5536375641822815,0.03135235607624054,0.17630518972873688,0.1839626431465149,0.03518485650420189,0.2832798361778259,0.27345141768455505,0.2847100496292114,0.0,0.20024016499519348,0.0,0.651646614074707,0.7354184985160828,0.0,0.11445257812738419,0.6022586226463318,0.0,0.745962381362915,0.4111200273036957,0.0,0.2345914989709854,0.6618845462799072,0.23365023732185364,0.6466978788375854,0.0,0.0,0.0,0.10664114356040955,0.8552685976028442,0.5666170120239258,0.11736996471881866,0.0,0.0,0.0,0.06260126829147339,0.3773548901081085,0.0
/content/drive/MyDrive/494_Project_test_3/COMI/dataset/BPAEC/mitochondria/Z010/Z10_83.jpg,1,mitochondria,1,mitochondria,0.32104772329330444,0.09049414098262787,0.0,0.22495394945144653,0.6415411829948425,1.1532074213027954,0.0,0.2836534082889557,1.0519657135009766,0.8247502446174622,0.0,0.0,0.0,0.0,0.0,0.0,1.0871037244796753,0.0,0.0,0.0,0.795706033706665,0.0,0.0,0.6059147119522095,0.0,1.0512079000473022,0.1614229679107666,0.0,0.0,0.0,1.017429232597351,0.0,0.22272461652755737,0.45737510919570923,0.26860326528549194,0.3746400773525238,0.0,0.0,0.3927421569824219,0.0,0.4494750499725342,0.30080434679985046,0.0,0.0,0.0,0.8561392426490784,0.0,0.3594335615634918,0.259560227394104,0.0,0.72518390417099,1.3439337015151978,0.41673240065574646,0.4271751344203949,0.0,1.0330605506896973,0.0,1.0822712182998657,0.0,0.38337934017181396,0.7184951901435852,0.0,1.246268391609192,0.4018514156341553,0.0,0.0,0.0669395849108696,0.0,0.9913703799247742,1.273871660232544,0.4202936887741089,0.0,0.0,0.5677805542945862,0.0,0.0,0.0,0.0,0.0,0.0,0.24333998560905457,0.12582343816757202,0.8593226671218872,1.3444145917892456,0.0,1.283471703529358,0.0,1.5067940950393677,0.05217593535780907,1.15534508228302,0.0,1.0736362934112549,0.0,0.0,0.0,0.2982806861400604,0.0,0.30695241689682007,0.5553029179573059,0.0,0.36454445123672485,0.0,0.3438350260257721,1.2539770603179932,0.10941284894943237,0.0,0.3437536954879761,0.0,1.41443932056427,0.37334078550338745,0.0,0.2815293073654175,0.10074593126773834,0.0,1.2866402864456177,0.0,0.0,0.0,0.0,1.5560959577560425,0.6396623253822327,0.2309236228466034,0.0,0.0,0.0,0.17012126743793488,0.7000607252120972,0.0
/content/drive/MyDrive/494_Project_test_3/COMI/dataset/BPAEC/mitochondria/Z010/Z10_84.jpg,1,mitochondria,1,mitochondria,0.25376182794570923,0.0,0.0,0.0633045881986618,0.575972318649292,0.8100798726081848,0.0,0.23130923509597778,0.692306399345398,0.6363847255706787,0.0,0.0,0.0,0.0,0.0,0.0,0.6931304931640625,0.0,0.0,0.0,0.5530741214752197,0.0,0.0,0.6100572347640991,0.0,0.7619588971138,0.1300414651632309,0.0,0.0,0.0,0.7192365527153015,0.0,0.23256707191467285,0.3175957500934601,0.1981193721294403,0.4409848749637604,0.0,0.0,0.19320477545261383,0.0,0.3715623915195465,0.2630247175693512,0.0,0.0,0.0,0.48606088757514954,0.0,0.22639045119285583,0.3057224154472351,0.0,0.5593034029006958,0.9807935953140259,0.49801886081695557,0.20120780169963837,0.0,0.7775127291679382,0.04278815537691116,0.7278731465339661,0.0,0.4450508952140808,0.731684148311615,0.0,0.9362699389457703,0.25638464093208313,0.0,0.0,0.0,0.0,0.8274372816085815,0.9073165655136108,0.36631715297698975,0.0,0.0,0.3646044135093689,0.0,0.0,0.0,0.0,0.0,0.0,0.08164997398853302,0.03511781990528107,0.5478085279464722,0.9140389561653137,0.0,0.9007648229598999,0.0,1.0871837139129639,0.0,0.7395795583724976,0.0,0.7500467896461487,0.0,0.0,0.0,0.11669978499412537,0.0,0.2737884819507599,0.3678317070007324,0.0,0.232216477394104,0.0,0.4816420078277588,0.9412775039672852,0.0,0.0,0.44361451268196106,0.0,0.9977394938468933,0.3815487027168274,0.0,0.2499987632036209,0.37210896611213684,0.04992564022541046,0.8991274833679199,0.0,0.0,0.0,0.002082575112581253,1.1101834774017334,0.5876821279525757,0.140303835272789,0.0,0.0,0.0,0.10743607580661774,0.49812766909599304,0.0
/content/drive/MyDrive/494_Project_test_3/COMI/dataset/BPAEC/mitochondria/Z010/Z10_85.jpg,1,mitochondria,1,mitochondria,0.18989260494709015,0.0,0.0,0.0020469296723604202,0.5118229389190674,0.612694501876831,0.20391342043876648,0.2981055676937103,0.4966876804828644,0.5267530083656311,0.09596294909715652,0.3094022870063782,0.0,0.0,0.31140202283859253,0.0658402144908905,0.39854976534843445,0.0,0.0,0.0,0.5863160490989685,0.0,0.0,0.6447951197624207,0.0,0.6230273246765137,0.13302141427993774,0.054556332528591156,0.0,0.09517928212881088,0.5618193745613098,0.35469698905944824,0.25944823026657104,0.22789248824119568,0.12269950658082962,0.6323901414871216,0.0,0.0,0.14890019595623016,0.0,0.3053245544433594,0.2933243215084076,0.0,0.0,0.0,0.26873579621315,0.0,0.2911889851093292,0.40348970890045166,0.3055964708328247,0.3744286894798279,0.7206597924232483,0.6730260252952576,0.1979491412639618,0.0,0.5341767072677612,0.17068636417388916,0.46364250779151917,0.33630576729774475,0.5203741192817688,1.0022646188735962,0.16740696132183075,0.7990766763687134,0.3530258536338806,0.4059258699417114,0.0,0.0,0.0,0.7385280132293701,0.6584622859954834,0.29494956135749817,0.0,0.4362937808036804,0.38193345069885254,0.0,0.0,0.0,0.10934971272945404,0.4132583737373352,0.3794325590133667,0.20406638085842133,0.09587852656841278,0.34301650524139404,0.6107725501060486,0.0,0.5502827167510986,0.0,0.8290004134178162,0.026638034731149673,0.4524116814136505,0.34005939960479736,0.5377481579780579,0.16656509041786194,0.37150365114212036,0.3141428828239441,0.1231028288602829,0.4816402196884155,0.25405752658843994,0.3485201597213745,0.0,0.27994585037231445,0.0,0.7570410966873169,0.6934672594070435,0.01721251755952835,0.30595412850379944,0.761978030204773,0.0,0.74327152967453,0.4320865869522095,0.0,0.20938445627689362,0.8617690801620483,0.33216166496276855,0.6064587831497192,0.0,0.0,0.012031026184558868,0.14594896137714386,0.845304012298584,0.5625584125518799,0.21523326635360718,0.14883066713809967,0.0,0.0,0.023082975298166275,0.36886629462242126,0.0
/content/drive/MyDrive/494_Project_test_3/COMI/dataset/BPAEC/mitochondria/Z010/Z10_86.jpg,1,mitochondria,2,nucleus,0.23134861886501312,0.0,0.0,0.0,0.5530272722244263,0.38112545013427734,0.6016832590103149,0.4117794930934906,0.21069739758968353,0.4610917568206787,0.2687746286392212,0.7852646112442017,0.0,0.48230454325675964,0.7797300219535828,0.475647509098053,0.07775726169347763,0.37463152408599854,0.0,0.23846721649169922,0.4683322608470917,0.0,0.0,0.7504888772964478,0.0,0.4910740852355957,0.1731758415699005,0.5464656949043274,0.0,0.5013151168823242,0.4002562463283539,0.8095670938491821,0.34541964530944824,0.16976839303970337,0.10975866764783859,0.8387894034385681,0.0,0.3493148386478424,0.0,0.0,0.2939840257167816,0.368791788816452,0.0,0.0,0.0,0.0,0.0,0.19713211059570312,0.567701518535614,0.7549432516098022,0.273807555437088,0.4874524176120758,0.8667742013931274,0.03500043600797653,0.0,0.34269407391548157,0.2871989905834198,0.15813733637332916,0.6312286257743835,0.6197165250778198,1.1252636909484863,0.6739183664321899,0.587047815322876,0.32200196385383606,0.877696692943573,0.0,0.0,0.4542887210845947,0.7339681386947632,0.3756796717643738,0.3083961606025696,0.0,1.0179749727249146,0.29824358224868774,0.0,0.0,0.0,0.5904297828674316,0.865983784198761,0.7804175615310669,0.13023093342781067,0.04431198164820671,0.12196706235408783,0.30520886182785034,0.0,0.21754060685634613,0.0,0.5346961617469788,0.0,0.15460044145584106,0.7664365768432617,0.30706390738487244,0.5095764994621277,0.8588950037956238,0.6362304091453552,0.018566016107797623,0.9071826338768005,0.3121291697025299,0.22647859156131744,0.0,0.2034771591424942,0.0,0.996158242225647,0.45814183354377747,0.0,0.6312737464904785,0.949805736541748,0.3672052025794983,0.43996745347976685,0.5817883014678955,0.0,0.2536042332649231,1.2190803289413452,0.6502907276153564,0.30445727705955505,0.0,0.0,0.328787624835968,0.3537209630012512,0.5446445941925049,0.6145198345184326,0.15843898057937622,0.5864508748054504,0.0,0.0,0.044783782213926315,0.25884947180747986,0.0
/content/drive/MyDrive/494_Project_test_3/COMI/dataset/BPAEC/mitochondria/Z010/Z10_87.jpg,1,mitochondria,1,mitochondria,0.32523494958877563,0.01457764022052288,0.0,0.1336166262626648,0.6690215468406677,1.0017553567886353,0.0,0.3291075825691223,0.8822489976882935,0.7901249527931213,0.0,0.0,0.0,0.0,0.0,0.0,0.8792698383331299,0.0,0.0,0.0,0.693204939365387,0.0,0.0,0.6675076484680176,0.0,0.9287154078483582,0.18124724924564362,0.0,0.0,0.0,0.905819296836853,0.0,0.2970898449420929,0.41546112298965454,0.25912678241729736,0.5190625190734863,0.0,0.0,0.2865135371685028,0.0,0.4588180184364319,0.35580793023109436,0.0,0.0,0.0,0.6962317228317261,0.0,0.28889960050582886,0.3509978652000427,0.0,0.6547870635986328,1.192599892616272,0.5345219373703003,0.3407106101512909,0.0,0.9034771919250488,0.1082332506775856,0.8849106431007385,0.0,0.4843912124633789,0.7880555987358093,0.0,1.103450059890747,0.3471418619155884,0.0,0.0,0.0,0.0,0.9890305995941162,1.111181378364563,0.4073476195335388,0.0,0.0,0.4959815740585327,0.0,0.0,0.0,0.0,0.0,0.0,0.18778562545776367,0.09844919294118881,0.7037659883499146,1.1434563398361206,0.0,1.080875277519226,0.0,1.3371134996414185,0.01294637843966484,0.9573767185211182,0.0,0.9088959693908691,0.0,0.0,0.0,0.20721635222434998,0.0,0.34706422686576843,0.45182299613952637,0.0,0.28696370124816895,0.0,0.5051634311676025,1.0966410636901855,0.04596458747982979,0.0,0.45721009373664856,0.0,1.2105361223220825,0.45376846194267273,0.0,0.31565505266189575,0.3314083516597748,0.09890486299991608,1.093644618988037,0.0,0.0,0.0,0.042033109813928604,1.3671531677246094,0.6542767882347107,0.18162058293819427,0.0,0.0,0.0,0.17324379086494446,0.6255395412445068,0.0
/content/drive/MyDrive/494_Project_test_3/COMI/dataset/BPAEC/mitochondria/Z010/Z10_88.jpg,1,mitochondria,1,mitochondria,0.24030248820781708,0.047633253037929535,0.0,0.19768881797790527,0.5547907948493958,1.023659348487854,0.0,0.19730156660079956,0.936474621295929,0.7045223712921143,0.0,0.0,0.0,0.0,0.0,0.0,0.9761961102485657,0.0,0.0,0.0,0.7332379221916199,0.0,0.0,0.5410736799240112,0.0,0.9327002167701721,0.11094552278518677,0.0,0.0,0.0,0.8884775042533875,0.0,0.15878553688526154,0.38243788480758667,0.1987420916557312,0.2979069948196411,0.0,0.0,0.358296275138855,0.0,0.3744582533836365,0.21539123356342316,0.0,0.0,0.0,0.7242279052734375,0.0,0.3501771092414856,0.21109424531459808,0.0,0.6397461295127869,1.1836423873901367,0.37601548433303833,0.3692069947719574,0.0,0.9290576577186584,0.0,0.9845944046974182,0.0,0.351851224899292,0.7110773921012878,0.0,1.146101713180542,0.36351531744003296,0.0,0.0,0.03481663018465042,0.0,0.8555246591567993,1.137048363685608,0.37432974576950073,0.0,0.0,0.497816264629364,0.0,0.0,0.0,0.0,0.0,0.0,0.21006642282009125,0.09645441174507141,0.7541005611419678,1.1835893392562866,0.0,1.1573346853256226,0.0,1.3386746644973755,0.03070640191435814,1.0009642839431763,0.0,0.9651543498039246,0.0,0.0,0.0,0.2604351341724396,0.0,0.23906341195106506,0.516288161277771,0.0,0.3507893979549408,0.0,0.32342255115509033,1.1470298767089844,0.045984555035829544,0.0,0.35814353823661804,0.0,1.2749264240264893,0.28973498940467834,0.0,0.21120883524417877,0.1484476625919342,0.0,1.160416603088379,0.0,0.0,0.0,0.0,1.3824162483215332,0.5711244344711304,0.22133241593837738,0.0,0.0,0.0,0.09994630515575409,0.6083472967147827,0.0
/content/drive/MyDrive/494_Project_test_3/COMI/dataset/BPAEC/mitochondria/Z010/Z10_89.jpg,1,mitochondria,2,nucleus,0.3123301863670349,0.0,0.0,0.0,0.6556104421615601,0.5854371786117554,0.39770424365997314,0.4979475736618042,0.4251321852207184,0.6501930952072144,0.2856031358242035,0.5632957220077515,0.0,0.26684051752090454,0.6220334768295288,0.27945736050605774,0.29449060559272766,0.15102854371070862,0.0,0.05705481767654419,0.5936644673347473,0.0,0.0,0.8072541952133179,0.0,0.6551892757415771,0.23136551678180695,0.3436375856399536,0.0,0.28863632678985596,0.6064735054969788,0.5590521693229675,0.40894249081611633,0.2912560999393463,0.19300228357315063,0.8661767244338989,0.0,0.20385311543941498,0.08032364398241043,0.0,0.39454907178878784,0.465065598487854,0.0,0.0,0.0,0.2223857343196869,0.0,0.21871772408485413,0.6095359921455383,0.5238900184631348,0.39909878373146057,0.7498939037322998,0.879084587097168,0.15481603145599365,0.0,0.5100349187850952,0.3302830457687378,0.34989848732948303,0.5646774172782898,0.6317406892776489,1.1021461486816406,0.4381537437438965,0.7627494931221008,0.3810507655143738,0.6616592407226562,0.0,0.0,0.24806146323680878,0.914892315864563,0.6092653274536133,0.3597000539302826,0.0,0.7291099429130554,0.39595603942871094,0.0,0.0,0.0,0.38318610191345215,0.6298102736473083,0.6230838894844055,0.18577668070793152,0.06675539910793304,0.3089873194694519,0.5816911458969116,0.0,0.44897422194480896,0.0,0.816164493560791,0.007432457059621811,0.42054152488708496,0.563054621219635,0.5007873177528381,0.37753164768218994,0.6374210715293884,0.581775426864624,0.09509661793708801,0.7564310431480408,0.38152945041656494,0.29970574378967285,0.0,0.2327115535736084,0.0,0.9690117835998535,0.6411430239677429,0.021714162081480026,0.49381598830223083,0.8836042881011963,0.167643204331398,0.6698504090309143,0.666978120803833,0.0,0.3336656093597412,1.0744272470474243,0.6459886431694031,0.539318323135376,0.0,0.0,0.263910710811615,0.36886322498321533,0.8264933824539185,0.6979886293411255,0.16496825218200684,0.3819686472415924,0.0,0.0,0.12788249552249908,0.4017936885356903,0.0
/content/drive/MyDrive/494_Project_test_3/COMI/dataset/BPAEC/mitochondria/Z010/Z10_9.jpg,1,mitochondria,1,mitochondria,0.36025017499923706,0.15532231330871582,0.0,0.3138830065727234,0.6910650134086609,1.3495007753372192,0.0,0.2827533781528473,1.2678004503250122,0.9531910419464111,0.0,0.0,0.0,0.0,0.0,0.0,1.3294154405593872,0.0,0.0,0.0,0.8869898915290833,0.0,0.0,0.5995388031005859,0.0,1.189372181892395,0.1783333271741867,0.0,0.0,0.0,1.1871856451034546,0.0,0.22611214220523834,0.5375825762748718,0.3256009817123413,0.30195337533950806,0.0,0.0,0.48447364568710327,0.0,0.5111450552940369,0.3207719922065735,0.0,0.0,0.0,1.0844143629074097,0.0,0.3883862793445587,0.21681009232997894,0.0,0.8406335711479187,1.5661749839782715,0.33696410059928894,0.5391098260879517,0.0,1.1994621753692627,0.0,1.302970290184021,0.0,0.3571316599845886,0.6373296976089478,0.0,1.412956714630127,0.4201139807701111,0.0,0.0,0.1119607463479042,0.0,1.0981353521347046,1.4997493028640747,0.45353150367736816,0.0,0.0,0.6366844773292542,0.0,0.0,0.0,0.0,0.0,0.0,0.28271937370300293,0.14506113529205322,1.0348209142684937,1.602943778038025,0.0,1.5380500555038452,0.0,1.7596217393875122,0.07456335425376892,1.402492642402649,0.0,1.2652167081832886,0.0,0.0,0.0,0.3625260591506958,0.0,0.33159762620925903,0.6315619945526123,0.0,0.3861566483974457,0.0,0.21838565170764923,1.443082332611084,0.15861143171787262,0.0,0.22260694205760956,0.0,1.642547607421875,0.361224889755249,0.0,0.3154292106628418,0.0,0.0,1.5282481908798218,0.0,0.0,0.0,0.0,1.8145418167114258,0.6698166728019714,0.2365500032901764,0.0,0.0,0.0,0.21974436938762665,0.8157697319984436,0.0
/content/drive/MyDrive/494_Project_test_3/COMI/dataset/BPAEC/mitochondria/Z010/Z10_90.jpg,1,mitochondria,1,mitochondria,0.7754143476486206,0.343599408864975,0.0,0.5634719729423523,1.2164337635040283,2.2897772789001465,0.0,0.5669077634811401,2.1852402687072754,1.761110782623291,0.0,0.0,0.0,0.0,0.0,0.0,2.3902804851531982,0.0,0.0,0.0,1.1886553764343262,0.0,0.0,0.8339060544967651,0.0,1.9225250482559204,0.398627907037735,0.0,0.0,0.0,2.1080052852630615,0.0,0.5514701008796692,1.0706250667572021,0.7692094445228577,0.374934583902359,0.0,0.0,0.7891578078269958,0.0,1.0307729244232178,0.6672013401985168,0.0,0.0,0.0,2.161954641342163,0.0,0.30515557527542114,0.3324662446975708,0.0,1.541687250137329,2.7905564308166504,0.2611355185508728,0.955389142036438,0.0,2.0688304901123047,0.10893628001213074,2.205465316772461,0.0,0.4824927747249603,0.2551717758178711,0.0,2.1297903060913086,0.4436652660369873,0.0,0.0,0.1921955943107605,0.0,1.9035472869873047,2.634505033493042,0.7485480904579163,0.0,0.0,0.9154881238937378,0.0,0.0,0.0,0.0,0.0,0.0,0.3100762665271759,0.18224561214447021,1.874462366104126,2.879166841506958,0.08229254931211472,2.723261833190918,0.0,3.0514512062072754,0.059746306389570236,2.6414365768432617,0.0,2.085843324661255,0.0,0.0,0.0,0.551325261592865,0.0,0.7078164219856262,0.7878881692886353,0.0,0.3264516294002533,0.0,0.0,2.380786657333374,0.32404249906539917,0.0,0.0,0.0,2.7704572677612305,0.6765584945678711,0.0,0.726955771446228,0.0,0.0,2.6611101627349854,0.0,0.0,0.0,0.0,3.1072254180908203,1.0536444187164307,0.1227969378232956,0.0,0.0,0.0,0.6701611876487732,1.4994159936904907,0.0
/content/drive/MyDrive/494_Project_test_3/COMI/dataset/BPAEC/mitochondria/Z010/Z10_91.jpg,1,mitochondria,1,mitochondria,0.3062134385108948,0.1360478699207306,0.0,0.2693518102169037,0.6303823590278625,1.2053860425949097,0.0,0.27890896797180176,1.113590955734253,0.8336139917373657,0.0,0.0,0.0,0.0,0.0,0.0,1.1460371017456055,0.0,0.0,0.0,0.8701164126396179,0.0,0.0,0.5938026309013367,0.0,1.0954501628875732,0.15608181059360504,0.0,0.0,0.0,1.0522273778915405,0.0,0.2035253942012787,0.4628452658653259,0.2498249113559723,0.34874698519706726,0.0,0.0,0.440934956073761,0.0,0.4363134503364563,0.29985418915748596,0.0,0.0,0.0,0.9057635068893433,0.0,0.42647746205329895,0.23223279416561127,0.0,0.720159649848938,1.3717303276062012,0.40182793140411377,0.4796700179576874,0.0,1.044687271118164,0.0,1.1387085914611816,0.0,0.3617726266384125,0.7708361148834229,0.0,1.3137115240097046,0.45917075872421265,0.0,0.0,0.11366605013608932,0.0,0.998825192451477,1.3129507303237915,0.4172619581222534,0.0,0.0,0.6293265223503113,0.0,0.0,0.0,0.0,0.0,0.0,0.30645808577537537,0.15658053755760193,0.895953893661499,1.3939045667648315,0.0,1.3215439319610596,0.0,1.5613281726837158,0.10155464708805084,1.191733717918396,0.0,1.1260404586791992,0.0,0.0,0.0,0.3487471342086792,0.0,0.28802797198295593,0.6155581474304199,0.0,0.41831281781196594,0.0,0.3286374509334564,1.2826123237609863,0.172687366604805,0.0,0.3832399547100067,0.0,1.4635107517242432,0.3472168445587158,0.0,0.2641124725341797,0.11838458478450775,0.0,1.3341745138168335,0.0,0.0,0.0,0.0,1.6177051067352295,0.6255661249160767,0.28202491998672485,0.0,0.0,0.0,0.1527247577905655,0.7164112329483032,0.0
/content/drive/MyDrive/494_Project_test_3/COMI/dataset/BPAEC/mitochondria/Z010/Z10_92.jpg,1,mitochondria,1,mitochondria,0.32429081201553345,0.0,0.0,0.0,0.6653382778167725,0.5855216979980469,0.26765385270118713,0.4149568974971771,0.41271403431892395,0.6175519824028015,0.21092262864112854,0.38030582666397095,0.0,0.05617576837539673,0.4124891757965088,0.11139841377735138,0.3205777108669281,0.0,0.0,0.0,0.44378355145454407,0.0,0.0,0.7801709175109863,0.0,0.6268144249916077,0.21397539973258972,0.15149328112602234,0.0,0.1132131963968277,0.5737506747245789,0.43021050095558167,0.38956183195114136,0.27529820799827576,0.21466895937919617,0.801913321018219,0.0,0.08879369497299194,0.0,0.0,0.4199606478214264,0.4285656213760376,0.0,0.0,0.0,0.22208908200263977,0.0,0.13266292214393616,0.5271057486534119,0.35665860772132874,0.45628687739372253,0.7529211640357971,0.7984868884086609,0.06330396234989166,0.0,0.5700584650039673,0.27657362818717957,0.3730088174343109,0.3791699707508087,0.6401496529579163,0.9284586906433105,0.2612064480781555,0.7270938158035278,0.23770558834075928,0.4804595112800598,0.0,0.0,0.007544590160250664,0.8874844312667847,0.638097882270813,0.3755195140838623,0.0,0.5306613445281982,0.3151778280735016,0.0,0.0,0.0,0.1985330581665039,0.47869348526000977,0.46812236309051514,0.04527498036623001,0.0338793508708477,0.32058292627334595,0.5908967852592468,0.0,0.5354862809181213,0.0,0.8267356753349304,0.0,0.4340643584728241,0.40109145641326904,0.4945938289165497,0.24110953509807587,0.44533777236938477,0.4310795068740845,0.002308133989572525,0.5617339015007019,0.38648316264152527,0.22777609527111053,0.0,0.1580181121826172,0.0,0.8564466238021851,0.6767801642417908,0.0,0.283084899187088,0.7228941917419434,0.021360088139772415,0.6806592345237732,0.5930318832397461,0.0,0.33670371770858765,0.8765437602996826,0.5169802904129028,0.5680434703826904,0.0,0.0,0.11303142458200455,0.31003254652023315,0.8282332420349121,0.6639273166656494,0.09638712555170059,0.22755281627178192,0.0,0.0,0.14404158294200897,0.3919885456562042,0.0
/content/drive/MyDrive/494_Project_test_3/COMI/dataset/BPAEC/mitochondria/Z010/Z10_93.jpg,1,mitochondria,1,mitochondria,0.5712897181510925,0.13977566361427307,0.0,0.32077252864837646,0.9592936635017395,1.6236214637756348,0.0,0.45211127400398254,1.521750569343567,1.2980413436889648,0.0,0.0,0.0,0.0,0.0,0.0,1.6142064332962036,0.0,0.0,0.0,0.8854721188545227,0.0,0.0,0.764936089515686,0.0,1.390794277191162,0.30252212285995483,0.0,0.0,0.0,1.505607008934021,0.0,0.44516420364379883,0.75056391954422,0.5517788529396057,0.4705854654312134,0.0,0.0,0.48864153027534485,0.0,0.7885953783988953,0.5204779505729675,0.0,0.0,0.0,1.4355231523513794,0.0,0.2228039801120758,0.35963475704193115,0.0,1.1295654773712158,1.998626708984375,0.41505056619644165,0.6337826251983643,0.0,1.4999953508377075,0.14502844214439392,1.5246707201004028,0.0,0.5273826122283936,0.4526967406272888,0.0,1.5743261575698853,0.32952189445495605,0.0,0.0,0.05793007090687752,0.0,1.4629939794540405,1.8813118934631348,0.5810008645057678,0.0,0.0,0.6490424275398254,0.0,0.0,0.0,0.0,0.0,0.0,0.20775118470191956,0.11957499384880066,1.284531593322754,2.0012259483337402,0.0,1.9065138101577759,0.0,2.1917386054992676,0.0,1.8175380229949951,0.0,1.4719970226287842,0.0,0.0,0.0,0.32979944348335266,0.0,0.554620623588562,0.562473475933075,0.0,0.24724562466144562,0.0,0.2206365168094635,1.7382580041885376,0.1319333165884018,0.0,0.0,0.0,1.9768728017807007,0.5816806554794312,0.0,0.5457286238670349,0.0,0.0,1.869729995727539,0.0,0.0,0.0,0.0,2.222334861755371,0.8788669109344482,0.09195688366889954,0.0,0.0,0.0,0.44358888268470764,1.0627506971359253,0.0
/content/drive/MyDrive/494_Project_test_3/COMI/dataset/BPAEC/mitochondria/Z010/Z10_94.jpg,1,mitochondria,1,mitochondria,0.19975954294204712,0.0,0.0,0.0,0.5155593156814575,0.5391052961349487,0.2982243299484253,0.3081188499927521,0.414010614156723,0.4950854778289795,0.1409476101398468,0.4132843017578125,0.0,0.10444159060716629,0.4052182734012604,0.15341171622276306,0.3053690493106842,0.040172792971134186,0.0,0.0,0.5263604521751404,0.0,0.0,0.6576746702194214,0.0,0.5668553709983826,0.14246176183223724,0.16682294011116028,0.0,0.17870476841926575,0.5006453394889832,0.4554630517959595,0.2644743323326111,0.20218238234519958,0.12150797992944717,0.6673645377159119,0.0,0.06880107522010803,0.07527951896190643,0.0,0.30158597230911255,0.30790290236473083,0.0,0.0,0.0,0.18554212152957916,0.0,0.24837574362754822,0.42555689811706543,0.40881845355033875,0.35044071078300476,0.6371142268180847,0.7085892558097839,0.13353341817855835,0.0,0.48154953122138977,0.19529390335083008,0.37396934628486633,0.39384523034095764,0.5408332347869873,0.9928691387176514,0.28835391998291016,0.7259701490402222,0.3146020770072937,0.5143745541572571,0.0,0.0,0.06381361186504364,0.7233079075813293,0.5704858899116516,0.29472243785858154,0.0,0.5639499425888062,0.3466157615184784,0.0,0.0,0.0,0.220453679561615,0.5218641757965088,0.46074116230010986,0.16068343818187714,0.07965759187936783,0.2824708819389343,0.5191248059272766,0.0,0.46432462334632874,0.0,0.7373369336128235,7.705762982368469e-05,0.36446982622146606,0.43175411224365234,0.47045382857322693,0.2460218220949173,0.4770941734313965,0.3780369162559509,0.07732295989990234,0.5640907287597656,0.2636491656303406,0.30286478996276855,0.0,0.2485818862915039,0.0,0.8004873991012573,0.6179468035697937,0.0,0.36083710193634033,0.7837287783622742,0.04567086696624756,0.6411133408546448,0.4492059051990509,0.0,0.21172048151493073,0.9246797561645508,0.39767763018608093,0.5140588283538818,0.0,0.0,0.07827262580394745,0.18654248118400574,0.7494195699691772,0.559355616569519,0.18821993470191956,0.2482953816652298,0.0,0.0,0.028901580721139908,0.325068861246109,0.0
/content/drive/MyDrive/494_Project_test_3/COMI/dataset/BPAEC/mitochondria/Z010/Z10_95.jpg,1,mitochondria,2,nucleus,0.2860177755355835,0.0,0.0,0.0,0.6183854937553406,0.35663801431655884,0.6716899275779724,0.4880426824092865,0.16919399797916412,0.514259397983551,0.35198983550071716,0.8688167333602905,0.0,0.5739202499389648,0.8947123289108276,0.5501255393028259,0.02920040301978588,0.4561276435852051,0.0,0.2990642786026001,0.44173088669776917,0.0,0.0,0.811290442943573,0.0,0.49664872884750366,0.221541166305542,0.6536759734153748,0.0,0.5746967196464539,0.4073856472969055,0.8814396262168884,0.42420700192451477,0.19308647513389587,0.14564266800880432,0.9379122853279114,0.0,0.4384517967700958,0.0,0.0,0.33415740728378296,0.4473484456539154,0.0,0.0,0.0,0.0,0.0,0.13182824850082397,0.6494420766830444,0.831371545791626,0.29240837693214417,0.4851878583431244,0.9415881037712097,0.0014865230768918991,0.0,0.32472220063209534,0.36191582679748535,0.10277964919805527,0.7130207419395447,0.670630931854248,1.122313141822815,0.7706957459449768,0.5505357980728149,0.2992679178714752,0.9615945816040039,0.0,0.0,0.565216600894928,0.8027011752128601,0.35033026337623596,0.34041547775268555,0.0,1.1217883825302124,0.28541362285614014,0.0,0.0,0.0,0.6975415945053101,0.9360162615776062,0.8639097213745117,0.08980734646320343,0.02509087696671486,0.11441318690776825,0.27867406606674194,0.0,0.17119352519512177,0.0,0.5218810439109802,0.0,0.13290724158287048,0.8396738171577454,0.2797466218471527,0.5853925347328186,0.9488762617111206,0.7262815833091736,0.0,1.0098553895950317,0.369625061750412,0.18390296399593353,0.0,0.16057166457176208,0.0,1.07765531539917,0.42988014221191406,0.0,0.6913133859634399,0.9645421504974365,0.452012300491333,0.3895580470561981,0.6781838536262512,0.0,0.3145829439163208,1.2713370323181152,0.7756102085113525,0.2770810127258301,0.0,0.0,0.4336811900138855,0.4583311676979065,0.5203107595443726,0.6650320887565613,0.11631704866886139,0.6689705848693848,0.0,0.0,0.10324814915657043,0.2610541880130768,0.0
/content/drive/MyDrive/494_Project_test_3/COMI/dataset/BPAEC/mitochondria/Z010/Z10_96.jpg,1,mitochondria,1,mitochondria,0.597399115562439,0.02467690408229828,0.0,0.13191922008991241,0.9769946932792664,1.2686961889266968,0.0,0.5718560218811035,1.1010936498641968,1.1653070449829102,0.1058400422334671,0.0,0.0,0.0,0.0,0.0,1.1147388219833374,0.0,0.0,0.0,0.6983168125152588,0.0,0.0,0.8870408535003662,0.0,1.153517723083496,0.3551066815853119,0.0,0.0,0.0,1.2196474075317383,0.0,0.5490020513534546,0.6358196139335632,0.5213521122932434,0.7482190728187561,0.0,0.0,0.2500566840171814,0.0,0.7393053770065308,0.6327173709869385,0.0,0.0,0.0,1.0142074823379517,0.0,0.10087907314300537,0.5434748530387878,0.0,0.9451834559440613,1.6164157390594482,0.6560011506080627,0.38760367035865784,0.0,1.1893101930618286,0.307662695646286,1.0682793855667114,0.0,0.6310924291610718,0.6010866761207581,0.0,1.2572951316833496,0.27428925037384033,0.0,0.0,0.0,0.0,1.4100645780563354,1.445114254951477,0.5617291331291199,0.0,0.0,0.5302911400794983,0.0,0.0,0.0,0.0,0.0,0.0,0.09300383180379868,0.07288858294487,0.9497992992401123,1.5210294723510742,0.0,1.3983067274093628,0.0,1.7383171319961548,0.0,1.3389018774032593,0.0,1.1228911876678467,0.0,0.0,0.0,0.17836670577526093,0.0,0.5951187610626221,0.3913968801498413,0.0,0.15056613087654114,0.0,0.5483330488204956,1.3474431037902832,0.03216508403420448,0.0,0.2574727237224579,0.0,1.4934029579162598,0.7508337497711182,0.0,0.5792884826660156,0.06192776933312416,0.27323296666145325,1.3991442918777466,0.0,0.0,0.0,0.24748457968235016,1.7461055517196655,0.9006397724151611,0.03921082615852356,0.0,0.0,0.0,0.4364425837993622,0.8626852631568909,0.0
/content/drive/MyDrive/494_Project_test_3/COMI/dataset/BPAEC/nucleus/Z010/Z10_0.jpg,2,nucleus,2,nucleus,0.217485249042511,0.0,0.0,0.0,0.5474022030830383,0.07869499176740646,0.7797743678092957,0.31002357602119446,0.0,0.3265705108642578,0.3169231712818146,0.9700519442558289,0.0,0.6267648935317993,0.8761612176895142,0.6399494409561157,0.0,0.5605279803276062,0.0,0.44165876507759094,0.08486819267272949,0.0013717450201511383,0.0,0.767574667930603,0.0,0.1895695924758911,0.1746848076581955,0.6822696924209595,0.0,0.7039632201194763,0.14675122499465942,1.05919349193573,0.3717047870159149,0.08329305797815323,0.09932387620210648,0.8793311715126038,0.0,0.505728006362915,0.0,0.0,0.3227219581604004,0.3679554760456085,0.0,0.0,0.0,0.0,0.03220769017934799,0.0,0.5591568350791931,0.9672646522521973,0.2270043045282364,0.24893604218959808,0.9287332892417908,0.0,0.0,0.22413372993469238,0.3378835618495941,0.0,0.6820544600486755,0.743049144744873,0.9338245391845703,0.9084168672561646,0.2741663455963135,0.013592788949608803,1.1227244138717651,0.0,0.0,0.5640965104103088,0.6286487579345703,0.13544616103172302,0.2831938862800598,0.0,1.2453361749649048,0.004623662680387497,0.0,0.0,0.0,0.7925525903701782,1.0908801555633545,0.8817579746246338,0.0,0.0,0.0,0.0,0.0,0.022945230826735497,0.0,0.24430100619792938,0.0,0.0,0.886810839176178,0.02410847693681717,0.6326363682746887,1.0548334121704102,0.6731345653533936,0.0,0.9657814502716064,0.32715994119644165,0.0,0.0,0.0,0.0,1.0480129718780518,0.23449237644672394,0.0,0.6428225040435791,0.8591862916946411,0.5726743936538696,0.09573455899953842,0.562066912651062,0.0,0.27075278759002686,1.2521036863327026,0.6718930006027222,0.0090398620814085,0.0,0.0,0.35527360439300537,0.39630916714668274,0.2040630578994751,0.5716862082481384,0.0,0.78233402967453,0.0,0.0,0.017698220908641815,0.10058218240737915,0.0
/content/drive/MyDrive/494_Project_test_3/COMI/dataset/BPAEC/nucleus/Z010/Z10_1.jpg,2,nucleus,2,nucleus,0.08006078749895096,0.0,0.0,0.0,0.4090762138366699,0.07272187620401382,0.6526054739952087,0.1717933714389801,0.0,0.18692626059055328,0.11101844161748886,0.8219990730285645,0.0,0.4817298948764801,0.705761194229126,0.5309361219406128,0.0,0.47035908699035645,0.0,0.3922913372516632,0.14896339178085327,0.024171195924282074,0.0,0.6219254732131958,0.0,0.1413780301809311,0.08085881173610687,0.4960276186466217,0.0,0.6230893731117249,0.09972167015075684,0.9708187580108643,0.21846915781497955,0.02125781774520874,0.0,0.6226215958595276,0.0,0.3498137891292572,0.0,0.0,0.1685430407524109,0.2011989951133728,0.0,0.0,0.0,0.0,0.07120522111654282,0.11248104274272919,0.413743793964386,0.8905079364776611,0.13561639189720154,0.2108997106552124,0.7636547684669495,0.0,0.0,0.19850555062294006,0.14793357253074646,0.0,0.5461235046386719,0.5876622200012207,0.9652701020240784,0.7635371685028076,0.32763269543647766,0.09329023212194443,0.9893606901168823,0.0,0.0,0.41565707325935364,0.4643411338329315,0.11450734734535217,0.22792622447013855,0.0,1.0897074937820435,0.011865399777889252,0.0,0.0,0.0,0.6181777715682983,0.9651332497596741,0.7074300646781921,0.0,0.0,0.0,0.0,0.0,0.025191200897097588,0.0,0.18949458003044128,0.0,0.0,0.8065975308418274,0.02231752872467041,0.5034403204917908,0.9158802032470703,0.49498069286346436,0.0,0.7925339937210083,0.1709025502204895,0.061463236808776855,0.0,0.07845661044120789,0.0,0.8805822134017944,0.23943501710891724,0.0,0.5979079008102417,0.8536624312400818,0.4671897888183594,0.15501077473163605,0.39829492568969727,0.0,0.13354778289794922,1.1787313222885132,0.40764451026916504,0.0,0.0,0.0,0.15404130518436432,0.16768260300159454,0.17565451562404633,0.4585738778114319,0.0529298335313797,0.6789894104003906,0.0,0.0,0.0,0.08690392971038818,0.0
/content/drive/MyDrive/494_Project_test_3/COMI/dataset/BPAEC/nucleus/Z010/Z10_10.jpg,2,nucleus,2,nucleus,0.2755145728588104,0.0,0.0,0.0,0.6092155575752258,0.12725070118904114,0.8813841938972473,0.4387688934803009,0.0,0.39095818996429443,0.4127550721168518,1.115561604499817,0.0,0.8022913932800293,1.054503321647644,0.7683537006378174,0.0,0.6701980829238892,0.0,0.5039752721786499,0.17044104635715485,0.0,0.0,0.8355215191841125,0.0,0.26431745290756226,0.21439380943775177,0.8612043857574463,0.0,0.7889143824577332,0.20052088797092438,1.1456133127212524,0.44166576862335205,0.11208594590425491,0.1372637152671814,1.0292179584503174,0.0,0.6304559111595154,0.0,0.0,0.35547366738319397,0.4463142454624176,0.0,0.0,0.0,0.0,0.006089245900511742,0.0,0.6603854298591614,1.0729665756225586,0.22952234745025635,0.268064945936203,1.0155155658721924,0.0,0.0,0.2074410319328308,0.4177660644054413,0.0,0.807632565498352,0.782874345779419,1.047418236732483,1.0438185930252075,0.3168363869190216,0.10205190628767014,1.2352213859558105,0.0,0.0,0.7495679259300232,0.717420220375061,0.1389293372631073,0.30918067693710327,0.0,1.4288711547851562,0.09632431715726852,0.0,0.0,0.0,0.9292944669723511,1.1988933086395264,1.0414211750030518,0.0,0.0,0.0,0.0,0.0,0.0,0.0,0.2776816785335541,0.0,0.0,1.0356742143630981,0.04295789450407028,0.7512286901473999,1.191711187362671,0.8360544443130493,0.0,1.1545099020004272,0.39142125844955444,0.0,0.0,0.016919301822781563,0.0,1.172633409500122,0.2381306141614914,0.0,0.7555475234985352,0.9637012481689453,0.6671707630157471,0.12169376760721207,0.6735920906066895,0.0,0.3173943758010864,1.3893554210662842,0.8573427200317383,0.010935453698039055,0.0,0.0,0.5308545231819153,0.52144855260849,0.24424487352371216,0.6281639337539673,0.0,0.9075360298156738,0.0,0.0,0.0747251808643341,0.1376676857471466,0.0
/content/drive/MyDrive/494_Project_test_3/COMI/dataset/BPAEC/nucleus/Z010/Z10_11.jpg,2,nucleus,2,nucleus,0.2527596950531006,0.0,0.0,0.0,0.5736561417579651,0.18579664826393127,0.6942389011383057,0.34802815318107605,0.03104032762348652,0.3962509036064148,0.3207333981990814,0.869577169418335,0.0,0.5339751243591309,0.8009065389633179,0.5480751991271973,0.0,0.4539586901664734,0.0,0.339642196893692,0.16424940526485443,0.0,0.0,0.7713617086410522,0.0,0.29166874289512634,0.1889203041791916,0.6046797633171082,0.0,0.585334837436676,0.23660318553447723,0.9293598532676697,0.3793029189109802,0.12074188143014908,0.1406908929347992,0.8858190774917603,0.0,0.4428156912326813,0.0,0.0,0.3518792986869812,0.38532328605651855,0.0,0.0,0.0,0.0,0.005477299913764,0.0,0.5649654269218445,0.8460930585861206,0.28208640217781067,0.34563305974006653,0.9052545428276062,0.0,0.0,0.2919294834136963,0.3422403037548065,0.0,0.6392278671264648,0.731253981590271,0.9267275929450989,0.7922914624214172,0.36148446798324585,0.06288077682256699,1.0008200407028198,0.0,0.0,0.4789717197418213,0.6859169006347656,0.24296429753303528,0.30063724517822266,0.0,1.118639349937439,0.08076929301023483,0.0,0.0,0.0,0.6906888484954834,0.9769611954689026,0.821471095085144,0.0,0.0,0.0,0.10795189440250397,0.0,0.12093406170606613,0.0,0.36455756425857544,0.0,0.0,0.8017277121543884,0.1287042796611786,0.5668507218360901,0.9393860697746277,0.648087739944458,0.0,0.9111236929893494,0.3512532711029053,0.01728188991546631,0.0,0.01981777511537075,0.0,1.022623062133789,0.3247731924057007,0.0,0.56999272108078,0.8304477334022522,0.46696937084198,0.21593227982521057,0.573388397693634,0.0,0.2911090850830078,1.1762937307357788,0.6697044372558594,0.1294899880886078,0.0,0.0,0.33818721771240234,0.40432503819465637,0.33410605788230896,0.5972943305969238,0.0,0.6788930296897888,0.0,0.0,0.056123051792383194,0.15562529861927032,0.0
/content/drive/MyDrive/494_Project_test_3/COMI/dataset/BPAEC/nucleus/Z010/Z10_12.jpg,2,nucleus,2,nucleus,0.19798539578914642,0.0,0.0,0.0,0.5096574425697327,0.1575469672679901,0.7994324564933777,0.3526764214038849,0.004966208711266518,0.340181440114975,0.33143043518066406,1.0171716213226318,0.0,0.7040426731109619,0.9328758120536804,0.6846952438354492,0.0,0.5865638852119446,0.0,0.42808598279953003,0.24694639444351196,0.0,0.0,0.7402337789535522,0.0,0.2727281451225281,0.1650276780128479,0.744571328163147,0.0,0.7123739123344421,0.20465964078903198,1.0377144813537598,0.3411808907985687,0.08629453182220459,0.0958348885178566,0.8947850465774536,0.0,0.528433620929718,0.0,0.0,0.29055750370025635,0.3504291772842407,0.0,0.0,0.0,0.0,0.015708869323134422,0.06615673005580902,0.5638269782066345,0.9761943817138672,0.2026049792766571,0.2688315212726593,0.916396975517273,0.0,0.0,0.21346554160118103,0.33772605657577515,0.0,0.7382298111915588,0.7003921270370483,1.0492125749588013,0.9253407120704651,0.36413392424583435,0.15653422474861145,1.1310938596725464,0.0,0.0,0.6528821587562561,0.6203157901763916,0.17901280522346497,0.25876930356025696,0.0,1.291566252708435,0.13470709323883057,0.0,0.0,0.0,0.8179657459259033,1.1011805534362793,0.9411581158638,0.0,0.0012090438976883888,0.0,0.0458587110042572,0.0,0.025378165766596794,0.0,0.29674032330513,0.0,0.0,0.9398526549339294,0.09262905269861221,0.6643027067184448,1.0806269645690918,0.7334856986999512,0.0,1.046213984489441,0.30962055921554565,0.06578755378723145,0.0,0.09042003005743027,0.0,1.0754785537719727,0.27149391174316406,0.0,0.7087857127189636,0.9452539086341858,0.5728704929351807,0.18719564378261566,0.5498780012130737,0.0,0.23653759062290192,1.31936514377594,0.7110820412635803,0.06400890648365021,0.0,0.0,0.42947202920913696,0.3996446430683136,0.2771166265010834,0.5634479522705078,0.06162518262863159,0.8026527166366577,0.0,0.0,0.004806581884622574,0.12721455097198486,0.0
/content/drive/MyDrive/494_Project_test_3/COMI/dataset/BPAEC/nucleus/Z010/Z10_13.jpg,2,nucleus,2,nucleus,0.30419546365737915,0.0,0.0,0.0,0.6370750069618225,0.08406423777341843,0.9816389679908752,0.495035320520401,0.0,0.4039528965950012,0.4765893220901489,1.247010588645935,0.0,0.9381561279296875,1.1880871057510376,0.8837295770645142,0.0,0.7819544672966003,0.0,0.5864475965499878,0.15344375371932983,0.0,0.0,0.8817290663719177,0.0,0.24671217799186707,0.23770524561405182,0.9967304468154907,0.0,0.8937978148460388,0.1851690262556076,1.2538061141967773,0.48754310607910156,0.1123112216591835,0.15650179982185364,1.1107951402664185,0.0,0.7339997291564941,0.0,0.0,0.3717268705368042,0.4850102365016937,0.0,0.0,0.0,0.0,0.0015331637114286423,0.0,0.7267699837684631,1.183489441871643,0.2200983613729477,0.23615916073322296,1.08292555809021,0.0,0.0,0.169844388961792,0.47407960891723633,0.0,0.9017975330352783,0.8217864036560059,1.0740889310836792,1.1751253604888916,0.27041247487068176,0.10011710971593857,1.3541646003723145,0.0,0.0,0.8860266208648682,0.7452677488327026,0.08923190832138062,0.31833362579345703,0.0,1.5758012533187866,0.08247654885053635,0.0,0.0,0.0,1.0596822500228882,1.3026504516601562,1.1547127962112427,0.0,0.0,0.0,0.0,0.0,0.0,0.0,0.22263512015342712,0.0,0.0,1.1440306901931763,0.0,0.8457388281822205,1.3191120624542236,0.9398603439331055,0.0,1.280309796333313,0.42616981267929077,0.0,0.0,0.0,0.0,1.2505784034729004,0.19006066024303436,0.0,0.8396603465080261,1.008508563041687,0.7748796939849854,0.0652492418885231,0.7371599674224854,0.0,0.35176730155944824,1.4773906469345093,0.9672726392745972,0.0,0.0,0.0,0.6377902030944824,0.6010106205940247,0.18819797039031982,0.6644072532653809,0.0,1.0232166051864624,0.0,0.0,0.09996049106121063,0.1257203072309494,0.0
/content/drive/MyDrive/494_Project_test_3/COMI/dataset/BPAEC/nucleus/Z010/Z10_14.jpg,2,nucleus,2,nucleus,0.30265188217163086,0.0,0.0,0.0,0.6332688927650452,0.06601162999868393,1.0680320262908936,0.5430988073348999,0.0,0.40046045184135437,0.5049141645431519,1.357487678527832,0.0,1.053494930267334,1.3155401945114136,0.9713815450668335,0.0,0.8835369944572449,0.0,0.6530474424362183,0.21052677929401398,0.0,0.0,0.899756908416748,0.0,0.26539063453674316,0.24051257967948914,1.1157586574554443,0.0,0.9891888499259949,0.18001604080200195,1.3535999059677124,0.49870753288269043,0.11070945858955383,0.1280089020729065,1.142280101776123,0.0,0.8067736029624939,0.0,0.0,0.3446524143218994,0.49588847160339355,0.0,0.0,0.0,0.0,0.0,0.0,0.7728229761123657,1.2872111797332764,0.1776178628206253,0.20423012971878052,1.1248202323913574,0.0,0.0,0.12355124950408936,0.48299384117126465,0.0,0.9831511974334717,0.8061560392379761,1.166149377822876,1.289865255355835,0.27362513542175293,0.16738198697566986,1.4612563848495483,0.0,0.0,1.0223530530929565,0.7487519383430481,0.03757917135953903,0.3222202956676483,0.0,1.7086392641067505,0.1172613576054573,0.0,0.0,0.0,1.1724079847335815,1.4059386253356934,1.2512614727020264,0.0,0.0,0.0,0.0,0.0,0.0,0.0,0.18090184032917023,0.0,0.0,1.2526578903198242,0.0,0.9269960522651672,1.4309206008911133,1.023438572883606,0.0,1.3947151899337769,0.424654096364975,0.0,0.0,0.025530600920319557,0.0,1.3047888278961182,0.15840871632099152,0.0,0.959140419960022,1.096043348312378,0.870452880859375,0.029811758548021317,0.7750847935676575,0.0,0.35037893056869507,1.5918971300125122,1.0478143692016602,0.0,0.0,0.0,0.7215653657913208,0.6412892937660217,0.15378639101982117,0.6769476532936096,0.015157608315348625,1.122950792312622,0.0,0.0,0.10044081509113312,0.11691802740097046,0.0
/content/drive/MyDrive/494_Project_test_3/COMI/dataset/BPAEC/nucleus/Z010/Z10_15.jpg,2,nucleus,2,nucleus,0.2561790347099304,0.0,0.0,0.0,0.577489972114563,0.1299077868461609,0.8677732348442078,0.41854432225227356,0.0,0.3760800361633301,0.39668047428131104,1.0975008010864258,0.0,0.7883548736572266,1.029770851135254,0.7550872564315796,0.0,0.6565057635307312,0.0,0.4902423918247223,0.19016307592391968,0.0,0.0,0.808641254901886,0.0,0.2624492347240448,0.20184841752052307,0.8427615165710449,0.0,0.7742634415626526,0.19711361825466156,1.12079918384552,0.41282495856285095,0.10254284739494324,0.12982967495918274,0.9933465719223022,0.0,0.611553430557251,0.0,0.0,0.3349185287952423,0.4193340837955475,0.0,0.0,0.0,0.0,0.00806918554008007,6.898492574691772e-05,0.6359067559242249,1.0543105602264404,0.2197382003068924,0.2612055540084839,0.9874817132949829,0.0,0.0,0.20276331901550293,0.39830732345581055,0.0,0.797085702419281,0.7572921514511108,1.0429850816726685,1.0211063623428345,0.3227153420448303,0.11655119806528091,1.2140681743621826,0.0,0.0,0.7362547516822815,0.6872479915618896,0.14238685369491577,0.2919163107872009,0.0,1.399733066558838,0.10503240674734116,0.0,0.0,0.0,0.9099799394607544,1.177184820175171,1.0213006734848022,0.0,0.0,0.0,0.004065260291099548,0.0,0.0,0.0,0.27266621589660645,0.0,0.0,1.0170629024505615,0.05264206975698471,0.7340684533119202,1.1697218418121338,0.816869854927063,0.0,1.1351685523986816,0.36957594752311707,0.007249370217323303,0.0,0.03548021614551544,0.0,1.1457383632659912,0.2402372807264328,0.0,0.7480281591415405,0.958825945854187,0.6508437395095825,0.13247612118721008,0.6410996317863464,0.0,0.29517078399658203,1.3708962202072144,0.8239209651947021,0.01785377971827984,0.0,0.0,0.5129418969154358,0.49216029047966003,0.24335503578186035,0.6106129884719849,0.01611163653433323,0.8872228264808655,0.0,0.0,0.05554042384028435,0.13120108842849731,0.0
/content/drive/MyDrive/494_Project_test_3/COMI/dataset/BPAEC/nucleus/Z010/Z10_16.jpg,2,nucleus,2,nucleus,0.2919815182685852,0.0,0.0,0.0,0.6246950626373291,0.06051633507013321,1.0861709117889404,0.5516628623008728,0.0,0.40303802490234375,0.5122272968292236,1.3799872398376465,0.0,1.078936219215393,1.3529144525527954,0.9905712604522705,0.0,0.9094938635826111,0.0,0.6640092134475708,0.23942136764526367,0.0,0.0,0.8929315805435181,0.0,0.2778165340423584,0.24311503767967224,1.1406421661376953,0.0,1.0163390636444092,0.18085964024066925,1.3653931617736816,0.49755859375,0.11152154207229614,0.1240178570151329,1.1405494213104248,0.0,0.820834219455719,0.0,0.0,0.32826122641563416,0.4876156151294708,0.0,0.0,0.0,0.0,0.0,0.0,0.7858313322067261,1.303959608078003,0.16828352212905884,0.19462889432907104,1.128187656402588,0.0,0.0,0.10882063210010529,0.48184436559677124,0.0,1.007347822189331,0.794521689414978,1.180549144744873,1.3101214170455933,0.27284711599349976,0.19187816977500916,1.4784659147262573,0.0,0.0,1.0611695051193237,0.7383779287338257,0.029941879212856293,0.3199218511581421,0.0,1.7280582189559937,0.13045132160186768,0.0,0.0,0.0,1.1999088525772095,1.4189341068267822,1.2715818881988525,0.0,0.0,0.0,0.0,0.0,0.0,0.0,0.16864365339279175,0.0,0.0,1.269995927810669,0.0,0.9408479332923889,1.449018120765686,1.0435192584991455,0.0,1.4220243692398071,0.41942888498306274,0.0,0.0,0.037582237273454666,0.0,1.3142279386520386,0.15500690042972565,0.0,0.9901922941207886,1.1090320348739624,0.8951666951179504,0.025219816714525223,0.7795075178146362,0.0,0.3454098701477051,1.6090480089187622,1.062606930732727,0.0,0.0,0.0,0.7437705993652344,0.6510315537452698,0.14517417550086975,0.6754660606384277,0.024754026904702187,1.1418744325637817,0.0,0.0,0.10359403491020203,0.11206498742103577,0.0
/content/drive/MyDrive/494_Project_test_3/COMI/dataset/BPAEC/nucleus/Z010/Z10_17.jpg,2,nucleus,2,nucleus,0.285255491733551,0.0,0.0,0.0,0.615958034992218,0.1421281397342682,0.9271624684333801,0.4876898229122162,0.0,0.40618711709976196,0.435896635055542,1.181390404701233,0.0,0.8743497133255005,1.1356158256530762,0.8198398351669312,0.0,0.7253333926200867,0.0,0.5325517654418945,0.2364414930343628,0.0,0.0,0.8573163747787476,0.0,0.30242958664894104,0.22066619992256165,0.9355052709579468,0.0,0.836615264415741,0.22557640075683594,1.1938745975494385,0.45381149649620056,0.12070870399475098,0.13076549768447876,1.0579040050506592,0.0,0.6714924573898315,0.0,0.0,0.34488433599472046,0.46184584498405457,0.0,0.0,0.0,0.0,0.0,0.018894460052251816,0.7006694674491882,1.1269609928131104,0.21444787085056305,0.27369561791419983,1.0473006963729858,0.0,0.0,0.19046002626419067,0.43133455514907837,0.0,0.8641796112060547,0.7709347009658813,1.1208513975143433,1.1040616035461426,0.34164127707481384,0.168020099401474,1.288598656654358,0.0,0.0,0.8341688513755798,0.7411173582077026,0.12939772009849548,0.3174392580986023,0.0,1.5019861459732056,0.1423337459564209,0.0,0.0,0.0,0.9908820390701294,1.2476222515106201,1.1030761003494263,0.0,0.0,0.0,0.002333957701921463,0.0,0.0,0.0,0.27485403418540955,0.0,0.0,1.100013256072998,0.05539827048778534,0.8001723885536194,1.2558200359344482,0.8952091336250305,0.0,1.2336311340332031,0.3976569175720215,0.022516094148159027,0.0,0.05336720868945122,0.0,1.211181879043579,0.2355586141347885,0.0,0.832120418548584,1.0286719799041748,0.7159069776535034,0.1314476579427719,0.7100764513015747,0.0,0.32578301429748535,1.4631463289260864,0.9197515845298767,0.013154922053217888,0.0,0.0,0.592987060546875,0.5530744194984436,0.25232020020484924,0.6522855758666992,0.033141255378723145,0.9621659517288208,0.0,0.0,0.08392217755317688,0.14983507990837097,0.0
/content/drive/MyDrive/494_Project_test_3/COMI/dataset/BPAEC/nucleus/Z010/Z10_18.jpg,2,nucleus,2,nucleus,0.3512367010116577,0.0,0.0,0.0,0.6867346167564392,0.15374746918678284,0.9258987307548523,0.5434201955795288,0.0,0.47866952419281006,0.4933217465877533,1.1875613927841187,0.0,0.8766040802001953,1.1567634344100952,0.8300334215164185,0.0,0.7146788239479065,0.0,0.5277929306030273,0.19222258031368256,0.0,0.0,0.9187017679214478,0.0,0.31562623381614685,0.263393759727478,0.9447284936904907,0.0,0.8281516432762146,0.262664258480072,1.1759651899337769,0.5310858488082886,0.15637382864952087,0.2047901451587677,1.1458359956741333,0.0,0.6991536021232605,0.0,0.0,0.41308408975601196,0.5230886340141296,0.0,0.0,0.0,0.0,0.0,0.0,0.7637929916381836,1.1082241535186768,0.27603307366371155,0.33150479197502136,1.0994136333465576,0.0,0.0,0.23026219010353088,0.5029544234275818,0.0,0.8890961408615112,0.8383544683456421,1.0563405752182007,1.1027281284332275,0.3215080499649048,0.11545445770025253,1.277084469795227,0.0,0.0,0.826985239982605,0.8239659667015076,0.16769623756408691,0.3477766513824463,0.0,1.4856144189834595,0.11040375381708145,0.0,0.0,0.0,0.9979671239852905,1.2187550067901611,1.1191823482513428,0.0,0.0,0.0,0.03532181680202484,0.0,0.0,0.0,0.3105270564556122,0.0,0.0,1.0812638998031616,0.051390841603279114,0.8114119172096252,1.2542436122894287,0.9366306066513062,0.0,1.2465320825576782,0.4660341143608093,0.0,0.0,0.0,0.0,1.2520935535430908,0.25593528151512146,0.0,0.7933907508850098,0.9782806038856506,0.7140547037124634,0.14466477930545807,0.7883810997009277,0.0,0.39660143852233887,1.4251984357833862,0.991620659828186,0.03481338918209076,0.0,0.0,0.6354743242263794,0.6319364905357361,0.2815018892288208,0.7171775102615356,0.0,0.9632111191749573,0.0,0.0,0.14989420771598816,0.17825287580490112,0.0
/content/drive/MyDrive/494_Project_test_3/COMI/dataset/BPAEC/nucleus/Z010/Z10_19.jpg,2,nucleus,2,nucleus,0.2650112509727478,0.0,0.0,0.0,0.5961772203445435,0.09047215431928635,0.9840585589408875,0.4699191451072693,0.0,0.37052130699157715,0.4449693262577057,1.2455506324768066,0.0,0.9397882223129272,1.1854242086410522,0.8795331716537476,0.0,0.788911759853363,0.0,0.5872311592102051,0.20364496111869812,0.0,0.0,0.8483254313468933,0.0,0.2558494806289673,0.21323387324810028,0.9932311773300171,0.0,0.9016749262809753,0.176593616604805,1.2599341869354248,0.4461309611797333,0.09470659494400024,0.11605378240346909,1.064020037651062,0.0,0.7151033878326416,0.0,0.0,0.32933640480041504,0.4489881098270416,0.0,0.0,0.0,0.0,0.005365317687392235,0.0050942562520504,0.6978857517242432,1.1934683322906494,0.18497619032859802,0.21307985484600067,1.05625319480896,0.0,0.0,0.14945566654205322,0.4363657236099243,0.0,0.8958778977394104,0.7786883115768433,1.1230494976043701,1.173372507095337,0.2963995337486267,0.1486736536026001,1.3581501245498657,0.0,0.0,0.8966352939605713,0.70329749584198,0.0774042159318924,0.3024671673774719,0.0,1.5834819078445435,0.11520624905824661,0.0,0.0,0.0,1.0548661947250366,1.3147141933441162,1.149553656578064,0.0,0.0,0.0,0.0,0.0,0.0,0.0,0.21266533434391022,0.0,0.0,1.1545062065124512,0.004099760204553604,0.8414333462715149,1.3209062814712524,0.9191293716430664,0.0,1.2810332775115967,0.3849537670612335,0.0,0.0,0.04050087928771973,0.0,1.2325947284698486,0.18625156581401825,0.0,0.8707453012466431,1.0444995164871216,0.7744663953781128,0.07013008743524551,0.6962937116622925,0.0,0.31109166145324707,1.506250023841858,0.9337589740753174,0.0,0.0,0.0,0.619917094707489,0.5584277510643005,0.1856861561536789,0.6339712142944336,0.026716267690062523,1.02240788936615,0.0,0.0,0.06565205752849579,0.11434003710746765,0.0
/content/drive/MyDrive/494_Project_test_3/COMI/dataset/BPAEC/nucleus/Z010/Z10_2.jpg,2,nucleus,2,nucleus,0.20345592498779297,0.0,0.0,0.0,0.5219427943229675,0.0989525243639946,0.7769911289215088,0.3107147514820099,0.0,0.3165748417377472,0.3112228214740753,0.9687200784683228,0.0,0.6369532942771912,0.8754831552505493,0.640375018119812,0.0,0.5584834218025208,0.0,0.4278174936771393,0.1373578906059265,0.0,0.0,0.7407376766204834,0.0,0.21349404752254486,0.1652747243642807,0.686901867389679,0.0,0.6967288851737976,0.15728656947612762,1.0392154455184937,0.34926414489746094,0.07858654111623764,0.08632121235132217,0.8628594279289246,0.0,0.5001781582832336,0.0,0.0,0.30261123180389404,0.35031548142433167,0.0,0.0,0.0,0.0,0.032445572316646576,0.0,0.5460125207901001,0.9568817615509033,0.2134006917476654,0.24623258411884308,0.9069758653640747,0.0,0.0,0.21675574779510498,0.32436126470565796,0.0,0.6853946447372437,0.7179765701293945,0.967079222202301,0.8991009593009949,0.30087852478027344,0.06238729506731033,1.1067112684249878,0.0,0.0,0.5784229040145874,0.6080347299575806,0.1471303403377533,0.2699088156223297,0.0,1.242470145225525,0.044634222984313965,0.0,0.0,0.0,0.7843458652496338,1.0828056335449219,0.8844165205955505,0.0,0.0,0.0,0.0,0.0,0.023663727566599846,0.0,0.25744158029556274,0.0,0.0,0.8911033868789673,0.047281816601753235,0.6299863457679749,1.0451319217681885,0.6721277832984924,0.0,0.971809446811676,0.3109252154827118,0.0011243820190429688,0.0,0.024693379178643227,0.0,1.0392452478408813,0.24472452700138092,0.0,0.6546781063079834,0.878548264503479,0.5586771965026855,0.1238938495516777,0.5401075482368469,0.0,0.24815355241298676,1.258873462677002,0.6646425127983093,0.02722000889480114,0.0,0.0,0.36412113904953003,0.3828447461128235,0.2238837480545044,0.5569230318069458,0.0,0.7725625038146973,0.0,0.0,0.003725331276655197,0.10424739122390747,0.0
/content/drive/MyDrive/494_Project_test_3/COMI/dataset/BPAEC/nucleus/Z010/Z10_20.jpg,2,nucleus,2,nucleus,0.23553292453289032,0.0,0.0,0.0,0.564134955406189,0.0830969586968422,0.906150758266449,0.39808228611946106,0.0,0.3343554735183716,0.3872362971305847,1.139656662940979,0.0,0.830499529838562,1.0622718334197998,0.7936791181564331,0.0,0.7047058939933777,0.0,0.534955620765686,0.1636597216129303,0.0,0.0,0.7989718914031982,0.0,0.21926622092723846,0.1907501220703125,0.8780543208122253,0.0,0.8279820084571838,0.1524096429347992,1.1822011470794678,0.40291786193847656,0.08272410929203033,0.09932952374219894,0.9855534434318542,0.0,0.6365968585014343,0.0,0.0,0.31568461656570435,0.41041675209999084,0.0,0.0,0.0,0.0,0.026954105123877525,0.005065500736236572,0.6272555589675903,1.1109601259231567,0.18740004301071167,0.21005234122276306,0.9905816912651062,0.0,0.0,0.16641107201576233,0.38621407747268677,0.0,0.8070695996284485,0.7550216317176819,1.0624425411224365,1.073277473449707,0.29045307636260986,0.10869217664003372,1.265151858329773,0.0,0.0,0.7779051661491394,0.655366837978363,0.08841417729854584,0.28447601199150085,0.0,1.4635010957717896,0.08114620298147202,0.0,0.0,0.0,0.9521780014038086,1.233381986618042,1.0466433763504028,0.0,0.0,0.0,0.0,0.0,0.0,0.0,0.2199031561613083,0.0,0.0,1.0631496906280518,0.008896403014659882,0.761987030506134,1.220318078994751,0.8213191628456116,0.0,1.1583091020584106,0.3512117862701416,0.0,0.0,0.029995085671544075,0.0,1.1554499864578247,0.19672131538391113,0.0,0.7842697501182556,0.9803314208984375,0.6937660574913025,0.07794228196144104,0.630320131778717,0.0,0.2783949375152588,1.4121977090835571,0.8209002017974854,0.0,0.0,0.0,0.5163571238517761,0.4839693605899811,0.18702395260334015,0.5909580588340759,0.013998689129948616,0.9321447610855103,0.0,0.0,0.03333081677556038,0.10505591332912445,0.0
/content/drive/MyDrive/494_Project_test_3/COMI/dataset/BPAEC/nucleus/Z010/Z10_21.jpg,2,nucleus,2,nucleus,0.19954617321491241,0.0,0.0,0.0,0.5200703740119934,0.15663328766822815,0.8285019993782043,0.3681643307209015,0.0,0.3386462926864624,0.3413294553756714,1.0528297424316406,0.0,0.745120644569397,0.9767462611198425,0.7156747579574585,0.0,0.622208833694458,0.0,0.4578211307525635,0.26168492436408997,0.0,0.0,0.7523914575576782,0.0,0.27827703952789307,0.1669718474149704,0.784663200378418,0.0,0.7475340962409973,0.20149362087249756,1.0785040855407715,0.35237953066825867,0.08609430491924286,0.08327113837003708,0.9148041605949402,0.0,0.5532779097557068,0.0,0.0,0.2869914174079895,0.3620321452617645,0.0,0.0,0.0,0.0,0.011810800060629845,0.0802483856678009,0.5784176588058472,1.019245982170105,0.18848712742328644,0.25623929500579834,0.934848964214325,0.0,0.0,0.19649019837379456,0.34453311562538147,0.0,0.7627223134040833,0.7024208307266235,1.0862305164337158,0.9672614932060242,0.3708275556564331,0.17426566779613495,1.1700540781021118,0.0,0.0,0.696224570274353,0.630584716796875,0.16090959310531616,0.26515233516693115,0.0,1.3471826314926147,0.14827877283096313,0.0,0.0,0.0,0.855069637298584,1.1426212787628174,0.9738754630088806,0.0,0.0033701108768582344,0.0,0.028101831674575806,0.0,0.0,0.0,0.28969526290893555,0.0,0.0,0.9825701117515564,0.08393484354019165,0.6936634182929993,1.123850703239441,0.7575410604476929,0.0,1.087870478630066,0.31274160742759705,0.06854629516601562,0.0,0.10028618574142456,0.0,1.1018257141113281,0.2584627866744995,0.0,0.750224232673645,0.9805089235305786,0.6058694124221802,0.17239101231098175,0.5688595771789551,0.0,0.23815737664699554,1.36770761013031,0.7411646842956543,0.04825964570045471,0.0,0.0,0.4575852155685425,0.41591987013816833,0.26864925026893616,0.566486120223999,0.0749487653374672,0.8406052589416504,0.0,0.0,0.006501864641904831,0.12712343037128448,0.0
/content/drive/MyDrive/494_Project_test_3/COMI/dataset/BPAEC/nucleus/Z010/Z10_22.jpg,2,nucleus,2,nucleus,0.2810651361942291,0.0,0.0,0.0,0.6103056073188782,0.06347709149122238,0.9914732575416565,0.46784499287605286,0.0,0.3763529658317566,0.46438735723495483,1.2544572353363037,0.0,0.9453532695770264,1.1844758987426758,0.891460657119751,0.0,0.7926009297370911,0.0,0.5961172580718994,0.1447599083185196,0.0,0.0,0.8600939512252808,0.0,0.2246265709400177,0.22480154037475586,0.9994103908538818,0.0,0.9050734043121338,0.1589159518480301,1.2647411823272705,0.4648139476776123,0.09457337856292725,0.14239245653152466,1.0880825519561768,0.0,0.7341650128364563,0.0,0.0,0.3526429831981659,0.4609057605266571,0.0,0.0,0.0,0.0,0.01719680242240429,0.0,0.7048686146736145,1.1947444677352905,0.20198823511600494,0.2052452564239502,1.0674660205841064,0.0,0.0,0.15281735360622406,0.4588395953178406,0.0,0.8984972834587097,0.8111096024513245,1.072058081626892,1.1835155487060547,0.25558558106422424,0.09597008675336838,1.3670097589492798,0.0,0.0,0.8922700881958008,0.7086582183837891,0.06981752812862396,0.3025778532028198,0.0,1.5876755714416504,0.07455704361200333,0.0,0.0,0.0,1.0663886070251465,1.316636085510254,1.1565290689468384,0.0,0.0,0.0,0.0,0.0,0.0,0.0,0.19598686695098877,0.0,0.0,1.1504677534103394,0.0,0.8466139435768127,1.3267401456832886,0.9310840368270874,0.0,1.2792112827301025,0.4063892066478729,0.0,0.0,0.0,0.0,1.2390642166137695,0.1732206493616104,0.0,0.8441044092178345,1.0106290578842163,0.7830449938774109,0.04609934613108635,0.706069827079773,0.0,0.32945913076400757,1.4813714027404785,0.9445000886917114,0.0,0.0,0.0,0.6284574270248413,0.5797757506370544,0.1610708236694336,0.6409698724746704,0.0,1.0298635959625244,0.0,0.0,0.07877761125564575,0.10627356171607971,0.0
/content/drive/MyDrive/494_Project_test_3/COMI/dataset/BPAEC/nucleus/Z010/Z10_23.jpg,2,nucleus,2,nucleus,0.276826947927475,0.0,0.0,0.0,0.6007201075553894,0.057314470410346985,1.070021390914917,0.5279191136360168,0.0,0.395757794380188,0.4991426467895508,1.3563565015792847,0.0,1.0590343475341797,1.3269304037094116,0.9792251586914062,0.0,0.8953539729118347,0.0,0.6545137166976929,0.2444736659526825,0.0,0.0,0.8720945715904236,0.0,0.2739385664463043,0.23577843606472015,1.1207956075668335,0.0,1.0025146007537842,0.17442341148853302,1.3378586769104004,0.48452436923980713,0.10643120110034943,0.12637585401535034,1.1176021099090576,0.0,0.8035761713981628,0.0,0.0,0.31441447138786316,0.4661695659160614,0.0,0.0,0.0,0.0,0.0,0.0,0.7682331800460815,1.2813942432403564,0.1642126590013504,0.190287247300148,1.101872205734253,0.0,0.0,0.10419189929962158,0.4703839123249054,0.0,0.9972811341285706,0.777351975440979,1.1607093811035156,1.2830661535263062,0.2688911557197571,0.19311922788619995,1.451938509941101,0.0,0.0,1.043868899345398,0.7125784158706665,0.03568730503320694,0.3060172498226166,0.0,1.6965712308883667,0.1288633644580841,0.0,0.0,0.0,1.1808911561965942,1.3929786682128906,1.25192129611969,0.0,0.0,0.0,0.0,0.0,0.0,0.0,0.1670098751783371,0.0,0.0,1.2432070970535278,0.0,0.920058012008667,1.424789547920227,1.0235806703567505,0.0,1.401703953742981,0.4029960036277771,0.009037293493747711,0.0,0.03518576920032501,0.0,1.2901246547698975,0.15683111548423767,0.0,0.9757677316665649,1.0917279720306396,0.8776674270629883,0.026569955050945282,0.755202054977417,0.0,0.33249640464782715,1.57642662525177,1.0325665473937988,0.0,0.0,0.0,0.7283126711845398,0.6354361772537231,0.14246419072151184,0.6602088212966919,0.025384394451975822,1.1181998252868652,0.0,0.0,0.09353715181350708,0.10414916276931763,0.0
/content/drive/MyDrive/494_Project_test_3/COMI/dataset/BPAEC/nucleus/Z010/Z10_24.jpg,2,nucleus,2,nucleus,0.2436450570821762,0.0,0.0,0.0,0.5636740326881409,0.08213681727647781,0.8495509624481201,0.37015771865844727,0.0,0.344592809677124,0.3748839497566223,1.0665408372879028,0.0,0.7411727905273438,0.9810997247695923,0.7249614000320435,0.0,0.6354259252548218,0.0,0.4839434325695038,0.11970888078212738,0.0,0.0,0.7881327867507935,0.0,0.21194759011268616,0.192902609705925,0.7968630790710449,0.0,0.7634125351905823,0.1561727374792099,1.1144297122955322,0.4000623822212219,0.08702757954597473,0.11513075977563858,0.9546385407447815,0.0,0.586531937122345,0.0,0.0,0.3342064619064331,0.40143585205078125,0.0,0.0,0.0,0.0,0.02918730489909649,0.0,0.6046780943870544,1.034472942352295,0.21752750873565674,0.23689500987529755,0.9673333764076233,0.0,0.0,0.19992855191230774,0.38180115818977356,0.0,0.756420910358429,0.7631703615188599,0.9899352192878723,0.9970273375511169,0.2758203446865082,0.056898780167102814,1.1965411901474,0.0,0.0,0.6850683093070984,0.6535117626190186,0.12278120964765549,0.2842445373535156,0.0,1.361517071723938,0.04506020247936249,0.0,0.0,0.0,0.8834360837936401,1.1634957790374756,0.9803078174591064,0.0,0.0,0.0,0.0,0.0,0.0,0.0,0.239927738904953,0.0,0.0,0.9780498147010803,0.01991821825504303,0.7058112621307373,1.139841079711914,0.7662322521209717,0.0,1.075771450996399,0.35509565472602844,0.0,0.0,0.00033910968340933323,0.0,1.1131784915924072,0.21839500963687897,0.0,0.7080507874488831,0.9119589328765869,0.6334415674209595,0.0903528556227684,0.6053295731544495,0.0,0.288349986076355,1.3268178701400757,0.770872950553894,0.0,0.0,0.0,0.4607858657836914,0.46429765224456787,0.2028706669807434,0.5905835032463074,0.0,0.8617390394210815,0.0,0.0,0.038846489042043686,0.10505199432373047,0.0
/content/drive/MyDrive/494_Project_test_3/COMI/dataset/BPAEC/nucleus/Z010/Z10_25.jpg,2,nucleus,2,nucleus,0.19382600486278534,0.0,0.0,0.0,0.505397617816925,0.13923823833465576,0.810080885887146,0.3449491560459137,0.0,0.3299235701560974,0.3324221968650818,1.0297116041183472,0.0,0.71422278881073,0.9405418038368225,0.6956846714019775,0.0,0.5994529724121094,0.0,0.43853089213371277,0.2298385202884674,0.0,0.0,0.7365462779998779,0.0,0.25734639167785645,0.163901224732399,0.7526687383651733,0.0,0.7260556817054749,0.18935860693454742,1.0499072074890137,0.34112703800201416,0.0788736492395401,0.0938931480050087,0.8952069878578186,0.0,0.5359143614768982,0.0,0.0,0.2893969416618347,0.34630706906318665,0.0,0.0,0.0,0.0,0.02417074702680111,0.05334914103150368,0.5631636381149292,0.9879677295684814,0.19799427688121796,0.25192150473594666,0.9173434972763062,0.0,0.0,0.2046651840209961,0.34039801359176636,0.0,0.7412163615226746,0.7044717073440552,1.0386393070220947,0.9378220438957214,0.3454340994358063,0.14243802428245544,1.1424261331558228,0.0,0.0,0.6618718504905701,0.609838604927063,0.16567832231521606,0.25654107332229614,0.0,1.304176688194275,0.12016073614358902,0.0,0.0,0.0,0.8290574550628662,1.1116762161254883,0.9478780031204224,0.0,0.0,0.0,0.0281812846660614,0.0,0.012182755395770073,0.0,0.27805009484291077,0.0,0.0,0.9468653798103333,0.07513915747404099,0.6713315844535828,1.0905954837799072,0.73366379737854,0.0,1.051485300064087,0.3068597614765167,0.052648723125457764,0.0,0.07982213795185089,0.0,1.07785165309906,0.2575085759162903,0.0,0.7109139561653137,0.9390756487846375,0.584244966506958,0.16784636676311493,0.5442476868629456,0.0,0.23529376089572906,1.3203314542770386,0.7120262384414673,0.04857109487056732,0.0,0.0,0.43253326416015625,0.4020443558692932,0.25694912672042847,0.5598838329315186,0.05209069699048996,0.8136762380599976,0.0,0.0,0.003014657646417618,0.11685685813426971,0.0
/content/drive/MyDrive/494_Project_test_3/COMI/dataset/BPAEC/nucleus/Z010/Z10_26.jpg,2,nucleus,2,nucleus,0.23651883006095886,0.0,0.0,0.0,0.560703456401825,0.11276864260435104,0.8570676445960999,0.3873637616634369,0.0,0.3491111397743225,0.3723146617412567,1.080973505973816,0.0,0.7672305107116699,1.0049796104431152,0.7396224737167358,0.0,0.6475653052330017,0.0,0.48809269070625305,0.176711767911911,0.0,0.0,0.7890579700469971,0.0,0.23954036831855774,0.1893317550420761,0.8189820051193237,0.0,0.7722110748291016,0.17680148780345917,1.1217141151428223,0.39283061027526855,0.09234565496444702,0.10595526546239853,0.9615331292152405,0.0,0.5928125381469727,0.0,0.0,0.3211248815059662,0.40300270915031433,0.0,0.0,0.0,0.0,0.01756644807755947,0.012113403528928757,0.6095677018165588,1.050962209701538,0.2052432894706726,0.2456875592470169,0.9696900844573975,0.0,0.0,0.19587822258472443,0.374490886926651,0.0,0.7743851542472839,0.7458637952804565,1.0441408157348633,1.0088626146316528,0.3154709041118622,0.10965936630964279,1.2076276540756226,0.0,0.0,0.7153900265693665,0.6608394384384155,0.12800484895706177,0.28344136476516724,0.0,1.3861716985702515,0.0905899927020073,0.0,0.0,0.0,0.8935971260070801,1.1764886379241943,0.9991306662559509,0.0,0.0,0.0,0.0,0.0,0.0,0.0,0.2592427730560303,0.0,0.0,1.0055890083312988,0.04280731827020645,0.7201082110404968,1.159043550491333,0.7863258123397827,0.0,1.1050434112548828,0.34819433093070984,0.0070807188749313354,0.0,0.03800806403160095,0.0,1.125690221786499,0.2299688160419464,0.0,0.741304874420166,0.9553616046905518,0.6408054828643799,0.11745359748601913,0.6139079332351685,0.0,0.27700603008270264,1.3655974864959717,0.7850980758666992,0.003221062943339348,0.0,0.0,0.47900527715682983,0.46199190616607666,0.22872015833854675,0.5899897813796997,0.014951912686228752,0.8755007982254028,0.0,0.0,0.033438581973314285,0.11925408244132996,0.0
/content/drive/MyDrive/494_Project_test_3/COMI/dataset/BPAEC/nucleus/Z010/Z10_27.jpg,2,nucleus,2,nucleus,0.23077405989170074,0.0,0.0,0.0,0.5531930327415466,0.10900520533323288,0.7571714520454407,0.32433828711509705,0.0,0.3512820601463318,0.3252946436405182,0.9481098055839539,0.0,0.6040369868278503,0.8567898273468018,0.6202548742294312,0.0,0.5291352868080139,0.0,0.4084349572658539,0.10550020635128021,0.0,0.0,0.7640352249145508,0.0,0.21762967109680176,0.18129242956638336,0.6642441153526306,0.0,0.6695528030395508,0.17425529658794403,1.0135411024093628,0.3743375241756439,0.09507028758525848,0.11816861480474472,0.8863638043403625,0.0,0.4953778386116028,0.0,0.0,0.3362346291542053,0.36936676502227783,0.0,0.0,0.0,0.0,0.022831333801150322,0.0,0.5637117028236389,0.9265913963317871,0.24976345896720886,0.2763309180736542,0.9192216396331787,0.0,0.0,0.24308550357818604,0.3471980094909668,0.0,0.6785586476325989,0.7449126839637756,0.9190420508384705,0.8753626942634583,0.29023632407188416,0.02223133109509945,1.0834039449691772,0.0,0.0,0.5437619686126709,0.6424245834350586,0.17098280787467957,0.28533369302749634,0.0,1.2041839361190796,0.02159970998764038,0.0,0.0,0.0,0.764472484588623,1.0529632568359375,0.8681286573410034,0.0,0.0,0.0,0.014858745038509369,0.0,0.049966905266046524,0.0,0.27944058179855347,0.0,0.0,0.8570229411125183,0.051080115139484406,0.6173349022865295,1.020376205444336,0.6710849404335022,0.0,0.9508621096611023,0.33745884895324707,0.0,0.0,0.0,0.0,1.0414772033691406,0.26264894008636475,0.0,0.6169241070747375,0.8416489362716675,0.5406321287155151,0.1329163759946823,0.5658647418022156,0.0,0.27820098400115967,1.2202569246292114,0.6742016077041626,0.04620468616485596,0.0,0.0,0.3602598309516907,0.40557625889778137,0.2404593527317047,0.5837452411651611,0.0,0.7508134245872498,0.0,0.0,0.03156978264451027,0.11517234146595001,0.0
/content/drive/MyDrive/494_Project_test_3/COMI/dataset/BPAEC/nucleus/Z010/Z10_28.jpg,2,nucleus,2,nucleus,0.2550395727157593,0.0,0.0,0.0,0.5736659169197083,0.11469446867704391,0.9196752905845642,0.44339069724082947,0.0,0.3721150755882263,0.41647782921791077,1.167925238609314,0.0,0.861435055732727,1.1048403978347778,0.8153107166290283,0.0,0.7179787158966064,0.0,0.5306448936462402,0.21709519624710083,0.0,0.0,0.8185030221939087,0.0,0.2682149112224579,0.20507784187793732,0.913127064704895,0.0,0.8314335942268372,0.1922808736562729,1.174436330795288,0.42218834161758423,0.09696032106876373,0.12695297598838806,1.0168676376342773,0.0,0.6563078761100769,0.0,0.0,0.32005375623703003,0.4211605489253998,0.0,0.0,0.0,0.0,0.003342745825648308,0.006358779966831207,0.6657502055168152,1.1094224452972412,0.2007155567407608,0.23787708580493927,1.0107098817825317,0.0,0.0,0.1730336844921112,0.41360384225845337,0.0,0.8458879590034485,0.7522021532058716,1.0756144523620605,1.0855536460876465,0.31217488646507263,0.14823061227798462,1.2671518325805664,0.0,0.0,0.8149580359458923,0.6855112910270691,0.11303398013114929,0.2907654941082001,0.0,1.4746514558792114,0.12028082460165024,0.0,0.0,0.0,0.9743978977203369,1.2259628772735596,1.0805727243423462,0.0,0.0,0.0,0.0,0.0,0.0,0.0,0.23818981647491455,0.0,0.0,1.0754704475402832,0.0326293408870697,0.7807221412658691,1.2329678535461426,0.8672649264335632,0.0,1.20529305934906,0.37061360478401184,0.01544944941997528,0.0,0.044271375983953476,0.0,1.177037239074707,0.21804019808769226,0.0,0.8084256052970886,0.9949127435684204,0.7055751085281372,0.11202740669250488,0.6586084365844727,0.0,0.2979600429534912,1.42243492603302,0.8731173276901245,0.0,0.0,0.0,0.5702807903289795,0.5215804576873779,0.21493655443191528,0.6190874576568604,0.02999548427760601,0.9457064270973206,0.0,0.0,0.06281377375125885,0.12429450452327728,0.0
/content/drive/MyDrive/494_Project_test_3/COMI/dataset/BPAEC/nucleus/Z010/Z10_29.jpg,2,nucleus,2,nucleus,0.2639438807964325,0.0,0.0,0.0,0.6020469665527344,0.20513778924942017,0.6089451313018799,0.333141952753067,0.04997651278972626,0.4214300513267517,0.2869875133037567,0.7690513730049133,0.0,0.4228101074695587,0.7102809548377991,0.46139317750930786,0.0,0.36923837661743164,0.0,0.2930254638195038,0.12253762781620026,0.0,0.0,0.7814761400222778,0.0,0.2875593900680542,0.19563716650009155,0.4932054579257965,0.0,0.5140559077262878,0.25921541452407837,0.8600336909294128,0.39673638343811035,0.14529210329055786,0.1501818299293518,0.8607624173164368,0.0,0.37337037920951843,0.0,0.0,0.37503206729888916,0.3971041738986969,0.0,0.0,0.0,0.0,0.0,0.0,0.5552734136581421,0.7664458751678467,0.3135780096054077,0.4012751579284668,0.8926409482955933,0.0,0.0,0.3376125991344452,0.3311266303062439,0.0005104504525661469,0.5707866549491882,0.7332624793052673,0.8622698187828064,0.6996096968650818,0.3715144395828247,0.012878453359007835,0.9120453000068665,0.0,0.0,0.3566814363002777,0.7169452905654907,0.27779120206832886,0.31810462474823,0.0,0.9960520267486572,0.042117051780223846,0.0,0.0,0.0,0.5969057083129883,0.8854984641075134,0.7286962270736694,0.0,0.0,0.0,0.14488579332828522,0.0,0.18003995716571808,0.0,0.40451425313949585,0.0,0.03543102741241455,0.7083974480628967,0.13802841305732727,0.4981696903705597,0.8472972512245178,0.5815473794937134,0.0,0.8069457411766052,0.361726313829422,0.0,0.0,0.0,0.0,0.9810985326766968,0.3588269054889679,0.0,0.49118366837501526,0.7624567747116089,0.3989521861076355,0.24035759270191193,0.584416389465332,0.0,0.31220149993896484,1.0907262563705444,0.6167854070663452,0.16292805969715118,0.0,0.0,0.2600327730178833,0.3804762661457062,0.3665353059768677,0.6080232262611389,0.0,0.601874828338623,0.0,0.0,0.07501955330371857,0.18190822005271912,0.0
/content/drive/MyDrive/494_Project_test_3/COMI/dataset/BPAEC/nucleus/Z010/Z10_3.jpg,2,nucleus,2,nucleus,0.23201945424079895,0.0,0.0,0.0,0.5532841086387634,0.07758880406618118,0.8375204205513,0.351336807012558,0.0,0.33363187313079834,0.3605145812034607,1.0470974445343018,0.0,0.7170666456222534,0.9573378562927246,0.7075897455215454,0.0,0.6206470131874084,0.0,0.47488895058631897,0.11366796493530273,0.0,0.0,0.7772321701049805,0.0,0.2049310803413391,0.18563200533390045,0.7715891599655151,0.0,0.7528887391090393,0.1494877189397812,1.103628396987915,0.38742873072624207,0.08256551623344421,0.10621688514947891,0.9312208890914917,0.0,0.5688340067863464,0.0,0.0,0.3268917500972748,0.38736364245414734,0.0,0.0,0.0,0.0,0.03292063623666763,0.0,0.5901447534561157,1.0209078788757324,0.21620029211044312,0.2322877198457718,0.9548953175544739,0.0,0.0,0.20105776190757751,0.3684265613555908,0.0,0.7401562333106995,0.756289541721344,0.979119062423706,0.9790084958076477,0.27256181836128235,0.049757979810237885,1.1822339296340942,0.0,0.0,0.6601070761680603,0.6383674144744873,0.12318741530179977,0.28030073642730713,0.0,1.337868332862854,0.03639952838420868,0.0,0.0,0.0,0.8642057180404663,1.150986909866333,0.9591787457466125,0.0,0.0,0.0,0.0,0.0,0.0,0.0,0.2364899069070816,0.0,0.0,0.958611786365509,0.019171200692653656,0.6900864243507385,1.122043251991272,0.7422987222671509,0.0,1.0513348579406738,0.3435458838939667,0.0,0.0,0.0009949582163244486,0.0,1.0963490009307861,0.21925969421863556,0.0,0.6951534748077393,0.9016823768615723,0.6206527948379517,0.08951874822378159,0.5873416662216187,0.0,0.2781035900115967,1.312042474746704,0.7443583011627197,0.0,0.0,0.0,0.43532514572143555,0.4443458318710327,0.1989198923110962,0.5815129280090332,0.0,0.844150185585022,0.0,0.0,0.027910489588975906,0.09954889118671417,0.0
/content/drive/MyDrive/494_Project_test_3/COMI/dataset/BPAEC/nucleus/Z010/Z10_30.jpg,2,nucleus,2,nucleus,0.2553672194480896,0.0,0.0,0.0,0.5776540040969849,0.09345153719186783,0.8700466752052307,0.39239299297332764,0.0,0.36227911710739136,0.3967418670654297,1.0941728353500366,0.0,0.7679697275161743,1.0123720169067383,0.7462595701217651,0.0,0.6518991589546204,0.0,0.4905613958835602,0.1305587738752365,0.0,0.0,0.8070554733276367,0.0,0.22849534451961517,0.20209896564483643,0.8274132013320923,0.0,0.7743148803710938,0.16924302279949188,1.1277565956115723,0.41365474462509155,0.09177125990390778,0.13277220726013184,0.9861021041870117,0.0,0.6082647442817688,0.0,0.0,0.3463207185268402,0.41454634070396423,0.0,0.0,0.0,0.0,0.026712855324149132,0.0,0.6257475018501282,1.0502769947052002,0.2261161506175995,0.24479956924915314,0.9892614483833313,0.0,0.0,0.20482398569583893,0.4016053080558777,0.0,0.7812932133674622,0.7797656059265137,1.002636432647705,1.0195016860961914,0.2822614908218384,0.06414574384689331,1.2209256887435913,0.0,0.0,0.713912308216095,0.6736235022544861,0.1319645345211029,0.290548712015152,0.0,1.3918389081954956,0.06081356108188629,0.0,0.0,0.0,0.9078617095947266,1.1824607849121094,1.0125283002853394,0.0,0.0,0.0,0.0,0.0,0.0,0.0,0.24884730577468872,0.0,0.0,1.0006721019744873,0.026962295174598694,0.7271044850349426,1.1643931865692139,0.7986901998519897,0.0,1.1115554571151733,0.3707095682621002,0.0,0.0,0.002492685103788972,0.0,1.1407139301300049,0.2245284467935562,0.0,0.7222496867179871,0.9272873401641846,0.650536835193634,0.1001012772321701,0.6243508458137512,0.0,0.30044686794281006,1.3503930568695068,0.8069941997528076,0.0,0.0,0.0,0.4912791848182678,0.48941585421562195,0.21502277255058289,0.6062526702880859,0.0,0.8832282423973083,0.0,0.0,0.0523885153234005,0.110308438539505,0.0
/content/drive/MyDrive/494_Project_test_3/COMI/dataset/BPAEC/nucleus/Z010/Z10_31.jpg,2,nucleus,2,nucleus,0.23003298044204712,0.0,0.0,0.0,0.5453253984451294,0.13182568550109863,0.7638611197471619,0.34042051434516907,0.0,0.3580434322357178,0.33491280674934387,0.9601408839225769,0.0,0.6322996020317078,0.8753712773323059,0.6330868005752563,0.0,0.5400809049606323,0.0,0.4035473167896271,0.15409408509731293,0.0,0.0,0.7572009563446045,0.0,0.24842317402362823,0.17987486720085144,0.6899365186691284,0.0,0.6695114970207214,0.19051341712474823,1.0052295923233032,0.3696502447128296,0.09226419031620026,0.12737905979156494,0.8958174586296082,0.0,0.5028398036956787,0.0,0.0,0.3265235126018524,0.36890265345573425,0.0,0.0,0.0,0.0,0.027195146307349205,0.0,0.5709584951400757,0.9284788370132446,0.24374637007713318,0.277860552072525,0.913787305355072,0.0,0.0,0.23918351531028748,0.35040080547332764,0.0,0.6903616189956665,0.7297834157943726,0.9476094841957092,0.8800479769706726,0.31594318151474,0.0659901574254036,1.0799146890640259,0.0,0.0,0.5737863183021545,0.6443639993667603,0.18308225274085999,0.28065025806427,0.0,1.2232184410095215,0.06905517727136612,0.0,0.0,0.0,0.7746263742446899,1.0539708137512207,0.8881829380989075,0.0,0.0,0.0,0.04059620201587677,0.0,0.04687165096402168,0.0,0.2918812930583954,0.0,0.0,0.8789224028587341,0.0765020027756691,0.6233624219894409,1.0235826969146729,0.6936473846435547,0.0,0.9842121005058289,0.3358047902584076,0.002717643976211548,0.0,0.017336780205368996,0.0,1.0497467517852783,0.269977867603302,0.0,0.6343244314193726,0.8639184236526489,0.5400936007499695,0.15922261774539948,0.5636193752288818,0.0,0.273492693901062,1.2333027124404907,0.6970247030258179,0.0656530112028122,0.0,0.0,0.388949990272522,0.4162461459636688,0.26142191886901855,0.5808902382850647,0.0,0.7566800117492676,0.0,0.0,0.037201765924692154,0.12289047241210938,0.0
/content/drive/MyDrive/494_Project_test_3/COMI/dataset/BPAEC/nucleus/Z010/Z10_32.jpg,2,nucleus,2,nucleus,0.22533805668354034,0.0,0.0,0.0,0.5532042384147644,0.08479534834623337,0.7867982983589172,0.3207426369190216,0.0,0.33485502004623413,0.329647034406662,0.9797743558883667,0.0,0.6360527276992798,0.8864865303039551,0.6468000411987305,0.0,0.5636942982673645,0.0,0.4396698772907257,0.0912478044629097,0.0,0.0,0.772347092628479,0.0,0.19935694336891174,0.17945596575737,0.6944938898086548,0.0,0.7046915888786316,0.15384064614772797,1.0595579147338867,0.3771463632583618,0.08693110942840576,0.10510655492544174,0.892928421497345,0.0,0.5158629417419434,0.0,0.0,0.33026865124702454,0.3742966055870056,0.0,0.0,0.0,0.0,0.029050050303339958,0.0,0.5666471719741821,0.9685872793197632,0.232680082321167,0.25332897901535034,0.9360561966896057,0.0,0.0,0.2262701392173767,0.3480624556541443,0.0,0.6926319003105164,0.7515828609466553,0.9391984939575195,0.915688693523407,0.2770974338054657,0.01831459067761898,1.1287652254104614,0.0,0.0,0.5750084519386292,0.6369494199752808,0.14198538661003113,0.28519928455352783,0.0,1.2541286945343018,0.01231633871793747,0.0,0.0,0.0,0.8005563020706177,1.096773386001587,0.8940998315811157,0.0,0.0,0.0,0.0,0.0,0.02490861527621746,0.0,0.2530057430267334,0.0,0.0,0.8927839398384094,0.029518090188503265,0.6415897011756897,1.0617798566818237,0.685616672039032,0.0,0.9775510430335999,0.3351901173591614,0.0,0.0,0.0,0.0,1.0577585697174072,0.23873473703861237,0.0,0.6463983058929443,0.863928496837616,0.5751983523368835,0.10170839726924896,0.5683467984199524,0.0,0.2757871747016907,1.258509635925293,0.6869860291481018,0.014672381803393364,0.0,0.0,0.3710244297981262,0.40902167558670044,0.21258851885795593,0.5778831243515015,0.0,0.7868039608001709,0.0,0.0,0.023229967802762985,0.10350707173347473,0.0
/content/drive/MyDrive/494_Project_test_3/COMI/dataset/BPAEC/nucleus/Z010/Z10_33.jpg,2,nucleus,2,nucleus,0.20340365171432495,0.0,0.0,0.0,0.5297377109527588,0.06415917724370956,0.7992658019065857,0.2999396324157715,0.0,0.30606645345687866,0.31307119131088257,0.9914484620094299,0.0,0.6500451564788818,0.8916880488395691,0.6589797735214233,0.0,0.5827378630638123,0.0,0.45701321959495544,0.09077712893486023,0.0036620907485485077,0.0,0.7561179399490356,0.0,0.1789563000202179,0.16542579233646393,0.7021077871322632,0.0,0.7257315516471863,0.13040243089199066,1.0811702013015747,0.35762864351272583,0.0708869993686676,0.08522666245698929,0.8680911064147949,0.0,0.5165822505950928,0.0,0.0,0.306753009557724,0.35324767231941223,0.0,0.0,0.0,0.0,0.03968674689531326,0.0,0.5507721304893494,0.9903829097747803,0.21001586318016052,0.2247234731912613,0.9237064719200134,0.0,0.0,0.20634731650352478,0.3287942409515381,0.0,0.6916502118110657,0.7348235249519348,0.9521558284759521,0.9306967854499817,0.2672373056411743,0.024604110047221184,1.1451517343521118,0.0,0.0,0.5881795883178711,0.6059054732322693,0.11666429787874222,0.27457869052886963,0.0,1.2733982801437378,0.006704811006784439,0.0,0.0,0.0,0.812373161315918,1.1150519847869873,0.8970482349395752,0.0,0.0,0.0,0.0,0.0,0.0018065324984490871,0.0,0.22204582393169403,0.0,0.0,0.908728837966919,0.013386841863393784,0.6450985670089722,1.0776004791259766,0.6772974133491516,0.0,0.9819191098213196,0.3136891722679138,0.0,0.0,0.0,0.0,1.0488289594650269,0.21976721286773682,0.0,0.6646925210952759,0.876815915107727,0.5902419686317444,0.08229412138462067,0.5476411581039429,0.0,0.2554873824119568,1.2742137908935547,0.666753888130188,0.0,0.0,0.0,0.36079347133636475,0.3867034912109375,0.18350434303283691,0.5603347420692444,0.0,0.800412654876709,0.0,0.0,0.0011000372469425201,0.08775226771831512,0.0
/content/drive/MyDrive/494_Project_test_3/COMI/dataset/BPAEC/nucleus/Z010/Z10_34.jpg,2,nucleus,2,nucleus,0.26871180534362793,0.0,0.0,0.0,0.5938675999641418,0.11086922138929367,0.9391321539878845,0.4627809226512909,0.0,0.3810168504714966,0.43022528290748596,1.1929365396499634,0.0,0.8858821392059326,1.133454442024231,0.8347985744476318,0.0,0.7394103407859802,0.0,0.5487682819366455,0.20635347068309784,0.0,0.0,0.8376279473304749,0.0,0.26687106490135193,0.21298843622207642,0.9413973689079285,0.0,0.8521336913108826,0.19320377707481384,1.202908992767334,0.43997490406036377,0.1030033752322197,0.12662512063980103,1.0433411598205566,0.0,0.6795268654823303,0.0,0.0,0.33338695764541626,0.44248104095458984,0.0,0.0,0.0,0.0,0.0,0.00014119967818260193,0.6847990155220032,1.1374735832214355,0.2011747658252716,0.23896582424640656,1.0331387519836426,0.0,0.0,0.1714031845331192,0.4272487163543701,0.0,0.8640082478523254,0.7676423788070679,1.0908868312835693,1.1156715154647827,0.30782070755958557,0.14251548051834106,1.298088550567627,0.0,0.0,0.8411532044410706,0.7069894075393677,0.10444755107164383,0.30201560258865356,0.0,1.5122777223587036,0.11551725119352341,0.0,0.0,0.0,1.0009615421295166,1.2561724185943604,1.1035454273223877,0.0,0.0,0.0,0.0,0.0,0.0,0.0,0.23806406557559967,0.0,0.0,1.1027796268463135,0.0253550186753273,0.803729236125946,1.262524962425232,0.8885818719863892,0.0,1.2307045459747314,0.38468506932258606,0.002925954759120941,0.0,0.03711429238319397,0.0,1.201539397239685,0.2099127322435379,0.0,0.8267594575881958,1.0108388662338257,0.7286707162857056,0.0989203006029129,0.6863770484924316,0.0,0.3120235204696655,1.450960397720337,0.9029620885848999,0.0,0.0,0.0,0.5896975994110107,0.5425940752029419,0.2116326093673706,0.6327494382858276,0.022875158116221428,0.9731607437133789,0.0,0.0,0.07124024629592896,0.12764856219291687,0.0
/content/drive/MyDrive/494_Project_test_3/COMI/dataset/BPAEC/nucleus/Z010/Z10_35.jpg,2,nucleus,2,nucleus,0.2638557553291321,0.0,0.0,0.0,0.5889460444450378,0.06579416245222092,1.0701677799224854,0.5218250751495361,0.0,0.3921468257904053,0.4905202388763428,1.3569012880325317,0.0,1.05851149559021,1.3260657787322998,0.9763189554214478,0.0,0.8969194889068604,0.0,0.6514976024627686,0.263412743806839,0.0,0.0,0.8625343441963196,0.0,0.27874013781547546,0.22972775995731354,1.1166539192199707,0.0,1.004496693611145,0.1777634173631668,1.3381608724594116,0.4733908176422119,0.1011870801448822,0.11551996320486069,1.1084914207458496,0.0,0.7976642847061157,0.0,0.0,0.3034846782684326,0.45860323309898376,0.0,0.0,0.0,0.0,0.0,0.009342838078737259,0.7599189877510071,1.2818740606307983,0.1572629064321518,0.19001460075378418,1.096172571182251,0.0,0.0,0.10451960563659668,0.4607486128807068,0.0,0.9972938299179077,0.7675824165344238,1.1779803037643433,1.279978632926941,0.2819995582103729,0.20901618897914886,1.4531580209732056,0.0,0.0,1.0456762313842773,0.703026533126831,0.039607807993888855,0.3024258017539978,0.0,1.6973592042922974,0.14083760976791382,0.0,0.0,0.0,1.1784926652908325,1.395761251449585,1.2499306201934814,0.0,0.0,0.0,0.0,0.0,0.0,0.0,0.17033034563064575,0.0,0.0,1.244085431098938,0.0,0.9183012843132019,1.4253740310668945,1.0191855430603027,0.0,1.4036482572555542,0.3900764286518097,0.025843247771263123,0.0,0.05359305441379547,0.0,1.2883014678955078,0.16156752407550812,0.0,0.9824475049972534,1.1040600538253784,0.8765380382537842,0.035004761070013046,0.7453035712242126,0.0,0.3203517198562622,1.5881325006484985,1.0224294662475586,0.0,0.0,0.0,0.7228143811225891,0.6209564805030823,0.14842072129249573,0.6542062759399414,0.04196517914533615,1.1162469387054443,0.0,0.0,0.08315642178058624,0.10261234641075134,0.0
/content/drive/MyDrive/494_Project_test_3/COMI/dataset/BPAEC/nucleus/Z010/Z10_36.jpg,2,nucleus,2,nucleus,0.3286951184272766,0.0,0.0,0.0,0.6653987169265747,0.10607776790857315,0.9754157662391663,0.5265399813652039,0.0,0.43582987785339355,0.4905795454978943,1.2433353662490845,0.0,0.9338833093643188,1.1992348432540894,0.8773211240768433,0.0,0.7736737132072449,0.0,0.5775039196014404,0.1662425398826599,0.0,0.0,0.9058785438537598,0.0,0.27398163080215454,0.2513194978237152,0.9985353946685791,0.0,0.8842416405677795,0.21350468695163727,1.245293140411377,0.512183666229248,0.13155096769332886,0.17172712087631226,1.1369072198867798,0.0,0.7359768152236938,0.0,0.0,0.39026540517807007,0.5105873942375183,0.0,0.0,0.0,0.0,0.0,0.0,0.753800094127655,1.1749248504638672,0.2376783937215805,0.26883450150489807,1.102170705795288,0.0,0.0,0.18717916309833527,0.49048149585723877,0.0,0.9088467955589294,0.830935537815094,1.0798039436340332,1.1702394485473633,0.2869685888290405,0.10876148194074631,1.3457049131393433,0.0,0.0,0.8852158188819885,0.7852087020874023,0.10854437202215195,0.33536118268966675,0.0,1.568491816520691,0.0937037393450737,0.0,0.0,0.0,1.0562013387680054,1.2919204235076904,1.1582989692687988,0.0,0.0,0.0,0.0,0.0,0.0,0.0,0.24995191395282745,0.0,0.0,1.1407300233840942,0.009393449872732162,0.8481776118278503,1.3149540424346924,0.9554455280303955,0.0,1.2878369092941284,0.44778311252593994,0.0,0.0,0.0,0.0,1.2648935317993164,0.20827677845954895,0.0,0.8390995860099792,1.0094163417816162,0.7699764966964722,0.08460937440395355,0.7724918723106384,0.0,0.37560880184173584,1.4778040647506714,0.9975573420524597,0.0,0.0,0.0,0.6519877314567566,0.6258075833320618,0.21677353978157043,0.6910353899002075,0.0,1.0203375816345215,0.0,0.0,0.12463748455047607,0.14650145173072815,0.0
/content/drive/MyDrive/494_Project_test_3/COMI/dataset/BPAEC/nucleus/Z010/Z10_37.jpg,2,nucleus,2,nucleus,0.2840299904346466,0.0,0.0,0.0,0.6007013916969299,0.1437629759311676,0.8746438026428223,0.45509833097457886,0.0,0.4103143811225891,0.4225483238697052,1.11178457736969,0.0,0.8056997656822205,1.0572603940963745,0.7696459293365479,0.0,0.6646566987037659,0.0,0.49289411306381226,0.20433442294597626,0.0,0.0,0.834477424621582,0.0,0.28682321310043335,0.2188902646303177,0.8667584657669067,0.0,0.7787894606590271,0.22201159596443176,1.121119737625122,0.444549024105072,0.11888084560632706,0.15598762035369873,1.030205488204956,0.0,0.6308253407478333,0.0,0.0,0.34927719831466675,0.44396212697029114,0.0,0.0,0.0,0.0,0.0,0.0,0.6712276339530945,1.054064154624939,0.23771515488624573,0.286758691072464,1.008321762084961,0.0,0.0,0.21036717295646667,0.42487192153930664,0.0,0.8201261162757874,0.7661044597625732,1.0384769439697266,1.0299893617630005,0.3266066312789917,0.12739762663841248,1.2123008966445923,0.0,0.0,0.7554159760475159,0.7228901386260986,0.15419605374336243,0.30439648032188416,0.0,1.4047149419784546,0.11437629908323288,0.0,0.0,0.0,0.9268041849136353,1.169865608215332,1.040417194366455,0.0,0.0,0.0,0.0218178853392601,0.0,0.0,0.0,0.2850525975227356,0.0,0.0,1.023168683052063,0.0615924671292305,0.7463480830192566,1.1790134906768799,0.848301887512207,0.0,1.1620980501174927,0.3928687274456024,0.008006930351257324,0.0,0.024209944531321526,0.0,1.1630691289901733,0.2501651644706726,0.0,0.7567524313926697,0.9573842287063599,0.6593777537345886,0.1443607360124588,0.6786502599716187,0.0,0.3232407569885254,1.3679519891738892,0.8677666187286377,0.03250700235366821,0.0,0.0,0.5498532652854919,0.5310688018798828,0.2581305205821991,0.6405626535415649,0.008836915716528893,0.8954591155052185,0.0,0.0,0.08598178625106812,0.14719781279563904,0.0
/content/drive/MyDrive/494_Project_test_3/COMI/dataset/BPAEC/nucleus/Z010/Z10_38.jpg,2,nucleus,2,nucleus,0.28405582904815674,0.0,0.0,0.0,0.6117685437202454,0.10055720061063766,0.9646769165992737,0.47285929322242737,0.0,0.39206451177597046,0.460862934589386,1.223434329032898,0.0,0.9107754826545715,1.1593822240829468,0.859326958656311,0.0,0.7578098177909851,0.0,0.5618364810943604,0.18010137975215912,0.0,0.0,0.8599631786346436,0.0,0.2613348662853241,0.22300006449222565,0.9661173820495605,0.0,0.8681312203407288,0.18850891292095184,1.2242745161056519,0.46310532093048096,0.10299592465162277,0.15199851989746094,1.082358479499817,0.0,0.7066732048988342,0.0,0.0,0.354022741317749,0.45514681935310364,0.0,0.0,0.0,0.0,0.0069275181740522385,0.0,0.7027285695075989,1.153592824935913,0.2176012098789215,0.23644553124904633,1.06057608127594,0.0,0.0,0.1765485256910324,0.45674848556518555,0.0,0.8850409984588623,0.8060387372970581,1.0755302906036377,1.143073558807373,0.2889479398727417,0.11597562581300735,1.3297051191329956,0.0,0.0,0.8592795729637146,0.7205036878585815,0.10566981136798859,0.30739420652389526,0.0,1.5400749444961548,0.10144656151533127,0.0,0.0,0.0,1.0309319496154785,1.2782871723175049,1.1357914209365845,0.0,0.0,0.0,0.0,0.0,0.0,0.0,0.2310567945241928,0.0,0.0,1.1178501844406128,0.011596940457820892,0.8234003782272339,1.2899601459503174,0.9144691228866577,0.0,1.2561805248260498,0.4064359664916992,0.0,0.0,0.013788687065243721,0.0,1.2293665409088135,0.20679253339767456,0.0,0.8236089944839478,1.0032848119735718,0.750063955783844,0.08796560019254684,0.7014751434326172,0.0,0.32939082384109497,1.4615586996078491,0.9344411492347717,0.0,0.0,0.0,0.6168006658554077,0.5725522637367249,0.20516377687454224,0.6490310430526733,0.0008346419781446457,0.9942857027053833,0.0,0.0,0.08650308847427368,0.12078547477722168,0.0
/content/drive/MyDrive/494_Project_test_3/COMI/dataset/BPAEC/nucleus/Z010/Z10_39.jpg,2,nucleus,2,nucleus,0.2296285182237625,0.0,0.0,0.0,0.5498601794242859,0.0866808071732521,0.9397092461585999,0.4198988974094391,0.0,0.34178411960601807,0.4052962362766266,1.1913520097732544,0.0,0.8893836736679077,1.1156542301177979,0.8394745588302612,0.0,0.7468636631965637,0.0,0.5582627058029175,0.20517244935035706,0.0,0.0,0.7996340394020081,0.0,0.232182577252388,0.1924089789390564,0.9327338337898254,0.0,0.8644647002220154,0.16146190464496613,1.2063742876052856,0.40291106700897217,0.08072762191295624,0.1012689545750618,1.0003927946090698,0.0,0.6687420606613159,0.0,0.0,0.30297747254371643,0.4069841802120209,0.0,0.0,0.0,0.0,0.016442088410258293,0.02166246995329857,0.646683394908905,1.1457645893096924,0.17256717383861542,0.20138844847679138,1.0017364025115967,0.0,0.0,0.14791712164878845,0.40018612146377563,0.0,0.8539150357246399,0.7425370812416077,1.0904278755187988,1.1142768859863281,0.2951853275299072,0.1445886492729187,1.3025087118148804,0.0,0.0,0.8415294289588928,0.6516461372375488,0.08262147754430771,0.2738884687423706,0.0,1.5127888917922974,0.10734245926141739,0.0,0.0,0.0,0.9997947216033936,1.2629220485687256,1.0916763544082642,0.0,0.0,0.0,0.0,0.0,0.0,0.0,0.20853395760059357,0.0,0.0,1.1016793251037598,0.01000244915485382,0.795569658279419,1.2622488737106323,0.8657147288322449,0.0,1.218032956123352,0.34969931840896606,0.010491088032722473,0.0,0.05097614601254463,0.0,1.1767492294311523,0.1897110790014267,0.0,0.8316512107849121,1.0136934518814087,0.7296048402786255,0.079720139503479,0.6382510662078857,0.0,0.2761911153793335,1.4492079019546509,0.8565253019332886,0.0,0.0,0.0,0.5656946897506714,0.5014730095863342,0.17929412424564362,0.5951780080795288,0.03827594220638275,0.9717077016830444,0.0,0.0,0.03379494324326515,0.10459893941879272,0.0
/content/drive/MyDrive/494_Project_test_3/COMI/dataset/BPAEC/nucleus/Z010/Z10_4.jpg,2,nucleus,2,nucleus,0.27728182077407837,0.0,0.0,0.0,0.6103097200393677,0.15977954864501953,0.8371872305870056,0.43210604786872864,0.0,0.4062386751174927,0.3989590108394623,1.0593180656433105,0.0,0.7436773180961609,1.003318190574646,0.7162586450576782,0.0,0.6166918873786926,0.0,0.4593229591846466,0.18794268369674683,0.0,0.0,0.8301387429237366,0.0,0.29077836871147156,0.21315017342567444,0.805680513381958,0.0,0.735415518283844,0.22593195736408234,1.0917084217071533,0.43352437019348145,0.12129361182451248,0.14410674571990967,1.009109377861023,0.0,0.5884736180305481,0.0,0.0,0.36068442463874817,0.4411246180534363,0.0,0.0,0.0,0.0,6.805919110774994e-05,0.0,0.6460122466087341,1.0176185369491577,0.24747925996780396,0.3024812638759613,0.9988489747047424,0.0,0.0,0.23498839139938354,0.40629422664642334,0.0,0.7734594345092773,0.7748109698295593,1.0345220565795898,0.9848906397819519,0.34663546085357666,0.10886982828378677,1.1815494298934937,0.0,0.0,0.6914740800857544,0.7254444360733032,0.17761003971099854,0.311729371547699,0.0,1.3603392839431763,0.11269468814134598,0.0,0.0,0.0,0.8747785091400146,1.1465885639190674,0.9983479976654053,0.0,0.0,0.0,0.042678117752075195,0.0,0.018016239628195763,0.0,0.3170596659183502,0.0,0.0,0.9859135150909424,0.07754639536142349,0.7113271355628967,1.134876012802124,0.8043178915977478,0.0,1.1085262298583984,0.39016079902648926,0.005259349942207336,0.0,0.028415536507964134,0.0,1.1483962535858154,0.27093422412872314,0.0,0.716244101524353,0.9434933066368103,0.6178536415100098,0.16295242309570312,0.6598774194717407,0.0,0.31652289628982544,1.3510969877243042,0.8282372951507568,0.05389104783535004,0.0,0.0,0.49603164196014404,0.5033044219017029,0.28680911660194397,0.6284337043762207,0.005711311474442482,0.8547936081886292,0.0,0.0,0.07760243117809296,0.15157926082611084,0.0
/content/drive/MyDrive/494_Project_test_3/COMI/dataset/BPAEC/nucleus/Z010/Z10_40.jpg,2,nucleus,2,nucleus,0.3071445822715759,0.0,0.0,0.0,0.6395017504692078,0.07577674835920334,1.0655713081359863,0.5599227547645569,0.0,0.4163396954536438,0.5113397240638733,1.3587311506271362,0.0,1.058190107345581,1.328571081161499,0.9754798412322998,0.0,0.8870633840560913,0.0,0.651199460029602,0.23402199149131775,0.0,0.0,0.9066991806030273,0.0,0.2820379137992859,0.24731183052062988,1.1205860376358032,0.0,0.9964069128036499,0.19633758068084717,1.3509178161621094,0.5098285675048828,0.12367312610149384,0.13151651620864868,1.1486085653305054,0.0,0.8102415204048157,0.0,0.0,0.3474428057670593,0.504426121711731,0.0,0.0,0.0,0.0,0.0,0.0,0.787528932094574,1.2856409549713135,0.1810043305158615,0.2209370732307434,1.1313767433166504,0.0,0.0,0.1257804036140442,0.4880484342575073,0.0,0.9959164261817932,0.8062208890914917,1.1819096803665161,1.2896510362625122,0.285101056098938,0.1856839954853058,1.4576936960220337,0.0,0.0,1.0328978300094604,0.761107861995697,0.049620576202869415,0.3254854679107666,0.0,1.7066704034805298,0.12641310691833496,0.0,0.0,0.0,1.1779569387435913,1.3997106552124023,1.2555065155029297,0.0,0.0,0.0,0.0,0.0,0.0,0.0,0.195506289601326,0.0,0.0,1.2554712295532227,0.0,0.9294878840446472,1.4315952062606812,1.0345934629440308,0.0,1.403609037399292,0.43313345313072205,0.0,0.0,0.0318673737347126,0.0,1.3112736940383911,0.16908541321754456,0.0,0.9748350381851196,1.1044045686721802,0.8713669776916504,0.04721590876579285,0.791480541229248,0.0,0.3587162494659424,1.596943736076355,1.0580679178237915,0.0,0.0,0.0,0.7327004075050354,0.651285707950592,0.1675618588924408,0.6880816221237183,0.02006244845688343,1.122211217880249,0.0,0.0,0.10705666244029999,0.12891200184822083,0.0
/content/drive/MyDrive/494_Project_test_3/COMI/dataset/BPAEC/nucleus/Z010/Z10_41.jpg,2,nucleus,2,nucleus,0.30938225984573364,0.0,0.0,0.0,0.6401156783103943,0.11305812746286392,1.012523889541626,0.5475803017616272,0.0,0.42731842398643494,0.49111223220825195,1.2932358980178833,0.0,0.9880635142326355,1.262372612953186,0.916304349899292,0.0,0.8227066397666931,0.0,0.6029919385910034,0.24398091435432434,0.0,0.0,0.8982568979263306,0.0,0.30460068583488464,0.24262000620365143,1.0538341999053955,0.0,0.9310700297355652,0.22144491970539093,1.287461519241333,0.4991745352745056,0.12978172302246094,0.13716059923171997,1.1260793209075928,0.0,0.7609453201293945,0.0,0.0,0.3534410893917084,0.4973970353603363,0.0,0.0,0.0,0.0,0.0,0.00043809041380882263,0.765571653842926,1.2214272022247314,0.2002749890089035,0.25628039240837097,1.108065128326416,0.0,0.0,0.15792402625083923,0.47545939683914185,0.0,0.9529477953910828,0.7975674271583557,1.1638727188110352,1.2179522514343262,0.31597474217414856,0.18428167700767517,1.392594814300537,0.0,0.0,0.9598470330238342,0.7701864838600159,0.09017514437437057,0.32842525839805603,0.0,1.6271072626113892,0.13968896865844727,0.0,0.0,0.0,1.1077545881271362,1.3393211364746094,1.2023265361785889,0.0,0.0,0.0,0.0,0.0,0.0,0.0,0.23850616812705994,0.0,0.0,1.1951367855072021,0.0208103209733963,0.8835741877555847,1.365822434425354,0.9905847311019897,0.0,1.3445104360580444,0.42861053347587585,0.009629063308238983,0.0,0.040047552436590195,0.0,1.281031847000122,0.20459796488285065,0.0,0.9237412214279175,1.078675389289856,0.8114327192306519,0.08918236941099167,0.7746235132217407,0.0,0.3549213409423828,1.5497533082962036,1.0188326835632324,0.0,0.0,0.0,0.6885499954223633,0.6256473660469055,0.21318122744560242,0.6860818862915039,0.025323690846562386,1.0613093376159668,0.0,0.0,0.10786406695842743,0.14508044719696045,0.0
/content/drive/MyDrive/494_Project_test_3/COMI/dataset/BPAEC/nucleus/Z010/Z10_42.jpg,2,nucleus,2,nucleus,0.25030624866485596,0.0,0.0,0.0,0.5753405690193176,0.07140731066465378,0.8836781978607178,0.38895583152770996,0.0,0.34397274255752563,0.39037203788757324,1.109674334526062,0.0,0.7890037298202515,1.028469443321228,0.7638524770736694,0.0,0.6748354434967041,0.0,0.516494631767273,0.11716490983963013,0.0,0.0,0.8041609525680542,0.0,0.20587223768234253,0.19854603707790375,0.8441441059112549,0.0,0.8004224300384521,0.14877884089946747,1.1584115028381348,0.4141833186149597,0.08627718687057495,0.11292055994272232,0.983404278755188,0.0,0.6206014752388,0.0,0.0,0.335305780172348,0.41734346747398376,0.0,0.0,0.0,0.0,0.02922782115638256,0.0,0.6234009861946106,1.0790138244628906,0.20696526765823364,0.22417457401752472,0.9902206063270569,0.0,0.0,0.1856474131345749,0.3938640356063843,0.0,0.7844007611274719,0.7734503746032715,1.0151015520095825,1.0445423126220703,0.2687143087387085,0.06293787807226181,1.2412666082382202,0.0,0.0,0.7335244417190552,0.6644875407218933,0.10040413588285446,0.2888398766517639,0.0,1.4211721420288086,0.0468190535902977,0.0,0.0,0.0,0.926876425743103,1.207106351852417,1.0203179121017456,0.0,0.0,0.0,0.0,0.0,0.0,0.0,0.22460924088954926,0.0,0.0,1.0242719650268555,0.0032496973872184753,0.7400849461555481,1.1886012554168701,0.8014228343963623,0.0,1.1194449663162231,0.3640036880970001,0.0,0.0,0.0,0.0,1.1422618627548218,0.20224152505397797,0.0,0.7421945333480835,0.9384049773216248,0.6719655990600586,0.07057397067546844,0.6290283203125,0.0,0.29501163959503174,1.3693389892578125,0.807746171951294,0.0,0.0,0.0,0.4939309358596802,0.4867985248565674,0.1863243728876114,0.5973467230796814,0.0,0.9057855010032654,0.0,0.0,0.04415426030755043,0.10333982110023499,0.0
/content/drive/MyDrive/494_Project_test_3/COMI/dataset/BPAEC/nucleus/Z010/Z10_43.jpg,2,nucleus,2,nucleus,0.302410364151001,0.0,0.0,0.0,0.6315774917602539,0.14750909805297852,0.914872944355011,0.4989396631717682,0.0,0.4268675446510315,0.44749248027801514,1.167829155921936,0.0,0.8578343987464905,1.1266063451766968,0.8097704648971558,0.0,0.7090861797332764,0.0,0.5237771272659302,0.21814242005348206,0.0,0.0,0.8685271739959717,0.0,0.30784833431243896,0.23151741921901703,0.9237409234046936,0.0,0.8199966549873352,0.2353319376707077,1.1739654541015625,0.47321122884750366,0.12991270422935486,0.15181025862693787,1.0741409063339233,0.0,0.6706494688987732,0.0,0.0,0.3617553412914276,0.47390398383140564,0.0,0.0,0.0,0.0,0.0,0.0,0.7123097777366638,1.1044039726257324,0.23280511796474457,0.2900242805480957,1.0509295463562012,0.0,0.0,0.20219014585018158,0.44884660840034485,0.0,0.8608051538467407,0.7840002775192261,1.0863006114959717,1.0882519483566284,0.3341100811958313,0.14487764239311218,1.2676358222961426,0.0,0.0,0.8168056011199951,0.7595865726470947,0.14259043335914612,0.3237123489379883,0.0,1.4765790700912476,0.13073810935020447,0.0,0.0,0.0,0.9792277812957764,1.2234714031219482,1.0939178466796875,0.0,0.0,0.0,0.013933256268501282,0.0,0.0,0.0,0.285033255815506,0.0,0.0,1.0782060623168945,0.05466029793024063,0.7922557592391968,1.2369581460952759,0.8970229029655457,0.0,1.221979022026062,0.41598984599113464,0.007012911140918732,0.0,0.028107644990086555,0.0,1.2119722366333008,0.24461619555950165,0.0,0.8086763024330139,0.999362587928772,0.704696774482727,0.1347743570804596,0.7244240045547485,0.0,0.3439558744430542,1.4334973096847534,0.9304889440536499,0.024790598079562187,0.0,0.0,0.5979720950126648,0.5719545483589172,0.2590431869029999,0.6647937893867493,0.01221434585750103,0.9502167701721191,0.0,0.0,0.10687749087810516,0.1560748815536499,0.0
/content/drive/MyDrive/494_Project_test_3/COMI/dataset/BPAEC/nucleus/Z010/Z10_44.jpg,2,nucleus,2,nucleus,0.24830879271030426,0.0,0.0,0.0,0.5769379734992981,0.0956144854426384,0.7957128882408142,0.35702693462371826,0.0,0.3560175895690918,0.3528274595737457,0.9973716139793396,0.0,0.6657556295394897,0.9167988300323486,0.6649248600006104,0.0,0.5784355998039246,0.0,0.4482213854789734,0.09854497015476227,0.0,0.0,0.791649580001831,0.0,0.21489566564559937,0.19569829106330872,0.722457230091095,0.0,0.7131561636924744,0.17102046310901642,1.0669221878051758,0.40525022149086,0.1008584275841713,0.11767653375864029,0.9319259524345398,0.0,0.5380872488021851,0.0,0.0,0.3450760245323181,0.4068325459957123,0.0,0.0,0.0,0.0,0.020615210756659508,0.0,0.5931288599967957,0.9801582098007202,0.23717571794986725,0.2720949351787567,0.957351565361023,0.0,0.0,0.2318461537361145,0.3696928918361664,0.0,0.7106764316558838,0.7627301216125488,0.9557649493217468,0.9323119521141052,0.2862931191921234,0.032613351941108704,1.1385616064071655,0.0,0.0,0.6034262776374817,0.6696610450744629,0.1495751142501831,0.29440706968307495,0.0,1.280835747718811,0.02649986743927002,0.0,0.0,0.0,0.8187885284423828,1.1045174598693848,0.9194647669792175,0.0,0.0,0.0,0.0,0.0,0.019835321232676506,0.0,0.26937443017959595,0.0,0.0,0.9161895513534546,0.03406038135290146,0.658372700214386,1.078765869140625,0.7189404964447021,0.0,1.005897045135498,0.35815688967704773,0.0,0.0,0.0,0.0,1.083106517791748,0.2432204633951187,0.0,0.6571320295333862,0.873079776763916,0.5861124992370605,0.11175290495157242,0.6056448221206665,0.0,0.29635369777679443,1.2742396593093872,0.7334761619567871,0.01760263554751873,0.0,0.0,0.40562134981155396,0.44209107756614685,0.22963619232177734,0.5941882729530334,0.0,0.8069592714309692,0.0,0.0,0.044428687542676926,0.12126217782497406,0.0
/content/drive/MyDrive/494_Project_test_3/COMI/dataset/BPAEC/nucleus/Z010/Z10_45.jpg,2,nucleus,2,nucleus,0.26253044605255127,0.0,0.0,0.0,0.5861956477165222,0.10380306094884872,0.979543149471283,0.48097559809684753,0.0,0.3772624433040619,0.4427245855331421,1.2499333620071411,0.0,0.9450867176055908,1.1923705339431763,0.8824139833450317,0.0,0.7888867259025574,0.0,0.5801606178283691,0.24060681462287903,0.0,0.0,0.8440865278244019,0.0,0.2749292850494385,0.21232207119464874,0.9944286346435547,0.0,0.9020044207572937,0.19452692568302155,1.249394178390503,0.44381779432296753,0.10144835710525513,0.11432202905416489,1.0594764947891235,0.0,0.7129990458488464,0.0,0.0,0.3204381465911865,0.44301027059555054,0.0,0.0,0.0,0.0,0.0,0.024323154240846634,0.7026563286781311,1.1860178709030151,0.18154899775981903,0.22705306112766266,1.053112506866455,0.0,0.0,0.150141179561615,0.43399059772491455,0.0,0.9060806035995483,0.7644968032836914,1.1398518085479736,1.167323112487793,0.3128511309623718,0.1796601116657257,1.3486477136611938,0.0,0.0,0.9057361483573914,0.7038951516151428,0.08758360892534256,0.29844141006469727,0.0,1.5740755796432495,0.1342635154724121,0.0,0.0,0.0,1.0528626441955566,1.302170753479004,1.15129554271698,0.0,0.0,0.0,0.0,0.0,0.0,0.0,0.22084340453147888,0.0,0.0,1.1520167589187622,0.01721607893705368,0.8414875864982605,1.3173574209213257,0.9270011782646179,0.0,1.2861334085464478,0.38096532225608826,0.021146565675735474,0.0,0.05742911994457245,0.0,1.229102373123169,0.19770461320877075,0.0,0.8839551210403442,1.0546071529388428,0.7707594037055969,0.09158871322870255,0.6970117092132568,0.0,0.3084862232208252,1.5089398622512817,0.9341444969177246,0.0,0.0,0.0,0.6294585466384888,0.556996762752533,0.19982776045799255,0.6386240720748901,0.04377395659685135,1.0197179317474365,0.0,0.0,0.06613503396511078,0.1243053525686264,0.0
/content/drive/MyDrive/494_Project_test_3/COMI/dataset/BPAEC/nucleus/Z010/Z10_46.jpg,2,nucleus,2,nucleus,0.25981253385543823,0.0,0.0,0.0,0.5742939710617065,0.10821821540594101,0.9609100818634033,0.474213570356369,0.0,0.37545859813690186,0.43396687507629395,1.2240732908248901,0.0,0.9221634268760681,1.1689928770065308,0.862200140953064,0.0,0.7690574526786804,0.0,0.563694953918457,0.2491397261619568,0.0,0.0,0.8297914266586304,0.0,0.2777068018913269,0.20968081057071686,0.9739277362823486,0.0,0.8814275860786438,0.19632649421691895,1.2196013927459717,0.43478813767433167,0.10068993270397186,0.11681362241506577,1.0380921363830566,0.0,0.6947668790817261,0.0,0.0,0.31000787019729614,0.43319812417030334,0.0,0.0,0.0,0.0,0.0,0.025271836668252945,0.6925698518753052,1.160112738609314,0.18287062644958496,0.22960934042930603,1.032705545425415,0.0,0.0,0.1529821753501892,0.42408132553100586,0.0,0.8904269933700562,0.7458798289299011,1.119964599609375,1.140742301940918,0.3138405680656433,0.1841895580291748,1.315226674079895,0.0,0.0,0.8844261765480042,0.6935983896255493,0.09126631170511246,0.293418288230896,0.0,1.5357985496520996,0.1358986496925354,0.0,0.0,0.0,1.0296913385391235,1.2706291675567627,1.1267130374908447,0.0,0.0,0.0,0.0,0.0,0.0,0.0,0.22168301045894623,0.0,0.0,1.1267445087432861,0.024568811058998108,0.8224200010299683,1.288098692893982,0.9089273810386658,0.0,1.261283278465271,0.3726973235607147,0.029177360236644745,0.0,0.058455318212509155,0.0,1.2057855129241943,0.20275495946407318,0.0,0.8677671551704407,1.0366642475128174,0.7513946294784546,0.09914159029722214,0.6854320764541626,0.0,0.3011825680732727,1.4764525890350342,0.9172085523605347,0.0,0.0,0.0,0.6167734265327454,0.5454145073890686,0.20246928930282593,0.6332430839538574,0.0463615283370018,0.9944506883621216,0.0,0.0,0.06499888002872467,0.12458309531211853,0.0
/content/drive/MyDrive/494_Project_test_3/COMI/dataset/BPAEC/nucleus/Z010/Z10_47.jpg,2,nucleus,2,nucleus,0.374664306640625,0.0,0.0,0.0,0.7141023278236389,0.22266551852226257,0.8485766053199768,0.5723104476928711,0.0,0.5345176458358765,0.4826661944389343,1.0918747186660767,0.0,0.7864245772361755,1.0980571508407593,0.7481510639190674,0.0,0.6323903203010559,0.0,0.4611465632915497,0.246344655752182,0.0,0.0,0.9266304969787598,0.0,0.3853662610054016,0.27881288528442383,0.8698350787162781,0.0,0.7479634881019592,0.3279772996902466,1.0862022638320923,0.5469086170196533,0.19441139698028564,0.21840131282806396,1.131075143814087,0.0,0.638473629951477,0.0,0.0,0.4252772927284241,0.5484426617622375,0.0,0.0,0.0,0.0,0.0,0.0,0.7755580544471741,1.0192865133285522,0.3081650137901306,0.41224852204322815,1.0839381217956543,0.0,0.0,0.27522629499435425,0.49374914169311523,0.0,0.8457913994789124,0.8112075328826904,1.0529407262802124,1.0082775354385376,0.3842101991176605,0.15220320224761963,1.1769238710403442,0.0,0.0,0.7523754239082336,0.8747958540916443,0.23470047116279602,0.3693413734436035,0.0,1.3751248121261597,0.15150964260101318,0.0,0.0,0.0,0.9182158708572388,1.125187873840332,1.0526604652404785,0.0,0.0,0.0,0.12606588006019592,0.0,0.0351480208337307,0.0,0.3945215344429016,0.0,0.005250982940196991,1.0091983079910278,0.1210426613688469,0.752503514289856,1.1624972820281982,0.9029982089996338,0.0,1.1892865896224976,0.47786104679107666,0.00641612708568573,0.0,0.0016297961119562387,0.0,1.223820686340332,0.31673964858055115,0.0,0.7556942105293274,0.9556926488876343,0.6411988139152527,0.21959500014781952,0.8146061301231384,0.0,0.4178422689437866,1.3665646314620972,0.9830991625785828,0.11965510249137878,0.0,0.0,0.6013525724411011,0.6318601369857788,0.36697497963905334,0.7401026487350464,0.0,0.8798769116401672,0.0,0.0,0.17778322100639343,0.2237023115158081,0.0
/content/drive/MyDrive/494_Project_test_3/COMI/dataset/BPAEC/nucleus/Z010/Z10_48.jpg,2,nucleus,2,nucleus,0.3430459499359131,0.0,0.0,0.0,0.6727523803710938,0.11829064041376114,1.028831958770752,0.6088637113571167,0.0,0.48123884201049805,0.5381412506103516,1.304664969444275,0.0,1.011098861694336,1.3137210607528687,0.9325357675552368,0.0,0.8601064085960388,0.0,0.6126822233200073,0.26789310574531555,0.0,0.0,0.9221776723861694,0.0,0.3541390895843506,0.2890998125076294,1.0932806730270386,0.0,0.9638421535491943,0.2561666667461395,1.2897015810012817,0.5577383041381836,0.15842866897583008,0.15731292963027954,1.1761207580566406,0.0,0.7986697554588318,0.0,0.0,0.3619472086429596,0.5638184547424316,0.0,0.0,0.0,0.0,0.0,0.0,0.8279200792312622,1.22238028049469,0.21546678245067596,0.27120649814605713,1.1388537883758545,0.0,0.0,0.15318924188613892,0.5163270831108093,0.0,0.9983757734298706,0.8084231019020081,1.172860860824585,1.2335022687911987,0.31532514095306396,0.21280160546302795,1.3885587453842163,0.0,0.0,1.0230814218521118,0.806853711605072,0.09621701389551163,0.35762089490890503,0.0,1.642724633216858,0.15024897456169128,0.0,0.0,0.0,1.1495777368545532,1.3376061916351318,1.2262990474700928,0.0,0.0,0.0,0.0,0.0,0.0,0.0,0.2584150731563568,0.0,0.0,1.2078189849853516,0.03954342007637024,0.9032043814659119,1.372715711593628,1.0319186449050903,0.0,1.4011032581329346,0.46253934502601624,0.024714544415473938,0.0,0.03470383957028389,0.0,1.31575345993042,0.21052493155002594,0.0,0.960868775844574,1.076176643371582,0.8413654565811157,0.09183789789676666,0.8450157642364502,0.0,0.39178287982940674,1.5487409830093384,1.086846113204956,0.0017243903130292892,0.0,0.0,0.7606478333473206,0.6921447515487671,0.23055684566497803,0.718604564666748,0.01676926389336586,1.0706974267959595,0.0,0.0,0.15610697865486145,0.17009946703910828,0.0
/content/drive/MyDrive/494_Project_test_3/COMI/dataset/BPAEC/nucleus/Z010/Z10_49.jpg,2,nucleus,2,nucleus,0.24678641557693481,0.0,0.0,0.0,0.565345823764801,0.09247121959924698,0.9137389659881592,0.4206128418445587,0.0,0.35951554775238037,0.41080373525619507,1.1609750986099243,0.0,0.8537447452545166,1.0826350450515747,0.8142143487930298,0.0,0.7135776877403259,0.0,0.5347570180892944,0.17607855796813965,0.0,0.0,0.8083028197288513,0.0,0.23235228657722473,0.20222777128219604,0.8984611630439758,0.0,0.8323114514350891,0.17014242708683014,1.1729015111923218,0.4173619747161865,0.09006629884243011,0.12636691331863403,1.0102511644363403,0.0,0.6547490954399109,0.0,0.0,0.32634562253952026,0.4163704514503479,0.0,0.0,0.0,0.0,0.01755671016871929,0.0,0.6477978825569153,1.1074657440185547,0.19990244507789612,0.22441288828849792,1.001312255859375,0.0,0.0,0.17180439829826355,0.41260743141174316,0.0,0.8343036770820618,0.7641277313232422,1.0483852624893188,1.079933524131775,0.2878304719924927,0.11283550411462784,1.2681218385696411,0.0,0.0,0.7980074286460876,0.6673858761787415,0.10687368363142014,0.2798689007759094,0.0,1.467649221420288,0.08857882767915726,0.0,0.0,0.0,0.9683178663253784,1.2250194549560547,1.0680427551269531,0.0,0.0,0.0,0.0,0.0,0.0,0.0,0.22667720913887024,0.0,0.0,1.064225673675537,0.013690117746591568,0.7729937434196472,1.227015495300293,0.853298544883728,0.0,1.1847838163375854,0.3682042062282562,0.0,0.0,0.025302043184638023,0.0,1.1686432361602783,0.20618131756782532,0.0,0.7873596549034119,0.974236249923706,0.7008582353591919,0.09501668810844421,0.6434651017189026,0.0,0.2928335666656494,1.4054261445999146,0.8489910364151001,0.0,0.0,0.0,0.5512555837631226,0.5085488557815552,0.19456931948661804,0.6068618297576904,0.01246953196823597,0.9409999251365662,0.0,0.0,0.04956350103020668,0.1121625304222107,0.0
/content/drive/MyDrive/494_Project_test_3/COMI/dataset/BPAEC/nucleus/Z010/Z10_5.jpg,2,nucleus,2,nucleus,0.2799813747406006,0.0,0.0,0.0,0.6115026473999023,0.10370180755853653,0.9150952696800232,0.4464283883571625,0.0,0.38573789596557617,0.4307033121585846,1.1567639112472534,0.0,0.8436523675918579,1.0918017625808716,0.8044911623001099,0.0,0.705442488193512,0.0,0.5325590372085571,0.15086112916469574,0.0,0.0,0.8445166349411011,0.0,0.24693816900253296,0.21851696074008942,0.9016759395599365,0.0,0.8221619725227356,0.18378357589244843,1.1820520162582397,0.45064041018486023,0.10647693276405334,0.14077630639076233,1.048709750175476,0.0,0.6638934016227722,0.0,0.0,0.3582924008369446,0.4523632228374481,0.0,0.0,0.0,0.0,0.011399371549487114,0.0,0.6733188033103943,1.1091077327728271,0.22317467629909515,0.2470589429140091,1.0318055152893066,0.0,0.0,0.19106756150722504,0.43221569061279297,0.0,0.83322674036026,0.7959190011024475,1.0461734533309937,1.0862703323364258,0.2919500768184662,0.08947204798460007,1.2757538557052612,0.0,0.0,0.7904418706893921,0.7152453660964966,0.11542164534330368,0.3074869215488434,0.0,1.4758926630020142,0.08209493011236191,0.0,0.0,0.0,0.9707812070846558,1.235199213027954,1.0752798318862915,0.0,0.0,0.0,0.0,0.0,0.0,0.0,0.25008583068847656,0.0,0.0,1.068451166152954,0.01846928894519806,0.7802909016609192,1.2318412065505981,0.8643585443496704,0.0,1.1890302896499634,0.3990477919578552,0.0,0.0,0.003682604292407632,0.0,1.192988395690918,0.21636994183063507,0.0,0.7767041921615601,0.9711382985115051,0.7028471231460571,0.09337401390075684,0.6847305297851562,0.0,0.32286834716796875,1.4128957986831665,0.883849561214447,0.0,0.0,0.0,0.5586620569229126,0.5410223603248596,0.2141365110874176,0.6324994564056396,0.0,0.9453957676887512,0.0,0.0,0.07775667309761047,0.12545546889305115,0.0
/content/drive/MyDrive/494_Project_test_3/COMI/dataset/BPAEC/nucleus/Z010/Z10_50.jpg,2,nucleus,2,nucleus,0.2615135908126831,0.0,0.0,0.0,0.5894576907157898,0.1413951814174652,0.768879234790802,0.37491849064826965,0.0,0.38442569971084595,0.3545711636543274,0.968530535697937,0.0,0.6395322680473328,0.8989729881286621,0.6371283531188965,0.0,0.5451800227165222,0.0,0.41523462533950806,0.13751138746738434,0.0,0.0,0.7965492606163025,0.0,0.25831925868988037,0.1999647468328476,0.7028721570968628,0.0,0.6757336258888245,0.20799724757671356,1.026978611946106,0.41103482246398926,0.11434813588857651,0.13249844312667847,0.9411879181861877,0.0,0.5186424851417542,0.0,0.0,0.3553807735443115,0.41483381390571594,0.0,0.0,0.0,0.0,0.009866928681731224,0.0,0.5989753603935242,0.9435281753540039,0.25557395815849304,0.3086163401603699,0.9520437717437744,0.0,0.0,0.2551827132701874,0.37349605560302734,0.0,0.7002120614051819,0.7588757276535034,0.9666764140129089,0.8966015577316284,0.3260061740875244,0.05895756185054779,1.1009784936904907,0.0,0.0,0.5814275145530701,0.6947397589683533,0.18991774320602417,0.30367082357406616,0.0,1.246278166770935,0.06341122835874557,0.0,0.0,0.0,0.7891674041748047,1.0712993144989014,0.9061564207077026,0.0,0.0,0.0,0.04976169019937515,0.0,0.0545344240963459,0.0,0.3169924020767212,0.0,0.0,0.895193874835968,0.07517998665571213,0.6405454277992249,1.0450429916381836,0.7159494757652283,0.0,0.9989882707595825,0.36626821756362915,0.0,0.0,0.0031512884888798,0.0,1.0813429355621338,0.27763867378234863,0.0,0.6409902572631836,0.8745299577713013,0.5513280630111694,0.15903453528881073,0.6132656335830688,0.0,0.3055143356323242,1.259477972984314,0.7382504940032959,0.06392163038253784,0.0,0.0,0.40672123432159424,0.4486534595489502,0.2824822962284088,0.6060664653778076,0.0,0.7764066457748413,0.0,0.0,0.05974600836634636,0.14328810572624207,0.0
/content/drive/MyDrive/494_Project_test_3/COMI/dataset/BPAEC/nucleus/Z010/Z10_51.jpg,2,nucleus,2,nucleus,0.3369099497795105,0.0,0.0,0.0,0.6706202626228333,0.12032266706228256,0.9977899193763733,0.561698317527771,0.0,0.4546395540237427,0.5101526975631714,1.2730820178985596,0.0,0.9648188352584839,1.2486757040023804,0.9001678228378296,0.0,0.7982777953147888,0.0,0.5873972177505493,0.21591097116470337,0.0,0.0,0.919457197189331,0.0,0.31039321422576904,0.2597661316394806,1.0350279808044434,0.0,0.9072362780570984,0.23593108355998993,1.2585697174072266,0.5284436345100403,0.14258873462677002,0.17476865649223328,1.1527538299560547,0.0,0.7555601000785828,0.0,0.0,0.38298559188842773,0.5184715986251831,0.0,0.0,0.0,0.0,0.0,0.0,0.7841772437095642,1.192847490310669,0.23516635596752167,0.2814543545246124,1.119715929031372,0.0,0.0,0.18166761100292206,0.5019970536231995,0.0,0.9443625211715698,0.8219108581542969,1.1113759279251099,1.1952834129333496,0.30454787611961365,0.14972174167633057,1.363606333732605,0.0,0.0,0.9328543543815613,0.8021288514137268,0.113019198179245,0.34398528933525085,0.0,1.5906338691711426,0.12263848632574081,0.0,0.0,0.0,1.0882660150527954,1.304640293121338,1.1901880502700806,0.0,0.0,0.0,0.0,0.0,0.0,0.0,0.25477713346481323,0.0,0.0,1.164609670639038,0.02021389827132225,0.8709009289741516,1.3402459621429443,0.9885589480400085,0.0,1.3269072771072388,0.4552796185016632,0.0,0.0,0.0026334526482969522,0.0,1.285491704940796,0.21684281527996063,0.0,0.8820903301239014,1.0354653596878052,0.7944512367248535,0.09574241936206818,0.7991223335266113,0.0,0.38358914852142334,1.5073883533477783,1.0387415885925293,0.0,0.0,0.0,0.6916670799255371,0.6508440375328064,0.2282869517803192,0.7114769220352173,0.0,1.043100357055664,0.0,0.0,0.14017198979854584,0.15413174033164978,0.0
/content/drive/MyDrive/494_Project_test_3/COMI/dataset/BPAEC/nucleus/Z010/Z10_52.jpg,2,nucleus,2,nucleus,0.29774802923202515,0.0,0.0,0.0,0.6265923380851746,0.07834803313016891,0.992110550403595,0.49040713906288147,0.0,0.3998033404350281,0.47959962487220764,1.2591181993484497,0.0,0.9518769383430481,1.1971980333328247,0.8981806039810181,0.0,0.793327271938324,0.0,0.5938239097595215,0.16178257763385773,0.0,0.0,0.8787120580673218,0.0,0.24371375143527985,0.234961599111557,1.0078139305114746,0.0,0.9071359634399414,0.18129348754882812,1.2606043815612793,0.48582738637924194,0.10769879817962646,0.1597866714000702,1.1115952730178833,0.0,0.7410138845443726,0.0,0.0,0.36495882272720337,0.4770079553127289,0.0,0.0,0.0,0.0,0.003054073080420494,0.0,0.7261718511581421,1.191360354423523,0.2159876525402069,0.23061169683933258,1.0824432373046875,0.0,0.0,0.16351330280303955,0.4760366678237915,0.0,0.9124168753623962,0.8207906484603882,1.077880859375,1.1829758882522583,0.26599055528640747,0.10866513103246689,1.3624643087387085,0.0,0.0,0.8987149596214294,0.7341930866241455,0.08739770203828812,0.31106775999069214,0.0,1.5850101709365845,0.08332019299268723,0.0,0.0,0.0,1.0717332363128662,1.3073647022247314,1.1656858921051025,0.0,0.0,0.0,0.0,0.0,0.0,0.0,0.21346762776374817,0.0,0.0,1.1503679752349854,0.0,0.8506546020507812,1.3303871154785156,0.9456204175949097,0.0,1.292514443397522,0.42050912976264954,0.0,0.0,0.0,0.0,1.251523494720459,0.1853608787059784,0.0,0.8491212725639343,1.0130808353424072,0.782006025314331,0.06442684680223465,0.7308314442634583,0.0,0.3478720188140869,1.4823025465011597,0.9674972295761108,0.0,0.0,0.0,0.6464312076568604,0.6007655262947083,0.18196168541908264,0.6636303663253784,0.0,1.0292068719863892,0.0,0.0,0.09414778649806976,0.1201414167881012,0.0
/content/drive/MyDrive/494_Project_test_3/COMI/dataset/BPAEC/nucleus/Z010/Z10_53.jpg,2,nucleus,2,nucleus,0.2899240255355835,0.0,0.0,0.0,0.6196514964103699,0.08296293765306473,0.9315024018287659,0.4481484293937683,0.0,0.3914989233016968,0.4529760479927063,1.1776270866394043,0.0,0.8607906103134155,1.104557752609253,0.8226155042648315,0.0,0.7184192538261414,0.0,0.539726734161377,0.11645424365997314,0.0,0.0,0.8541785478591919,0.0,0.22973906993865967,0.2268042266368866,0.9165218472480774,0.0,0.8327390551567078,0.17451174557209015,1.189626693725586,0.4633188843727112,0.10324110090732574,0.1649971604347229,1.0691471099853516,0.0,0.6839417815208435,0.0,0.0,0.37522441148757935,0.45828983187675476,0.0,0.0,0.0,0.0,0.021454019472002983,0.0,0.6847028136253357,1.1162117719650269,0.23712465167045593,0.23994027078151703,1.0468944311141968,0.0,0.0,0.19173070788383484,0.456027090549469,0.0,0.8456891775131226,0.8226282000541687,1.0123014450073242,1.103264331817627,0.26104840636253357,0.05694892257452011,1.2937318086624146,0.0,0.0,0.8014413118362427,0.7176626920700073,0.11319444328546524,0.3060463070869446,0.0,1.4868834018707275,0.05985409766435623,0.0,0.0,0.0,0.990969181060791,1.2417702674865723,1.0930311679840088,0.0,0.0,0.0,0.0,0.0,0.0,0.0,0.23313231766223907,0.0,0.0,1.0724235773086548,0.0,0.7916424870491028,1.2457433938980103,0.881890594959259,0.0,1.2003484964370728,0.4145047664642334,0.0,0.0,0.0,0.0,1.2068066596984863,0.2062591016292572,0.0,0.7654982805252075,0.9496220350265503,0.7171286344528198,0.07811249047517776,0.6895767450332642,0.0,0.33711814880371094,1.4040827751159668,0.9027554988861084,0.0,0.0,0.0,0.5744138360023499,0.5622891783714294,0.19728264212608337,0.6436595916748047,0.0,0.9585897922515869,0.0,0.0,0.08877064287662506,0.11477652192115784,0.0
/content/drive/MyDrive/494_Project_test_3/COMI/dataset/BPAEC/nucleus/Z010/Z10_54.jpg,2,nucleus,2,nucleus,0.2883058786392212,0.0,0.0,0.0,0.6153615117073059,0.07476025074720383,1.0591816902160645,0.5340164303779602,0.0,0.40088385343551636,0.4971180558204651,1.3486672639846802,0.0,1.045269250869751,1.3082181215286255,0.9664361476898193,0.0,0.875673770904541,0.0,0.641944408416748,0.2385687232017517,0.0,0.0,0.886505126953125,0.0,0.2765858769416809,0.23478981852531433,1.1022465229034424,0.0,0.9859699010848999,0.18773652613162994,1.3353476524353027,0.4898279905319214,0.10993195325136185,0.12914830446243286,1.1274652481079102,0.0,0.7941673398017883,0.0,0.0,0.3322136402130127,0.4778915047645569,0.0,0.0,0.0,0.0,0.0,0.0,0.7657336592674255,1.2712485790252686,0.17603079974651337,0.21085521578788757,1.1129765510559082,0.0,0.0,0.12451255321502686,0.47548091411590576,0.0,0.9837539792060852,0.7946799397468567,1.170135259628296,1.2718148231506348,0.28480175137519836,0.1872909814119339,1.4447427988052368,0.0,0.0,1.0165259838104248,0.7338764667510986,0.05264059454202652,0.3120369017124176,0.0,1.6876704692840576,0.129229336977005,0.0,0.0,0.0,1.1615945100784302,1.387359857559204,1.243829369544983,0.0,0.0,0.0,0.0,0.0,0.0,0.0,0.18749697506427765,0.0,0.0,1.2378305196762085,0.0,0.9148998260498047,1.4171191453933716,1.0159497261047363,0.0,1.3877075910568237,0.4142235219478607,0.0038718432188034058,0.0,0.03819084167480469,0.0,1.2943459749221802,0.1702651083469391,0.0,0.9601408839225769,1.0952736139297485,0.858124315738678,0.049734000116586685,0.7594767212867737,0.0,0.34019410610198975,1.582646369934082,1.0306419134140015,0.0,0.0,0.0,0.7158296704292297,0.6285365223884583,0.1641746312379837,0.672314465045929,0.028527917340397835,1.10833740234375,0.0,0.0,0.09287534654140472,0.11740952730178833,0.0
/content/drive/MyDrive/494_Project_test_3/COMI/dataset/BPAEC/nucleus/Z010/Z10_55.jpg,2,nucleus,2,nucleus,0.24142996966838837,0.0,0.0,0.0,0.5665920972824097,0.1010180339217186,0.8118543028831482,0.3541021943092346,0.0,0.35322070121765137,0.3575206398963928,1.0126465559005737,0.0,0.6785270571708679,0.9294994473457336,0.6745001077651978,0.0,0.5874013304710388,0.0,0.4479183256626129,0.11828544735908508,0.0,0.0,0.7854748964309692,0.0,0.22591020166873932,0.1892605423927307,0.7397611737251282,0.0,0.7196378707885742,0.169722780585289,1.0745668411254883,0.39273035526275635,0.09326054155826569,0.11652439087629318,0.9308438897132874,0.0,0.5456836223602295,0.0,0.0,0.33886852860450745,0.39387425780296326,0.0,0.0,0.0,0.0,0.026722704991698265,0.0,0.590842068195343,0.9884852170944214,0.23494310677051544,0.2609861195087433,0.9540477395057678,0.0,0.0,0.22459641098976135,0.36774682998657227,0.0,0.7213104367256165,0.7603848576545715,0.9703409671783447,0.9441434741020203,0.2910827100276947,0.04780854284763336,1.152692437171936,0.0,0.0,0.6218777894973755,0.6576220989227295,0.1511453092098236,0.28934311866760254,0.0,1.2990798950195312,0.04405168443918228,0.0,0.0,0.0,0.8328872919082642,1.1220393180847168,0.935961127281189,0.0,0.0,0.0,0.0,0.0,0.016610441729426384,0.0,0.2675338089466095,0.0,0.0,0.9288913607597351,0.04317190498113632,0.6673262715339661,1.0902504920959473,0.7266300320625305,0.0,1.027297019958496,0.3506236970424652,0.0,0.0,0.001435749465599656,0.0,1.088305115699768,0.24306562542915344,0.0,0.6698400378227234,0.8897586464881897,0.5921949148178101,0.11547192186117172,0.5917875170707703,0.0,0.2871010899543762,1.2911485433578491,0.7362887859344482,0.02369999699294567,0.0,0.0,0.4162585139274597,0.44262343645095825,0.23102286458015442,0.591150164604187,0.0,0.8127598166465759,0.0,0.0,0.03721708431839943,0.11214683949947357,0.0
/content/drive/MyDrive/494_Project_test_3/COMI/dataset/BPAEC/nucleus/Z010/Z10_56.jpg,2,nucleus,2,nucleus,0.17725451290607452,0.0,0.0,0.0,0.4900873303413391,0.13873043656349182,0.9476111531257629,0.43576982617378235,0.0,0.34585458040237427,0.3834008276462555,1.216221809387207,0.0,0.9249508380889893,1.1691399812698364,0.8581520318984985,0.0,0.7774869799613953,0.0,0.558448314666748,0.3858865201473236,0.0,0.0,0.7673244476318359,0.0,0.3111730217933655,0.16945797204971313,0.960886538028717,0.0,0.9004665017127991,0.20805005729198456,1.205653190612793,0.36812686920166016,0.08798754215240479,0.05231645703315735,0.9519819021224976,0.0,0.6549322009086609,0.0,0.0,0.23489698767662048,0.36492741107940674,0.0,0.0,0.0,0.0,0.0,0.14663314819335938,0.647284209728241,1.160975456237793,0.12217491865158081,0.2223614901304245,0.9817851185798645,0.0,0.0,0.12201513350009918,0.36327868700027466,0.0,0.9024122357368469,0.6658826470375061,1.2201361656188965,1.1192591190338135,0.38383811712265015,0.30011317133903503,1.3123209476470947,0.0,0.0,0.9072030782699585,0.620647668838501,0.10859333723783493,0.24665206670761108,0.0,1.5262781381607056,0.21123123168945312,0.0,0.0,0.0,1.0239166021347046,1.267869234085083,1.1151366233825684,0.11932661384344101,0.030747268348932266,0.0,0.0,0.0,0.0,0.0,0.23672889173030853,0.0,0.0,1.1297569274902344,0.06938514858484268,0.8025943040847778,1.2832660675048828,0.8849453926086426,0.0,1.2651431560516357,0.3003387451171875,0.13449889421463013,0.0,0.15999849140644073,0.0,1.176684856414795,0.2238190919160843,0.0,0.93990558385849,1.1079059839248657,0.7391005754470825,0.1453077793121338,0.6161266565322876,0.0,0.22992171347141266,1.5222922563552856,0.846834123134613,0.01869170181453228,0.0,0.0,0.591691792011261,0.4703585207462311,0.22485724091529846,0.5817413330078125,0.14049690961837769,0.9799853563308716,0.0,0.0,0.0,0.11690425872802734,0.0
/content/drive/MyDrive/494_Project_test_3/COMI/dataset/BPAEC/nucleus/Z010/Z10_57.jpg,2,nucleus,2,nucleus,0.251848042011261,0.0,0.0,0.0,0.5739160180091858,0.09937550872564316,1.0067684650421143,0.49203935265541077,0.0,0.38112497329711914,0.4488567113876343,1.2808955907821655,0.0,0.9861340522766113,1.2394732236862183,0.9131903648376465,0.0,0.8257899284362793,0.0,0.6035208702087402,0.2846561670303345,0.0,0.0,0.8427828550338745,0.0,0.2857013940811157,0.20997260510921478,1.0378594398498535,0.0,0.9416570067405701,0.1953073889017105,1.2804691791534424,0.44189316034317017,0.10434362292289734,0.10248710960149765,1.0594310760498047,0.0,0.7325809597969055,0.0,0.0,0.29934078454971313,0.4394106864929199,0.0,0.0,0.0,0.0,0.0,0.05213645473122597,0.7172040343284607,1.2215670347213745,0.15926577150821686,0.21938563883304596,1.0602366924285889,0.0,0.0,0.1296769678592682,0.42760327458381653,0.0,0.9379977583885193,0.7459486722946167,1.184314489364624,1.2039066553115845,0.3225676417350769,0.22675968706607819,1.3834208250045776,0.0,0.0,0.9591946005821228,0.6966031789779663,0.07356281578540802,0.2915343940258026,0.0,1.6152883768081665,0.15724080801010132,0.0,0.0,0.0,1.0979257822036743,1.3339686393737793,1.1827335357666016,0.01920340768992901,0.0,0.0,0.0,0.0,0.0,0.0,0.21175043284893036,0.0,0.0,1.190355658531189,0.024784110486507416,0.8638014197349548,1.3577654361724854,0.9584818482398987,0.0,1.3302277326583862,0.370909184217453,0.048828110098838806,0.0,0.0807095319032669,0.0,1.2421796321868896,0.18859218060970306,0.0,0.9393632411956787,1.096322774887085,0.8018286228179932,0.08772113919258118,0.7065489292144775,0.0,0.302024245262146,1.5487312078475952,0.9528506994247437,0.0,0.0,0.0,0.6543538570404053,0.566153883934021,0.19255009293556213,0.6384711265563965,0.06691333651542664,1.0469845533370972,0.0,0.0,0.05601150915026665,0.12104657292366028,0.0
/content/drive/MyDrive/494_Project_test_3/COMI/dataset/BPAEC/nucleus/Z010/Z10_58.jpg,2,nucleus,2,nucleus,0.26661598682403564,0.0,0.0,0.0,0.5875717997550964,0.07283305376768112,1.0235481262207031,0.48274001479148865,0.0,0.3751979172229767,0.4672901928424835,1.3004547357559204,0.0,0.9932350516319275,1.2353261709213257,0.9282466173171997,0.0,0.8318448662757874,0.0,0.6147842407226562,0.2126610279083252,0.0,0.0,0.8570356369018555,0.0,0.250792920589447,0.21722371876239777,1.0433573722839355,0.0,0.9441071152687073,0.17059241235256195,1.293677568435669,0.45903992652893066,0.09218336641788483,0.12886112928390503,1.089293360710144,0.0,0.7537146806716919,0.0,0.0,0.32498884201049805,0.4480104446411133,0.0,0.0,0.0,0.0,0.0027382951229810715,0.0,0.7187084555625916,1.227020263671875,0.17806580662727356,0.20194123685359955,1.0746595859527588,0.0,0.0,0.13380451500415802,0.45533013343811035,0.0,0.9383185505867004,0.7873327136039734,1.129546880722046,1.216946005821228,0.2791447639465332,0.1610986590385437,1.399215579032898,0.0,0.0,0.9507433772087097,0.6977294683456421,0.06281036883592606,0.2933237850666046,0.0,1.6300625801086426,0.11356639117002487,0.0,0.0,0.0,1.1053601503372192,1.345665454864502,1.196073055267334,0.0,0.0,0.0,0.0,0.0,0.0,0.0,0.18759195506572723,0.0,0.0,1.1884733438491821,0.0,0.8746467232704163,1.3671472072601318,0.9633162021636963,0.0,1.3301080465316772,0.3901323080062866,0.0,0.0,0.03394639119505882,0.0,1.2541544437408447,0.17302560806274414,0.0,0.9038316011428833,1.0590449571609497,0.8129382133483887,0.05670708045363426,0.7067601680755615,0.0,0.31662505865097046,1.530652403831482,0.9656410813331604,0.0,0.0,0.0,0.6640424728393555,0.5835659503936768,0.1637042909860611,0.6439515352249146,0.025636224076151848,1.062000036239624,0.0,0.0,0.0699915736913681,0.10587513446807861,0.0
/content/drive/MyDrive/494_Project_test_3/COMI/dataset/BPAEC/nucleus/Z010/Z10_59.jpg,2,nucleus,2,nucleus,0.29260480403900146,0.0,0.0,0.0,0.6202353835105896,0.10881910473108292,0.9979673624038696,0.5276537537574768,0.0,0.4198583960533142,0.47891026735305786,1.2628201246261597,0.0,0.9675216674804688,1.2456871271133423,0.8987911939620972,0.0,0.8121704459190369,0.0,0.592491865158081,0.2695225179195404,0.0,0.0,0.8746656775474548,0.0,0.3124186396598816,0.2373165637254715,1.0388922691345215,0.0,0.9227941632270813,0.2175760716199875,1.2616734504699707,0.4824322462081909,0.12449482828378677,0.1393103003501892,1.0920827388763428,0.0,0.7380452752113342,0.0,0.0,0.32611697912216187,0.47272130846977234,0.0,0.0,0.0,0.0,0.0,0.008032236248254776,0.7529507279396057,1.2013671398162842,0.1959461271762848,0.24962948262691498,1.0760743618011475,0.0,0.0,0.14960156381130219,0.4544910490512848,0.0,0.9406957626342773,0.767958402633667,1.1515849828720093,1.191680908203125,0.3154327869415283,0.20303122699260712,1.3594955205917358,0.0,0.0,0.9530596137046814,0.7444316744804382,0.09060672670602798,0.32163333892822266,0.0,1.5938574075698853,0.1507437825202942,0.0,0.0,0.0,1.0925265550613403,1.3100645542144775,1.1803783178329468,0.0,0.0,0.0,0.0,0.0,0.0,0.0,0.23149701952934265,0.0,0.0,1.1732540130615234,0.03536638617515564,0.8588533997535706,1.3425744771957397,0.966941773891449,0.0,1.3280490636825562,0.4068014323711395,0.029063671827316284,0.0,0.04573243483901024,0.0,1.253486156463623,0.20323018729686737,0.0,0.92024827003479,1.0673407316207886,0.7980144023895264,0.09009721875190735,0.7550966739654541,0.0,0.34052765369415283,1.521453857421875,0.9908455610275269,0.0,0.0,0.0,0.6713583469390869,0.6088082194328308,0.21168926358222961,0.6737309694290161,0.031890302896499634,1.033843755722046,0.0,0.0,0.10059067606925964,0.13484175503253937,0.0
/content/drive/MyDrive/494_Project_test_3/COMI/dataset/BPAEC/nucleus/Z010/Z10_6.jpg,2,nucleus,2,nucleus,0.26470866799354553,0.0,0.0,0.0,0.5821260213851929,0.11862825602293015,0.9078964591026306,0.4507145583629608,0.0,0.38101375102996826,0.4176245331764221,1.153051733970642,0.0,0.8519630432128906,1.096741795539856,0.807421088218689,0.0,0.7082013487815857,0.0,0.5243510007858276,0.2182796448469162,0.0,0.0,0.8218210339546204,0.0,0.27055156230926514,0.2092656046152115,0.9052438735961914,0.0,0.8233341574668884,0.2014726847410202,1.15824556350708,0.43121910095214844,0.10414095222949982,0.13538271188735962,1.0182026624679565,0.0,0.6509703993797302,0.0,0.0,0.3247825801372528,0.4286331236362457,0.0,0.0,0.0,0.0,0.0,0.0,0.6718676686286926,1.0969460010528564,0.20967040956020355,0.24927903711795807,1.0070886611938477,0.0,0.0,0.1779632568359375,0.41687828302383423,0.0,0.8387842178344727,0.7499865889549255,1.0607612133026123,1.0722858905792236,0.31125307083129883,0.1475944072008133,1.244315266609192,0.0,0.0,0.8045101761817932,0.6963513493537903,0.11902972310781479,0.29528987407684326,0.0,1.452708125114441,0.11638277024030685,0.0,0.0,0.0,0.9629616737365723,1.202873945236206,1.0664992332458496,0.0,0.0,0.0,0.0,0.0,0.0,0.0,0.24326364696025848,0.0,0.0,1.0626332759857178,0.03565109521150589,0.7713148593902588,1.218031883239746,0.8607434034347534,0.0,1.1933315992355347,0.3759276568889618,0.010562300682067871,0.0,0.035695210099220276,0.0,1.1710370779037476,0.22033049166202545,0.0,0.7968252301216125,0.9809098243713379,0.6947441101074219,0.11704053729772568,0.6702059507369995,0.0,0.3065289258956909,1.4021838903427124,0.8754167556762695,0.0018786918371915817,0.0,0.0,0.5678276419639587,0.5268921256065369,0.22043517231941223,0.628947377204895,0.02386499010026455,0.9328662157058716,0.0,0.0,0.07189948856830597,0.1318710446357727,0.0
/content/drive/MyDrive/494_Project_test_3/COMI/dataset/BPAEC/nucleus/Z010/Z10_60.jpg,2,nucleus,2,nucleus,0.18958835303783417,0.0,0.0,0.0,0.5136629343032837,0.1470707356929779,0.9502524137496948,0.4484346807003021,0.0,0.36605286598205566,0.39283686876296997,1.2122992277145386,0.0,0.9261624813079834,1.1826519966125488,0.8522294759750366,0.0,0.7737612128257751,0.0,0.5531318187713623,0.3882785737514496,0.0,0.0,0.779593825340271,0.0,0.32084423303604126,0.17921032011508942,0.9669247269630432,0.0,0.8960666060447693,0.22110839188098907,1.2056766748428345,0.3749983310699463,0.09751880913972855,0.060111045837402344,0.9686830639839172,0.0,0.6583235859870911,0.0,0.0,0.24386712908744812,0.3830365240573883,0.0,0.0,0.0,0.0,0.0,0.13757982850074768,0.6629466414451599,1.1642122268676758,0.1313958317041397,0.2360694855451584,1.000807285308838,0.0,0.0,0.13337847590446472,0.36716341972351074,0.0,0.9037272334098816,0.6662920117378235,1.218132495880127,1.1283843517303467,0.3905426859855652,0.3041718602180481,1.3208163976669312,0.0,0.0,0.915911853313446,0.6457557082176208,0.11068657785654068,0.26305150985717773,0.0,1.5307942628860474,0.2192007303237915,0.0,0.0,0.0,1.0350099802017212,1.276116132736206,1.1177468299865723,0.10598249733448029,0.02068355306982994,0.0,0.004415698349475861,0.0,0.0,0.0,0.2500842809677124,0.0,0.0,1.1335599422454834,0.08330933004617691,0.8085389733314514,1.2894099950790405,0.9003510475158691,0.0,1.2764053344726562,0.3054486811161041,0.13293316960334778,0.0,0.1605578362941742,0.0,1.1918123960494995,0.2217908352613449,0.0,0.9357379674911499,1.1119801998138428,0.7491653561592102,0.14315544068813324,0.6417175531387329,0.0,0.24372293055057526,1.5296990871429443,0.8696680068969727,0.02383360080420971,0.0,0.0,0.5926815271377563,0.48660120368003845,0.2393907606601715,0.5957772731781006,0.13803903758525848,0.9840913414955139,0.0,0.0,0.012711234390735626,0.12245598435401917,0.0
/content/drive/MyDrive/494_Project_test_3/COMI/dataset/BPAEC/nucleus/Z010/Z10_61.jpg,2,nucleus,2,nucleus,0.2747063636779785,0.0,0.0,0.0,0.5879854559898376,0.0835343673825264,1.0012362003326416,0.49254491925239563,0.0,0.3853793740272522,0.46686291694641113,1.2729729413986206,0.0,0.9725301861763,1.2210395336151123,0.9099385738372803,0.0,0.8119427561759949,0.0,0.6008254289627075,0.22793391346931458,0.0,0.0,0.853406548500061,0.0,0.2654551863670349,0.22140096127986908,1.029977798461914,0.0,0.9219278693199158,0.18441300094127655,1.2630021572113037,0.46169570088386536,0.10292448103427887,0.1337842047214508,1.077063798904419,0.0,0.7396993637084961,0.0,0.0,0.3220270574092865,0.4495308995246887,0.0,0.0,0.0,0.0,0.0,0.0,0.7212298512458801,1.2014803886413574,0.18232180178165436,0.21702170372009277,1.0606780052185059,0.0,0.0,0.1379307210445404,0.4525773823261261,0.0,0.9301305413246155,0.7688966989517212,1.1170382499694824,1.1944208145141602,0.2863152027130127,0.17006804049015045,1.3660813570022583,0.0,0.0,0.9376561641693115,0.7051718235015869,0.07185474783182144,0.2953566908836365,0.0,1.5912607908248901,0.12167499214410782,0.0,0.0,0.0,1.087985634803772,1.3119268417358398,1.1756362915039062,0.0,0.0,0.0,0.0,0.0,0.0,0.0,0.19850508868694305,0.0,0.0,1.166398286819458,0.0017670243978500366,0.8585960268974304,1.3406113386154175,0.9537209272384644,0.0,1.3108973503112793,0.39257344603538513,0.008368246257305145,0.0,0.03272923454642296,0.0,1.236945390701294,0.18119291961193085,0.0,0.8955318927764893,1.0457004308700562,0.793907880783081,0.06771595031023026,0.7120251655578613,0.0,0.320631206035614,1.5017268657684326,0.9628782272338867,0.0,0.0,0.0,0.6613206267356873,0.5859816670417786,0.17468136548995972,0.6478686928749084,0.025952087715268135,1.0383968353271484,0.0,0.0,0.07856301963329315,0.1144402027130127,0.0
/content/drive/MyDrive/494_Project_test_3/COMI/dataset/BPAEC/nucleus/Z010/Z10_62.jpg,2,nucleus,1,mitochondria,0.5911235809326172,0.0,0.0,0.0,0.9932276606559753,0.7521922588348389,0.0,0.5658953189849854,0.5601954460144043,0.9702162742614746,0.31522631645202637,0.023781731724739075,0.0,0.0,0.13234639167785645,0.0,0.5001447200775146,0.0,0.0,0.0,0.23487886786460876,0.0,0.0,0.9860478639602661,0.0,0.7171759009361267,0.38345807790756226,0.0,0.0,0.0,0.8122259974479675,0.04807854816317558,0.6593561172485352,0.489847868680954,0.5063164830207825,0.9972248673439026,0.0,0.0,0.0,0.0,0.7610212564468384,0.6874921321868896,0.0,0.0,0.0,0.49661505222320557,0.0,0.0,0.6994274258613586,0.0,0.793171763420105,1.1489133834838867,0.9018715023994446,0.0,0.0,0.8816695809364319,0.4841042757034302,0.48872315883636475,0.219558447599411,0.8573103547096252,0.5337549448013306,0.0,0.7519116401672363,0.0,0.10448187589645386,0.0,0.0,0.0,1.279934287071228,0.9580185413360596,0.5270724892616272,0.0,0.03288520500063896,0.1687752902507782,0.0,0.0,0.0,0.0,0.05480754375457764,0.19271975755691528,0.0,0.0,0.5074038505554199,0.918468177318573,0.0,0.8846316933631897,0.0,1.1772644519805908,0.0,0.7865188121795654,0.0054087042808532715,0.6181303858757019,0.025095494464039803,0.06409323215484619,0.3392373323440552,0.0,0.25516632199287415,0.6528403759002686,0.006827972829341888,0.0,0.0,0.0,0.8518738746643066,0.8999451994895935,0.0,0.0,0.3444516360759735,0.0,0.880938708782196,0.8603039979934692,0.0,0.6292554140090942,0.4460998475551605,0.5949388146400452,0.8328309655189514,0.0,0.0,0.0,0.4891793131828308,1.1340692043304443,0.9050307273864746,0.0,0.0,0.0,0.0,0.41607192158699036,0.599021852016449,0.0
/content/drive/MyDrive/494_Project_test_3/COMI/dataset/BPAEC/nucleus/Z010/Z10_63.jpg,2,nucleus,2,nucleus,0.3612911105155945,0.0,0.0,0.0,0.6954461336135864,0.14337199926376343,0.960257351398468,0.5746747851371765,0.0,0.48782217502593994,0.5123462080955505,1.2289553880691528,0.0,0.9269293546676636,1.2128993272781372,0.8704074621200562,0.0,0.7602382302284241,0.0,0.5615298748016357,0.21565057337284088,0.0,0.0,0.9360312223434448,0.0,0.3221106231212616,0.27238306403160095,1.002382755279541,0.0,0.8727087378501892,0.2649160325527191,1.220503568649292,0.5473449230194092,0.16471406817436218,0.19681105017662048,1.1640784740447998,0.0,0.7358434796333313,0.0,0.0,0.40743955969810486,0.543323278427124,0.0,0.0,0.0,0.0,0.0,0.0,0.7929022908210754,1.1555371284484863,0.2624078691005707,0.3262227773666382,1.1200432777404785,0.0,0.0,0.209805428981781,0.5096229910850525,0.0,0.9254955649375916,0.8325190544128418,1.096969485282898,1.1528061628341675,0.32061877846717834,0.14623938500881195,1.3190442323684692,0.0,0.0,0.8896427750587463,0.8375694155693054,0.14543426036834717,0.35445937514305115,0.0,1.5406252145767212,0.12026757746934891,0.0,0.0,0.0,1.0526463985443115,1.2589802742004395,1.1581544876098633,0.0,0.0,0.0,0.020440123975276947,0.0,0.0,0.0,0.29531580209732056,0.0,0.0,1.1300671100616455,0.04686356335878372,0.8429955840110779,1.3038910627365112,0.9760249853134155,0.0,1.2975682020187378,0.47284191846847534,0.0,0.0,0.0,0.0,1.2749131917953491,0.24006368219852448,0.0,0.8510677814483643,1.0168718099594116,0.7560679316520691,0.1283908635377884,0.8217371702194214,0.0,0.4075125455856323,1.4703160524368286,1.0339481830596924,0.020464671775698662,0.0,0.0,0.6740866899490356,0.6592851877212524,0.2665521204471588,0.7308337688446045,0.0,1.0032153129577637,0.0,0.0,0.15329940617084503,0.18016928434371948,0.0
/content/drive/MyDrive/494_Project_test_3/COMI/dataset/BPAEC/nucleus/Z010/Z10_64.jpg,2,nucleus,2,nucleus,0.22648409008979797,0.0,0.0,0.0,0.551948606967926,0.06450345367193222,1.0698580741882324,0.4937853217124939,0.0,0.36662548780441284,0.46669167280197144,1.3595587015151978,0.0,1.0668630599975586,1.3222862482070923,0.9788010120391846,0.0,0.9040136337280273,0.0,0.6570827960968018,0.29614943265914917,0.0,0.0,0.8310214281082153,0.0,0.2703271210193634,0.20939520001411438,1.1108596324920654,0.0,1.0174742937088013,0.1675092726945877,1.341485857963562,0.43878594040870667,0.08773152530193329,0.08512284606695175,1.0737251043319702,0.0,0.7831599116325378,0.0,0.0,0.27362897992134094,0.4277525842189789,0.0,0.0,0.0,0.0,0.0,0.051297981292009354,0.7326956391334534,1.2907415628433228,0.12701784074306488,0.17115789651870728,1.0765349864959717,0.0,0.0,0.08750097453594208,0.4351867437362671,0.0,0.9953972697257996,0.739179790019989,1.2079989910125732,1.2799863815307617,0.2968062162399292,0.24142712354660034,1.4628251791000366,0.0,0.0,1.0515090227127075,0.6639591455459595,0.03306117653846741,0.2790529429912567,0.0,1.702898621559143,0.15854722261428833,0.0,0.0,0.0,1.1790498495101929,1.4046757221221924,1.2450960874557495,0.034795552492141724,0.0,0.0,0.0,0.0,0.0,0.0,0.1617189347743988,0.0,0.0,1.250218391418457,0.0,0.9127232432365417,1.4299404621124268,1.005898118019104,0.0,1.4039140939712524,0.3547302186489105,0.05414779484272003,0.0,0.09026383608579636,0.0,1.276942491531372,0.15500624477863312,0.0,1.00324547290802,1.1281746625900269,0.8764281868934631,0.03703062981367111,0.7071663737297058,0.0,0.2874613404273987,1.6077736616134644,0.9885462522506714,0.0,0.0,0.0,0.7054179906845093,0.5852759480476379,0.14275455474853516,0.6234849095344543,0.07676416635513306,1.117866039276123,0.0,0.0,0.04872165247797966,0.09135088324546814,0.0
/content/drive/MyDrive/494_Project_test_3/COMI/dataset/BPAEC/nucleus/Z010/Z10_65.jpg,2,nucleus,2,nucleus,0.3219626545906067,0.0,0.0,0.0,0.6554369926452637,0.10463189333677292,1.0391384363174438,0.5681013464927673,0.0,0.45172932744026184,0.5213415026664734,1.3191665410995483,0.0,1.0165685415267944,1.3069112300872803,0.944057822227478,0.0,0.8538777828216553,0.0,0.6206033229827881,0.24794074892997742,0.0,0.0,0.9140469431877136,0.0,0.31715822219848633,0.2609981298446655,1.0929416418075562,0.0,0.9598206281661987,0.22687576711177826,1.3013510704040527,0.5268505215644836,0.13611039519309998,0.16073265671730042,1.1587231159210205,0.0,0.7916386723518372,0.0,0.0,0.3592367470264435,0.513119637966156,0.0,0.0,0.0,0.0,0.0,0.0,0.7972319722175598,1.2414770126342773,0.21278348565101624,0.2576451301574707,1.1269421577453613,0.0,0.0,0.15195704996585846,0.4991961717605591,0.0,0.9891371130943298,0.8106000423431396,1.1555962562561035,1.2436721324920654,0.30011528730392456,0.18180957436561584,1.4134184122085571,0.0,0.0,1.0044316053390503,0.7844686508178711,0.08890636265277863,0.34012091159820557,0.0,1.6524237394332886,0.13695436716079712,0.0,0.0,0.0,1.1463781595230103,1.353092908859253,1.2331547737121582,0.0,0.0,0.0,0.0,0.0,0.0,0.0,0.23225949704647064,0.0,0.0,1.2110397815704346,0.01806456223130226,0.9036974310874939,1.3930296897888184,1.021501064300537,0.0,1.3842487335205078,0.44269365072250366,0.003974631428718567,0.0,0.022010179236531258,0.0,1.3055555820465088,0.20046834647655487,0.0,0.943381130695343,1.076515555381775,0.8437621593475342,0.07454588264226913,0.8072949647903442,0.0,0.37385839223861694,1.5565472841262817,1.059288740158081,0.0,0.0,0.0,0.7280850410461426,0.6646374464035034,0.20742341876029968,0.7078812718391418,0.007138175889849663,1.0833697319030762,0.0,0.0,0.13105720281600952,0.1416795551776886,0.0
/content/drive/MyDrive/494_Project_test_3/COMI/dataset/BPAEC/nucleus/Z010/Z10_66.jpg,2,nucleus,2,nucleus,0.19678741693496704,0.0,0.0,0.0,0.5200114846229553,0.08129636198282242,1.039330005645752,0.4663485586643219,0.0,0.3435281217098236,0.42558735609054565,1.3251888751983643,0.0,1.0325758457183838,1.2800742387771606,0.9512228965759277,0.0,0.8736035823822021,0.0,0.6348257064819336,0.3337346613407135,0.0,0.0,0.8046789169311523,0.0,0.2760785222053528,0.18673589825630188,1.068885087966919,0.0,0.9951760172843933,0.1712661236524582,1.3153127431869507,0.40169888734817505,0.08141955733299255,0.06126433610916138,1.0235224962234497,0.0,0.7411181330680847,0.0,0.0,0.2476789355278015,0.3941532075405121,0.0,0.0,0.0,0.0,0.0,0.10006353259086609,0.6990659236907959,1.2643163204193115,0.11097252368927002,0.17676056921482086,1.0423905849456787,0.0,0.0,0.0911569893360138,0.3984963595867157,0.0,0.9659463763237,0.7067581415176392,1.2299563884735107,1.2400481700897217,0.32599055767059326,0.27604344487190247,1.427487850189209,0.0,0.0,1.0148411989212036,0.6335650682449341,0.045839063823223114,0.2628290057182312,0.0,1.665408730506897,0.17882466316223145,0.0,0.0,0.0,1.138024926185608,1.3775856494903564,1.2101222276687622,0.07568711042404175,0.007983637042343616,0.0,0.0,0.0,0.0,0.0,0.1737082451581955,0.0,0.0,1.226151466369629,0.012452196329832077,0.8812957406044006,1.3969157934188843,0.9691603183746338,0.0,1.3672293424606323,0.3250976502895355,0.08782289177179337,0.0,0.12334728240966797,0.0,1.2438017129898071,0.1693505197763443,0.0,0.9971728324890137,1.138464331626892,0.8408124446868896,0.06872598081827164,0.6673334836959839,0.0,0.25740307569503784,1.5994304418563843,0.9332749843597412,0.0,0.0,0.0,0.6613534688949585,0.5350939631462097,0.16057506203651428,0.6008304357528687,0.1111600399017334,1.085859775543213,0.0,0.0,0.016555901616811752,0.09336432814598083,0.0
/content/drive/MyDrive/494_Project_test_3/COMI/dataset/BPAEC/nucleus/Z010/Z10_67.jpg,2,nucleus,2,nucleus,0.27295541763305664,0.0,0.0,0.0,0.6012672781944275,0.16886094212532043,0.8441713452339172,0.44602182507514954,0.0,0.4108060896396637,0.40289950370788574,1.0819076299667358,0.0,0.7706608176231384,1.0255240201950073,0.7399959564208984,0.0,0.632591187953949,0.0,0.46607619524002075,0.2216639220714569,0.0,0.0,0.8257549405097961,0.0,0.30147382616996765,0.2125142514705658,0.8238704204559326,0.0,0.7515761256217957,0.23966307938098907,1.0907108783721924,0.43345269560813904,0.1245744600892067,0.14559435844421387,1.0144685506820679,0.0,0.5991846919059753,0.0,0.0,0.3534657657146454,0.43575695157051086,0.0,0.0,0.0,0.0,0.0,0.004819910973310471,0.657780110836029,1.0252920389175415,0.2422906905412674,0.3064049482345581,1.0003458261489868,0.0,0.0,0.22874489426612854,0.4141993522644043,0.0,0.7980901598930359,0.7656365633010864,1.053065299987793,0.994733989238739,0.35440316796302795,0.13586261868476868,1.1852989196777344,0.0,0.0,0.7178223729133606,0.724964439868927,0.18342173099517822,0.30608686804771423,0.0,1.370741367340088,0.1282293200492859,0.0,0.0,0.0,0.8863590955734253,1.1457767486572266,1.0141890048980713,0.0,0.0,0.0,0.049997106194496155,0.0,0.008300339803099632,0.0,0.3186485171318054,0.0,0.0,0.9976531267166138,0.08000469952821732,0.7241904735565186,1.1467885971069336,0.8225228190422058,0.0,1.1304582357406616,0.38877350091934204,0.018943041563034058,0.0,0.04166170209646225,0.0,1.1556671857833862,0.2747983932495117,0.0,0.7388898730278015,0.9578523635864258,0.6266380548477173,0.17807437479496002,0.6657742261886597,0.0,0.3144916296005249,1.3611096143722534,0.8408448100090027,0.060657620429992676,0.0,0.0,0.5198597311973572,0.5081453323364258,0.2924747169017792,0.6340460777282715,0.021810395643115044,0.8673679232597351,0.0,0.0,0.07816725969314575,0.16105636954307556,0.0
/content/drive/MyDrive/494_Project_test_3/COMI/dataset/BPAEC/nucleus/Z010/Z10_68.jpg,2,nucleus,2,nucleus,0.3223031163215637,0.0,0.0,0.0,0.6529632210731506,0.22480922937393188,0.866798460483551,0.5531259179115295,0.026639902964234352,0.5188106298446655,0.467966228723526,1.119913935661316,0.0,0.8247731924057007,1.1243374347686768,0.7728279829025269,0.0,0.6681581735610962,0.0,0.47384461760520935,0.3277982771396637,0.0,0.0,0.8867224454879761,0.0,0.3936574161052704,0.2607494592666626,0.8951711654663086,0.0,0.7864040732383728,0.3249541223049164,1.097293496131897,0.5041136145591736,0.1826993227005005,0.18288668990135193,1.0905417203903198,0.0,0.6409299969673157,0.0,0.0,0.3770650625228882,0.5093696117401123,0.0,0.0,0.0,0.0,0.0,0.019973885267972946,0.7562379240989685,1.0462819337844849,0.26529166102409363,0.3924797475337982,1.063600778579712,0.0,0.0,0.24776071310043335,0.4682505428791046,0.0,0.885071337223053,0.7682967185974121,1.1204655170440674,1.0270919799804688,0.4100402891635895,0.2274867594242096,1.2140637636184692,0.0,0.0,0.8035783767700195,0.8191059827804565,0.2280845046043396,0.337176114320755,0.0,1.403147578239441,0.19102784991264343,0.0,0.0,0.0,0.9462813138961792,1.1537318229675293,1.0709185600280762,0.019993221387267113,0.0,0.0,0.12468360364437103,0.0,0.01997259072959423,0.0,0.38930633664131165,0.0,0.010331310331821442,1.0313841104507446,0.14196738600730896,0.765652596950531,1.1893208026885986,0.9180513024330139,0.0,1.2195082902908325,0.43258973956108093,0.07360939681529999,0.0,0.0608273446559906,0.0,1.2111719846725464,0.3146187365055084,0.0,0.8169033527374268,1.008994221687317,0.663677453994751,0.22785545885562897,0.7733826041221619,0.0,0.3693885803222656,1.4076672792434692,0.9549263119697571,0.11868731677532196,0.0,0.0,0.6165974140167236,0.596711277961731,0.3662455976009369,0.7036584615707397,0.03558742254972458,0.8974921107292175,0.0,0.0,0.13503913581371307,0.2133614420890808,0.0
/content/drive/MyDrive/494_Project_test_3/COMI/dataset/BPAEC/nucleus/Z010/Z10_69.jpg,2,nucleus,2,nucleus,0.2830049395561218,0.0,0.0,0.0,0.6086059808731079,0.13408610224723816,0.9763112664222717,0.5123907327651978,0.0,0.41410699486732483,0.46187183260917664,1.2450755834579468,0.0,0.9391486644744873,1.2084192037582397,0.8773365020751953,0.0,0.7800028920173645,0.0,0.5684195756912231,0.27506503462791443,0.0,0.0,0.8676834106445312,0.0,0.3168458640575409,0.22444750368595123,0.9996137619018555,0.0,0.8933623433113098,0.22932665050029755,1.236332654953003,0.46849340200424194,0.12023685872554779,0.13312312960624695,1.0830280780792236,0.0,0.7138471007347107,0.0,0.0,0.3333014249801636,0.46038398146629333,0.0,0.0,0.0,0.0,0.0,0.02576490119099617,0.7297602295875549,1.1736729145050049,0.20053458213806152,0.26554110646247864,1.0715820789337158,0.0,0.0,0.16884899139404297,0.4498235881328583,0.0,0.9212491512298584,0.7728865146636963,1.156172275543213,1.1598172187805176,0.33995306491851807,0.20236048102378845,1.339969515800476,0.0,0.0,0.9089255928993225,0.7406133413314819,0.11849325150251389,0.3126375079154968,0.0,1.5630875825881958,0.15695473551750183,0.0,0.0,0.0,1.0542752742767334,1.290177822113037,1.1601786613464355,0.000834168866276741,0.0,0.0,0.0,0.0,0.0,0.0,0.2557435631752014,0.0,0.0,1.1476250886917114,0.04567389935255051,0.8422313332557678,1.3149793148040771,0.9442400336265564,0.0,1.2980941534042358,0.4003062844276428,0.03880932927131653,0.0,0.06133206933736801,0.0,1.2447359561920166,0.2261441946029663,0.0,0.8939189910888672,1.0639392137527466,0.7647793292999268,0.12351936846971512,0.7288833856582642,0.0,0.32854825258255005,1.513981819152832,0.9634814858436584,0.0053459834307432175,0.0,0.0,0.6472610235214233,0.5823526978492737,0.23761525750160217,0.6674328446388245,0.04701098054647446,1.0116204023361206,0.0,0.0,0.08766953647136688,0.14347979426383972,0.0
/content/drive/MyDrive/494_Project_test_3/COMI/dataset/BPAEC/nucleus/Z010/Z10_7.jpg,2,nucleus,2,nucleus,0.23554278910160065,0.0,0.0,0.0,0.5625008940696716,0.085588239133358,0.8879439234733582,0.3882693648338318,0.0,0.33555662631988525,0.38086259365081787,1.116198182106018,0.0,0.8023847937583923,1.0369726419448853,0.7713863849639893,0.0,0.6833109259605408,0.0,0.5194299221038818,0.15582674741744995,0.0,0.0,0.7944522500038147,0.0,0.21905821561813354,0.18978694081306458,0.8526661396026611,0.0,0.8081364035606384,0.15421272814273834,1.1625256538391113,0.39946213364601135,0.08337279409170151,0.09996267408132553,0.9736949801445007,0.0,0.6189751625061035,0.0,0.0,0.3184404969215393,0.40682902932167053,0.0,0.0,0.0,0.0,0.026840006932616234,0.0008600093424320221,0.6175495982170105,1.08889639377594,0.19323889911174774,0.21865788102149963,0.9821283221244812,0.0,0.0,0.176322802901268,0.38150501251220703,0.0,0.7906878590583801,0.7550771236419678,1.0492138862609863,1.049048900604248,0.291500449180603,0.0984591469168663,1.245113492012024,0.0,0.0,0.7492520809173584,0.6541876196861267,0.09904301911592484,0.2836431860923767,0.0,1.4337109327316284,0.07518374174833298,0.0,0.0,0.0,0.9297025203704834,1.214024305343628,1.0262248516082764,0.0,0.0,0.0,0.0,0.0,0.0,0.0,0.22856473922729492,0.0,0.0,1.0389350652694702,0.015172801911830902,0.7443864941596985,1.1967660188674927,0.8029986023902893,0.0,1.132778286933899,0.3498589098453522,0.0,0.0,0.02626820094883442,0.0,1.1421165466308594,0.2050231546163559,0.0,0.7649099826812744,0.9657242894172668,0.6744325160980225,0.08396372944116592,0.6205590963363647,0.0,0.2783516049385071,1.3915038108825684,0.8032677173614502,0.0,0.0,0.0,0.4972578287124634,0.4741498827934265,0.19514480233192444,0.588294506072998,0.0062472280114889145,0.9100679755210876,0.0,0.0,0.031792689114809036,0.10621653497219086,0.0
/content/drive/MyDrive/494_Project_test_3/COMI/dataset/BPAEC/nucleus/Z010/Z10_70.jpg,2,nucleus,2,nucleus,0.3208445906639099,0.0,0.0,0.0,0.6432937979698181,0.1229865774512291,0.9726876020431519,0.535834014415741,0.0,0.44166919589042664,0.4865495562553406,1.2429744005203247,0.0,0.9372531175613403,1.2082847356796265,0.8790323734283447,0.0,0.7733585834503174,0.0,0.5680960416793823,0.22152842581272125,0.0,0.0,0.8936218619346619,0.0,0.3031585216522217,0.24711467325687408,1.002101182937622,0.0,0.8832533359527588,0.23066647350788116,1.2287471294403076,0.5048879981040955,0.13513323664665222,0.16791537404060364,1.1210218667984009,0.0,0.7299903035163879,0.0,0.0,0.3683727979660034,0.4950331747531891,0.0,0.0,0.0,0.0,0.0,0.0,0.757317066192627,1.16310715675354,0.2284831702709198,0.2805980443954468,1.0901904106140137,0.0,0.0,0.18320663273334503,0.48162394762039185,0.0,0.9210397005081177,0.8026031255722046,1.1016931533813477,1.1604148149490356,0.309326171875,0.15593953430652618,1.3307002782821655,0.0,0.0,0.8997754454612732,0.7754087448120117,0.11915227025747299,0.32763671875,0.0,1.5527299642562866,0.12310772389173508,0.0,0.0,0.0,1.0550357103347778,1.275177240371704,1.1613469123840332,0.0,0.0,0.0,0.0,0.0,0.0,0.0,0.25672051310539246,0.0,0.0,1.1363778114318848,0.028899729251861572,0.8453630805015564,1.307714581489563,0.9616959095001221,0.0,1.2947293519973755,0.43587470054626465,0.0,0.0,0.012352311983704567,0.0,1.254361867904663,0.22220821678638458,0.0,0.8616587519645691,1.0234075784683228,0.7648531794548035,0.10896734893321991,0.7661444544792175,0.0,0.3647003173828125,1.4778600931167603,0.9965898394584656,0.0,0.0,0.0,0.6631042957305908,0.6211372017860413,0.2313513159751892,0.6923539042472839,0.002083076164126396,1.0123153924942017,0.0,0.0,0.12130036950111389,0.15232717990875244,0.0
/content/drive/MyDrive/494_Project_test_3/COMI/dataset/BPAEC/nucleus/Z010/Z10_71.jpg,2,nucleus,2,nucleus,0.25216996669769287,0.0,0.0,0.0,0.5701304078102112,0.11145708709955215,0.9174021482467651,0.43234971165657043,0.0,0.37531235814094543,0.4219120740890503,1.1694620847702026,0.0,0.8604551553726196,1.0930768251419067,0.819413423538208,0.0,0.7141885161399841,0.0,0.5270025730133057,0.201299250125885,0.0,0.0,0.8177934885025024,0.0,0.25570058822631836,0.20306114852428436,0.9045435786247253,0.0,0.8314058184623718,0.18952931463718414,1.1699073314666748,0.4257969558238983,0.09645527601242065,0.13777384161949158,1.0270884037017822,0.0,0.6587895154953003,0.0,0.0,0.3307681381702423,0.4182227551937103,0.0,0.0,0.0,0.0,0.010990535840392113,0.0,0.6596385836601257,1.103460669517517,0.20889513194561005,0.24258388578891754,1.014068603515625,0.0,0.0,0.182941734790802,0.42298340797424316,0.0,0.8484823107719421,0.7732344269752502,1.066322922706604,1.079742193222046,0.305551141500473,0.13253051042556763,1.271546483039856,0.0,0.0,0.8027097582817078,0.6798563003540039,0.12612980604171753,0.282429963350296,0.0,1.4692758321762085,0.10804470628499985,0.0,0.0,0.0,0.9728213548660278,1.2246332168579102,1.0821278095245361,0.0,0.0,0.0,0.0,0.0,0.0,0.0,0.24537084996700287,0.0,0.0,1.0675097703933716,0.030628599226474762,0.7775924801826477,1.2324544191360474,0.8665050268173218,0.0,1.199000358581543,0.3737238645553589,0.006165727972984314,0.0,0.03597910702228546,0.0,1.179916262626648,0.22319656610488892,0.0,0.7938374280929565,0.9860562086105347,0.6988407969474792,0.11976847797632217,0.6512972712516785,0.0,0.2982798218727112,1.4159561395645142,0.8630171418190002,0.0,0.0,0.0,0.5667037963867188,0.519120454788208,0.22029927372932434,0.6205718517303467,0.02153017930686474,0.9395869970321655,0.0,0.0,0.056402143090963364,0.12165576219558716,0.0
/content/drive/MyDrive/494_Project_test_3/COMI/dataset/BPAEC/nucleus/Z010/Z10_72.jpg,2,nucleus,2,nucleus,0.2934111952781677,0.0,0.0,0.0,0.6195313930511475,0.0888812467455864,1.039628267288208,0.5299816131591797,0.0,0.4020402431488037,0.4913283586502075,1.322727918624878,0.0,1.0157283544540405,1.2793703079223633,0.9408258199691772,0.0,0.8490549921989441,0.0,0.622240424156189,0.23326128721237183,0.0,0.0,0.8860462307929993,0.0,0.2836315631866455,0.23421403765678406,1.075976014137268,0.0,0.9562881588935852,0.19528882205486298,1.311913251876831,0.4872061014175415,0.1110328659415245,0.13202649354934692,1.1207691431045532,0.0,0.7762386202812195,0.0,0.0,0.33820992708206177,0.4791010916233063,0.0,0.0,0.0,0.0,0.0,0.0,0.75575190782547,1.2464425563812256,0.18529441952705383,0.22295916080474854,1.1054933071136475,0.0,0.0,0.13891887664794922,0.4725038409233093,0.0,0.9639080166816711,0.7949328422546387,1.1584765911102295,1.2445619106292725,0.29407423734664917,0.1781487911939621,1.419756293296814,0.0,0.0,0.9855086207389832,0.7408003807067871,0.06562122702598572,0.3173360228538513,0.0,1.6579548120498657,0.1306242048740387,0.0,0.0,0.0,1.1327106952667236,1.3648254871368408,1.222463607788086,0.0,0.0,0.0,0.0,0.0,0.0,0.0,0.20304043591022491,0.0,0.0,1.2143359184265137,0.0,0.8984114527702332,1.3907047510147095,0.9952128529548645,0.0,1.3623188734054565,0.4143516421318054,0.003774508833885193,0.0,0.038037121295928955,0.0,1.283575177192688,0.1814420074224472,0.0,0.9351849555969238,1.0817935466766357,0.8352425694465637,0.06215019151568413,0.7541799545288086,0.0,0.3403816223144531,1.5633853673934937,1.0172446966171265,0.0,0.0,0.0,0.6984379291534424,0.6196513772010803,0.18052564561367035,0.6730718016624451,0.027077650651335716,1.0851420164108276,0.0,0.0,0.09508185088634491,0.12265969812870026,0.0
/content/drive/MyDrive/494_Project_test_3/COMI/dataset/BPAEC/nucleus/Z010/Z10_73.jpg,2,nucleus,2,nucleus,0.31277239322662354,0.0,0.0,0.0,0.6426847577095032,0.06710343807935715,1.0424368381500244,0.5219002962112427,0.0,0.4057025909423828,0.5086917281150818,1.3207169771194458,0.0,1.010526418685913,1.2662409543991089,0.9442602396011353,0.0,0.8438313007354736,0.0,0.6281440258026123,0.1665308028459549,0.0,0.0,0.9037821292877197,0.0,0.2527015209197998,0.2441575527191162,1.0729191303253174,0.0,0.9509257674217224,0.17842313647270203,1.3149203062057495,0.5064505338668823,0.10763600468635559,0.16325825452804565,1.1492490768432617,0.0,0.7865834832191467,0.0,0.0,0.36711227893829346,0.4931413233280182,0.0,0.0,0.0,0.0,0.0,0.0,0.7596360445022583,1.2427237033843994,0.21043071150779724,0.216226264834404,1.1170108318328857,0.0,0.0,0.1478341966867447,0.49702128767967224,0.0,0.9550926089286804,0.8343903422355652,1.1023955345153809,1.2471867799758911,0.2560895085334778,0.1181834265589714,1.421678900718689,0.0,0.0,0.9648494720458984,0.7518210411071777,0.062230221927165985,0.3229862451553345,0.0,1.6557302474975586,0.09084000438451767,0.0,0.0,0.0,1.1328765153884888,1.361924171447754,1.2218471765518188,0.0,0.0,0.0,0.0,0.0,0.0,0.0,0.19029726088047028,0.0,0.0,1.204258680343628,0.0,0.8963893055915833,1.3907525539398193,0.994387149810791,0.0,1.3526890277862549,0.4359252452850342,0.0,0.0,0.0,0.0,1.2907838821411133,0.16866369545459747,0.0,0.8929270505905151,1.0421582460403442,0.8347764015197754,0.03831937164068222,0.7616510391235352,0.0,0.36127781867980957,1.5345213413238525,1.0260473489761353,0.0,0.0,0.0,0.6984231472015381,0.6395745873451233,0.16336499154567719,0.6819050312042236,0.0,1.0847704410552979,0.0,0.0,0.111029714345932,0.1137341856956482,0.0
/content/drive/MyDrive/494_Project_test_3/COMI/dataset/BPAEC/nucleus/Z010/Z10_74.jpg,2,nucleus,2,nucleus,0.32586270570755005,0.0,0.0,0.0,0.6411495804786682,0.07453524321317673,1.0502328872680664,0.6151660680770874,0.0,0.44758182764053345,0.5463324785232544,1.3304706811904907,0.0,1.0569440126419067,1.3394849300384521,0.9669581651687622,0.0,0.9150576591491699,0.0,0.6504875421524048,0.28056421875953674,0.0,0.0,0.8924790620803833,0.0,0.33617711067199707,0.29650214314460754,1.126885175704956,0.0,1.0071079730987549,0.23037385940551758,1.320380449295044,0.549796998500824,0.1508435308933258,0.12507909536361694,1.1551907062530518,0.0,0.8237457275390625,0.0,0.0,0.3247238099575043,0.5723986625671387,0.0,0.0,0.0,0.0,0.0,0.025774691253900528,0.8308233618736267,1.2442266941070557,0.17427493631839752,0.21281495690345764,1.1225125789642334,0.0,0.0,0.10042060911655426,0.5144538879394531,0.0,1.0140011310577393,0.7787754535675049,1.1890597343444824,1.2761833667755127,0.28928104043006897,0.2528945803642273,1.4062429666519165,0.0,0.0,1.0868569612503052,0.757111668586731,0.04509001970291138,0.34160172939300537,0.0,1.677269458770752,0.1567833125591278,0.0,0.0,0.0,1.1972174644470215,1.3609042167663574,1.2369996309280396,0.011998707428574562,0.0,0.0,0.0,0.0,0.0,0.0,0.20628786087036133,0.0,0.0,1.2389417886734009,0.019441060721874237,0.9117991924285889,1.3900620937347412,1.041196584701538,0.0,1.4327768087387085,0.4501020908355713,0.04233616590499878,0.0,0.05640894174575806,0.0,1.312042236328125,0.1670263409614563,0.0,1.0019787549972534,1.0824286937713623,0.8728057146072388,0.052182044833898544,0.8317397832870483,0.0,0.37158912420272827,1.5572174787521362,1.0965168476104736,0.0,0.0,0.0,0.799849271774292,0.6938850283622742,0.1800946295261383,0.6801950931549072,0.04165099561214447,1.0920746326446533,0.0,0.0,0.1417221873998642,0.15448305010795593,0.0
/content/drive/MyDrive/494_Project_test_3/COMI/dataset/BPAEC/nucleus/Z010/Z10_75.jpg,2,nucleus,2,nucleus,0.3188251852989197,0.0,0.0,0.0,0.6531268954277039,0.06876056641340256,1.0951931476593018,0.5772308111190796,0.0,0.4329834580421448,0.5378143787384033,1.3901087045669556,0.0,1.0846446752548218,1.3711172342300415,1.002618670463562,0.0,0.9130852818489075,0.0,0.6676915884017944,0.23197627067565918,0.0,0.0,0.9260706901550293,0.0,0.29519230127334595,0.2593643069267273,1.1580208539962769,0.0,1.0184319019317627,0.19854243099689484,1.3712286949157715,0.5310366749763489,0.12619367241859436,0.15245285630226135,1.1798019409179688,0.0,0.8388352990150452,0.0,0.0,0.35395434498786926,0.5115662813186646,0.0,0.0,0.0,0.0,0.0,0.0,0.8138296008110046,1.3055816888809204,0.19144199788570404,0.22114109992980957,1.1518809795379639,0.0,0.0,0.12330298125743866,0.5083255767822266,0.0,1.0280961990356445,0.821942925453186,1.175105333328247,1.3188062906265259,0.27246055006980896,0.17929252982139587,1.4867128133773804,0.0,0.0,1.0724096298217773,0.773610532283783,0.04810130596160889,0.3357142210006714,0.0,1.7373847961425781,0.1253172755241394,0.0,0.0,0.0,1.2150524854660034,1.423217535018921,1.2907698154449463,0.0,0.0,0.0,0.0,0.0,0.0,0.0,0.18689946830272675,0.0,0.0,1.2736530303955078,0.0,0.9519218802452087,1.462073564529419,1.0663361549377441,0.0,1.439731478691101,0.447457492351532,0.0,0.0,0.013591906055808067,0.0,1.338305115699768,0.16759805381298065,0.0,0.9897385835647583,1.1054099798202515,0.9031267166137695,0.0320054329931736,0.8161903023719788,0.0,0.37397509813308716,1.6120716333389282,1.0969023704528809,0.0,0.0,0.0,0.7667453289031982,0.6848127841949463,0.16081878542900085,0.7067183256149292,0.0042532216757535934,1.1497167348861694,0.0,0.0,0.12760908901691437,0.12089464068412781,0.0
/content/drive/MyDrive/494_Project_test_3/COMI/dataset/BPAEC/nucleus/Z010/Z10_76.jpg,2,nucleus,2,nucleus,0.2069348245859146,0.0,0.0,0.0,0.5238528251647949,0.11121299117803574,0.9952833652496338,0.4620666205883026,0.0,0.35719460248947144,0.4172261357307434,1.2765941619873047,0.0,0.981538712978363,1.2206677198410034,0.9094376564025879,0.0,0.822154700756073,0.0,0.5948103666305542,0.33412235975265503,0.0,0.0,0.8025367856025696,0.0,0.2864028215408325,0.18635867536067963,1.0160497426986694,0.0,0.9434160590171814,0.19590801000595093,1.2638864517211914,0.4030373990535736,0.09009398519992828,0.07102867215871811,1.0147814750671387,0.0,0.7097271680831909,0.0,0.0,0.2650910019874573,0.4000229239463806,0.0,0.0,0.0,0.0,0.0,0.10625410079956055,0.6827268004417419,1.2120240926742554,0.13261087238788605,0.21330732107162476,1.0299360752105713,0.0,0.0,0.11999490857124329,0.39890187978744507,0.0,0.9361483454704285,0.7108463644981384,1.2155237197875977,1.1823902130126953,0.3483678996562958,0.2668393850326538,1.373981237411499,0.0,0.0,0.9533037543296814,0.6503905057907104,0.08405561000108719,0.2640060782432556,0.0,1.6002689599990845,0.17951276898384094,0.0,0.0,0.0,1.0808507204055786,1.3247575759887695,1.1673970222473145,0.07666543126106262,0.01097263116389513,0.0,0.0,0.0,0.0,0.0,0.2148592323064804,0.0,0.0,1.1787505149841309,0.03712184727191925,0.8498968482017517,1.3434016704559326,0.9349935054779053,0.0,1.3172767162322998,0.33030685782432556,0.09042637795209885,0.0,0.12486526370048523,0.0,1.2206408977508545,0.19816048443317413,0.0,0.9537763595581055,1.115287184715271,0.7881507277488708,0.109623022377491,0.6601559519767761,0.0,0.26179468631744385,1.5586377382278442,0.9042903184890747,0.0,0.0,0.0,0.6327151656150818,0.5168126821517944,0.19891789555549622,0.6081568002700806,0.11057689040899277,1.035292387008667,0.0,0.0,0.01778389886021614,0.1143343448638916,0.0
/content/drive/MyDrive/494_Project_test_3/COMI/dataset/BPAEC/nucleus/Z010/Z10_77.jpg,2,nucleus,2,nucleus,0.2897421717643738,0.0,0.0,0.0,0.6162574887275696,0.21045854687690735,0.7987056970596313,0.4578292667865753,0.01624188758432865,0.4400378167629242,0.394631028175354,1.0260564088821411,0.0,0.7135831117630005,0.9833601713180542,0.6883361339569092,0.0,0.5790405869483948,0.0,0.42044544219970703,0.2469245195388794,0.0,0.0,0.8337458372116089,0.0,0.340573251247406,0.21855241060256958,0.7753854990005493,0.0,0.6962353587150574,0.2773861289024353,1.0367950201034546,0.43984416127204895,0.14401531219482422,0.15959537029266357,1.0085434913635254,0.0,0.5616914629936218,0.0,0.0,0.363555908203125,0.4451022446155548,0.0,0.0,0.0,0.0,0.0,0.012998882681131363,0.6587813496589661,0.9693446159362793,0.26665520668029785,0.3559238016605377,0.9920791983604431,0.0,0.0,0.2628284990787506,0.40786436200141907,0.0,0.7687302231788635,0.7572422027587891,1.0465779304504395,0.9349954724311829,0.39050209522247314,0.15105530619621277,1.1263583898544312,0.0,0.0,0.6642999053001404,0.7547917366027832,0.22525793313980103,0.31928861141204834,0.0,1.3029958009719849,0.14888960123062134,0.0,0.0,0.0,0.8333218097686768,1.0890872478485107,0.9751459360122681,0.0,0.0,0.0,0.1034979373216629,0.0,0.054797928780317307,0.0,0.36760398745536804,0.0,0.0,0.9512532353401184,0.1222165897488594,0.6875740885734558,1.0917983055114746,0.7995927333831787,0.0,1.0917551517486572,0.39627471566200256,0.040209680795669556,0.0,0.050084106624126434,0.0,1.1361474990844727,0.3138711154460907,0.0,0.7035783529281616,0.9415901899337769,0.5790817737579346,0.2254379689693451,0.6757384538650513,0.0,0.32695215940475464,1.3233237266540527,0.8286851048469543,0.10838475823402405,0.0,0.0,0.4948381185531616,0.5034815669059753,0.3460787832736969,0.64895099401474,0.026559339836239815,0.8160099983215332,0.0,0.0,0.09336847066879272,0.18758806586265564,0.0
/content/drive/MyDrive/494_Project_test_3/COMI/dataset/BPAEC/nucleus/Z010/Z10_78.jpg,2,nucleus,2,nucleus,0.28228193521499634,0.0,0.0,0.0,0.6093816161155701,0.07341741770505905,1.073472499847412,0.5422987937927246,0.0,0.4119766354560852,0.5073776245117188,1.3581827878952026,0.0,1.0605747699737549,1.335446834564209,0.9761693477630615,0.0,0.9010406732559204,0.0,0.6532483100891113,0.261723130941391,0.0,0.0,0.8806092143058777,0.0,0.29181140661239624,0.24265722930431366,1.1257357597351074,0.0,1.007488489151001,0.18897955119609833,1.3415740728378296,0.49555516242980957,0.11179658025503159,0.125257670879364,1.1312352418899536,0.0,0.8075525164604187,0.0,0.0,0.3175097405910492,0.4856816232204437,0.0,0.0,0.0,0.0,0.0,0.001773986965417862,0.7792251110076904,1.2834581136703491,0.16741609573364258,0.20101116597652435,1.113210916519165,0.0,0.0,0.11042599380016327,0.4773900508880615,0.0,1.0070017576217651,0.7812356948852539,1.1831624507904053,1.2835279703140259,0.2858222424983978,0.20782503485679626,1.4556952714920044,0.0,0.0,1.053381085395813,0.72850501537323,0.04489675909280777,0.3151482045650482,0.0,1.703696370124817,0.14173632860183716,0.0,0.0,0.0,1.1865599155426025,1.39908766746521,1.2572033405303955,0.0,0.0,0.0,0.0,0.0,0.0,0.0,0.1849454641342163,0.0,0.0,1.2495057582855225,0.0,0.9255737662315369,1.4291023015975952,1.0308520793914795,0.0,1.417199969291687,0.4068780243396759,0.02215367555618286,0.0,0.048496656119823456,0.0,1.303238868713379,0.16700893640518188,0.0,0.9881423115730286,1.1062884330749512,0.8799201250076294,0.038581810891628265,0.7723357677459717,0.0,0.33683913946151733,1.591308832168579,1.0453892946243286,0.0,0.0,0.0,0.7397862672805786,0.6422063112258911,0.1604422926902771,0.6714285612106323,0.0337025448679924,1.1184909343719482,0.0,0.0,0.09895820915699005,0.11404258012771606,0.0
/content/drive/MyDrive/494_Project_test_3/COMI/dataset/BPAEC/nucleus/Z010/Z10_79.jpg,2,nucleus,2,nucleus,0.3039790391921997,0.0,0.0,0.0,0.6338463425636292,0.06530847400426865,1.0719211101531982,0.5499593615531921,0.0,0.40882301330566406,0.5125378370285034,1.3641585111618042,0.0,1.0613223314285278,1.3278449773788452,0.9797970056533813,0.0,0.8899574875831604,0.0,0.6547049283981323,0.2208951711654663,0.0,0.0,0.9030842781066895,0.0,0.27252092957496643,0.24457593262195587,1.1228774785995483,0.0,0.9977876543998718,0.18558557331562042,1.353330135345459,0.5070890188217163,0.11599837988615036,0.1366938054561615,1.1475681066513062,0.0,0.8128255009651184,0.0,0.0,0.3447028696537018,0.4962169826030731,0.0,0.0,0.0,0.0,0.0,0.0,0.7825211882591248,1.2870467901229858,0.18115557730197906,0.2093210518360138,1.1292617321014404,0.0,0.0,0.12240520119667053,0.48920178413391113,0.0,0.9941344857215881,0.8087720274925232,1.1661427021026611,1.2933415174484253,0.2722715437412262,0.17467808723449707,1.4617630243301392,0.0,0.0,1.0333137512207031,0.7513561844825745,0.04266399145126343,0.32135188579559326,0.0,1.7087329626083374,0.1192997619509697,0.0,0.0,0.0,1.1818276643753052,1.4024951457977295,1.2589120864868164,0.0,0.0,0.0,0.0,0.0,0.0,0.0,0.18120168149471283,0.0,0.0,1.2540466785430908,0.0,0.9295701384544373,1.4344964027404785,1.0331926345825195,0.0,1.4034031629562378,0.43060579895973206,0.0,0.0,0.023263728246092796,0.0,1.3098825216293335,0.1614970564842224,0.0,0.9668630361557007,1.0956813097000122,0.8744336366653442,0.0354795940220356,0.7816698551177979,0.0,0.3558526039123535,1.5910643339157104,1.0554906129837036,0.0,0.0,0.0,0.7329409122467041,0.6508882641792297,0.1549459993839264,0.6839485168457031,0.01382623054087162,1.125240683555603,0.0,0.0,0.10627186298370361,0.11897976696491241,0.0
/content/drive/MyDrive/494_Project_test_3/COMI/dataset/BPAEC/nucleus/Z010/Z10_8.jpg,2,nucleus,2,nucleus,0.20533017814159393,0.0,0.0,0.0,0.5259132981300354,0.12347345799207687,0.9192008972167969,0.4067379832267761,0.0,0.33636367321014404,0.3813585937023163,1.1680450439453125,0.0,0.8661865592002869,1.0942376852035522,0.8151330947875977,0.0,0.7251906394958496,0.0,0.5324963331222534,0.27097782492637634,0.0,0.0,0.7790675759315491,0.0,0.26647311449050903,0.17580050230026245,0.9054569005966187,0.0,0.8441686034202576,0.18400534987449646,1.180577039718628,0.3725968599319458,0.07875382900238037,0.07944667339324951,0.9664446711540222,0.0,0.6364654302597046,0.0,0.0,0.27945592999458313,0.382464200258255,0.0,0.0,0.0,0.0,0.00835009478032589,0.0811622142791748,0.6243413090705872,1.1238787174224854,0.16138672828674316,0.21894466876983643,0.9833621382713318,0.0,0.0,0.15536907315254211,0.37383365631103516,0.0,0.8441205620765686,0.7128686904907227,1.1365934610366821,1.0842313766479492,0.3438730239868164,0.19846481084823608,1.280827522277832,0.0,0.0,0.8242429494857788,0.6380627155303955,0.1097371056675911,0.26647844910621643,0.0,1.4847468137741089,0.15234968066215515,0.0,0.0,0.0,0.9710562229156494,1.245081901550293,1.0726356506347656,0.0136567372828722,0.0027611004188656807,0.0,0.0,0.0,0.0,0.0,0.23822496831417084,0.0,0.0,1.0858224630355835,0.04871181398630142,0.7763527035713196,1.2401727437973022,0.8425116539001465,0.0,1.2025811672210693,0.32151392102241516,0.0629025399684906,0.0,0.10317987948656082,0.0,1.1623480319976807,0.21334142982959747,0.0,0.8405907154083252,1.04190194606781,0.7034709453582764,0.12349628657102585,0.6106340885162354,0.0,0.2490944117307663,1.4621375799179077,0.823671817779541,0.0,0.0,0.0,0.5430799126625061,0.4650794267654419,0.21905142068862915,0.5836622714996338,0.08338268101215363,0.9447504281997681,0.0,0.0,0.011378809809684753,0.11242131888866425,0.0
/content/drive/MyDrive/494_Project_test_3/COMI/dataset/BPAEC/nucleus/Z010/Z10_80.jpg,2,nucleus,2,nucleus,0.28707122802734375,0.0,0.0,0.0,0.6104596257209778,0.06731324642896652,1.0641628503799438,0.5406818985939026,0.0,0.41306251287460327,0.5090647339820862,1.3464256525039673,0.0,1.0529406070709229,1.3262300491333008,0.9671115875244141,0.0,0.8921500444412231,0.0,0.6500482559204102,0.2478460967540741,0.0,0.0,0.875483512878418,0.0,0.28613659739494324,0.24543029069900513,1.1195838451385498,0.0,0.9961081147193909,0.18480423092842102,1.327988624572754,0.49529051780700684,0.11311699450016022,0.12962079048156738,1.1271978616714478,0.0,0.8049712777137756,0.0,0.0,0.31802135705947876,0.4846920669078827,0.0,0.0,0.0,0.0,0.0,0.0,0.7780531048774719,1.2721282243728638,0.17003774642944336,0.1973031610250473,1.1060359477996826,0.0,0.0,0.11086215078830719,0.4782402515411377,0.0,0.9983517527580261,0.7783901691436768,1.1587247848510742,1.2768996953964233,0.27533966302871704,0.19605931639671326,1.4427980184555054,0.0,0.0,1.0427364110946655,0.7266360521316528,0.03889748826622963,0.31285902857780457,0.0,1.6873199939727783,0.1338966190814972,0.0,0.0,0.0,1.1798095703125,1.3875536918640137,1.2456328868865967,0.0,0.0,0.0,0.0,0.0,0.0,0.0,0.17939846217632294,0.0,0.0,1.2375712394714355,0.0,0.9172026515007019,1.416126012802124,1.0270658731460571,0.0,1.4045144319534302,0.40887346863746643,0.013103485107421875,0.0,0.03846878930926323,0.0,1.2944644689559937,0.16248966753482819,0.0,0.9731521010398865,1.0874979496002197,0.8752295970916748,0.02817356213927269,0.771605372428894,0.0,0.339603066444397,1.5702704191207886,1.0429792404174805,0.0,0.0,0.0,0.7367706298828125,0.6459650993347168,0.1535019874572754,0.6666154861450195,0.02358122728765011,1.1108317375183105,0.0,0.0,0.10472719371318817,0.11165717244148254,0.0
/content/drive/MyDrive/494_Project_test_3/COMI/dataset/BPAEC/nucleus/Z010/Z10_81.jpg,2,nucleus,2,nucleus,0.15121565759181976,0.0,0.0,0.0,0.45576000213623047,0.08609340339899063,0.984492838382721,0.41391757130622864,0.0,0.3063657879829407,0.37447911500930786,1.2623757123947144,0.0,0.9770392179489136,1.1999098062515259,0.9033418893814087,0.0,0.8253880143165588,0.0,0.5948507785797119,0.3641998767852783,0.0,0.0,0.7388375997543335,0.0,0.26137295365333557,0.15864340960979462,0.9964134693145752,0.0,0.9501460194587708,0.162942573428154,1.24560546875,0.34563642740249634,0.06564123183488846,0.033362336456775665,0.9379495978355408,0.0,0.6826658844947815,0.0,0.0,0.2067810297012329,0.3414941132068634,0.0,0.0,0.0,0.0,0.0,0.1430898755788803,0.6379829049110413,1.2051368951797485,0.08977599442005157,0.16673783957958221,0.9728389382362366,0.0,0.0,0.08378955721855164,0.35122138261795044,0.0,0.9169179797172546,0.6487847566604614,1.2106742858886719,1.1661581993103027,0.3394226133823395,0.29827797412872314,1.3518577814102173,0.0,0.0,0.9548565745353699,0.569594144821167,0.05486433207988739,0.22593681514263153,0.0,1.5757050514221191,0.18722346425056458,0.0,0.0,0.0,1.0663419961929321,1.306718349456787,1.1391756534576416,0.11857607215642929,0.027623262256383896,0.0,0.0,0.0,0.0,0.0,0.17166532576084137,0.0,0.0,1.1654938459396362,0.024432942271232605,0.8282778859138489,1.3206075429916382,0.9027518033981323,0.0,1.2929930686950684,0.2772081792354584,0.12073532491922379,0.0,0.1554970145225525,0.0,1.172314167022705,0.1770634949207306,0.0,0.9626682996749878,1.1116496324539185,0.7816321849822998,0.0940919741988182,0.5936726331710815,0.0,0.20830295979976654,1.5372487306594849,0.8429901003837585,0.0,0.0,0.0,0.6031911969184875,0.46156516671180725,0.15969151258468628,0.5545542240142822,0.14287404716014862,1.022801160812378,0.0,0.0,0.0,0.08859983086585999,0.0
/content/drive/MyDrive/494_Project_test_3/COMI/dataset/BPAEC/nucleus/Z010/Z10_82.jpg,2,nucleus,2,nucleus,0.2758551836013794,0.0,0.0,0.0,0.6042340397834778,0.07718610018491745,0.9870567321777344,0.47531840205192566,0.0,0.3767175078392029,0.4544547200202942,1.2529933452606201,0.0,0.947118878364563,1.1886311769485474,0.8894056081771851,0.0,0.7933242917060852,0.0,0.5932786464691162,0.1784496307373047,0.0,0.0,0.8556352853775024,0.0,0.24150115251541138,0.22055023908615112,0.9997622966766357,0.0,0.9066275954246521,0.17097921669483185,1.263530969619751,0.4586382806301117,0.09832020103931427,0.12876048684120178,1.0785801410675049,0.0,0.7278526425361633,0.0,0.0,0.341075599193573,0.4583437740802765,0.0,0.0,0.0,0.0,0.00619620643556118,0.0,0.7065277695655823,1.1956875324249268,0.1924491673707962,0.21309873461723328,1.062435269355774,0.0,0.0,0.14995186030864716,0.4483238756656647,0.0,0.9006781578063965,0.7918754816055298,1.1014530658721924,1.179811716079712,0.27679431438446045,0.12751927971839905,1.3607182502746582,0.0,0.0,0.8991495966911316,0.7095445394515991,0.07202880829572678,0.30251386761665344,0.0,1.5872966051101685,0.09542009979486465,0.0,0.0,0.0,1.0620195865631104,1.3143901824951172,1.1543631553649902,0.0,0.0,0.0,0.0,0.0,0.0,0.0,0.20511265099048615,0.0,0.0,1.1552958488464355,0.0,0.8466747999191284,1.3253321647644043,0.930457592010498,0.0,1.283654808998108,0.3976513743400574,0.0,0.0,0.018420834094285965,0.0,1.2353944778442383,0.180455282330513,0.0,0.8629699349403381,1.0300432443618774,0.7801377177238464,0.060222480446100235,0.7077903747558594,0.0,0.32352542877197266,1.4937535524368286,0.9430384635925293,0.0,0.0,0.0,0.6287150382995605,0.5727637410163879,0.17342807352542877,0.6408217549324036,0.007599016651511192,1.028275728225708,0.0,0.0,0.0741272121667862,0.1150011420249939,0.0
/content/drive/MyDrive/494_Project_test_3/COMI/dataset/BPAEC/nucleus/Z010/Z10_83.jpg,2,nucleus,2,nucleus,0.28368228673934937,0.0,0.0,0.0,0.6174329519271851,0.1275959312915802,0.8831242918968201,0.44981613755226135,0.0,0.398561954498291,0.41710183024406433,1.1192208528518677,0.0,0.8081576228141785,1.062447190284729,0.7736350297927856,0.0,0.6741117238998413,0.0,0.5099346041679382,0.16686686873435974,0.0,0.0,0.8421918749809265,0.0,0.26443302631378174,0.21873708069324493,0.869330644607544,0.0,0.79133540391922,0.2027563601732254,1.1505123376846313,0.4505811929702759,0.11647004634141922,0.14050769805908203,1.038821816444397,0.0,0.6373313069343567,0.0,0.0,0.35848549008369446,0.45560190081596375,0.0,0.0,0.0,0.0,0.0007420014590024948,0.0,0.6704389452934265,1.0769050121307373,0.23186732828617096,0.27198368310928345,1.0201140642166138,0.0,0.0,0.2066499888896942,0.4232061505317688,0.0,0.8123120069503784,0.7826180458068848,1.045478343963623,1.0485107898712158,0.3139805197715759,0.10136067867279053,1.2371546030044556,0.0,0.0,0.7562227845191956,0.7274712324142456,0.13479411602020264,0.31335362792015076,0.0,1.4337078332901,0.09355049580335617,0.0,0.0,0.0,0.9357508420944214,1.2003114223480225,1.0448302030563354,0.0,0.0,0.0,0.0,0.0,0.0,0.0,0.27703896164894104,0.0,0.0,1.040858507156372,0.04092033952474594,0.7553372979164124,1.1966521739959717,0.8443127870559692,0.0,1.1606770753860474,0.39750608801841736,0.0,0.0,0.010817203670740128,0.0,1.1755355596542358,0.23580558598041534,0.0,0.7582337260246277,0.9628899097442627,0.67268967628479,0.11749013513326645,0.6883871555328369,0.0,0.32531946897506714,1.3887861967086792,0.8695272207260132,0.007946772500872612,0.0,0.0,0.5391772389411926,0.5317124128341675,0.24168702960014343,0.6350722312927246,0.0,0.9131009578704834,0.0,0.0,0.08294031023979187,0.14150074124336243,0.0
/content/drive/MyDrive/494_Project_test_3/COMI/dataset/BPAEC/nucleus/Z010/Z10_84.jpg,2,nucleus,2,nucleus,0.24452616274356842,0.0,0.0,0.0,0.5624310374259949,0.1021210178732872,0.9875299334526062,0.4699545204639435,0.0,0.3640696406364441,0.436637282371521,1.2545640468597412,0.0,0.9534491896629333,1.20064115524292,0.8869674205780029,0.0,0.7969350218772888,0.0,0.5817303657531738,0.2706156075000763,0.0,0.0,0.8269046545028687,0.0,0.2804514467716217,0.20325776934623718,1.0016357898712158,0.0,0.9089168906211853,0.1896907538175583,1.2467408180236816,0.42703694105148315,0.09156130999326706,0.10665374249219894,1.0382143259048462,0.0,0.7078911066055298,0.0,0.0,0.29619550704956055,0.4206269085407257,0.0,0.0,0.0,0.0,0.0,0.042194489389657974,0.6933676600456238,1.1894211769104004,0.16776664555072784,0.21267543733119965,1.0407230854034424,0.0,0.0,0.13851848244667053,0.4212576746940613,0.0,0.9108790159225464,0.7408694624900818,1.1470234394073486,1.172079086303711,0.31821122765541077,0.2048092633485794,1.349878191947937,0.0,0.0,0.9202329516410828,0.6788723468780518,0.0812905877828598,0.2883598804473877,0.0,1.5733217000961304,0.1508903205394745,0.0,0.0,0.0,1.061102271080017,1.3029544353485107,1.1541825532913208,0.011233488097786903,0.0,0.0,0.0,0.0,0.0,0.0,0.2070183902978897,0.0,0.0,1.154416799545288,0.02083072066307068,0.8405260443687439,1.3201730251312256,0.924022912979126,0.0,1.2918001413345337,0.36196401715278625,0.04377421736717224,0.0,0.07496250420808792,0.0,1.2208962440490723,0.19341471791267395,0.0,0.8982158899307251,1.0634263753890991,0.7757824659347534,0.08958922326564789,0.6765812635421753,0.0,0.2898330092430115,1.5132163763046265,0.9267615079879761,0.0,0.0,0.0,0.6311160922050476,0.5447355508804321,0.1925238072872162,0.6270629167556763,0.06354597955942154,1.0204873085021973,0.0,0.0,0.05492021515965462,0.11227522790431976,0.0
/content/drive/MyDrive/494_Project_test_3/COMI/dataset/BPAEC/nucleus/Z010/Z10_85.jpg,2,nucleus,2,nucleus,0.18241779506206512,0.0,0.0,0.0,0.5032992959022522,0.1036558523774147,1.0201616287231445,0.44999703764915466,0.0,0.3351706862449646,0.41267186403274536,1.301291584968567,0.0,1.005924940109253,1.2472151517868042,0.9282543659210205,0.0,0.8480660915374756,0.0,0.6123059988021851,0.3566969633102417,0.0,0.0,0.7886427640914917,0.0,0.2853533923625946,0.1757294237613678,1.0387828350067139,0.0,0.9679722785949707,0.18289367854595184,1.2871187925338745,0.3829312026500702,0.0744648426771164,0.05254923552274704,0.9998300671577454,0.0,0.7169599533081055,0.0,0.0,0.24050956964492798,0.37891846895217896,0.0,0.0,0.0,0.0,0.0,0.1272614300251007,0.6730043292045593,1.239351511001587,0.11157804727554321,0.18750804662704468,1.026648998260498,0.0,0.0,0.10010649263858795,0.3867412805557251,0.0,0.9512507319450378,0.6938672661781311,1.2379004955291748,1.2090678215026855,0.3498874306678772,0.28663837909698486,1.4046696424484253,0.0,0.0,0.9880041480064392,0.6234309673309326,0.06756386905908585,0.256171852350235,0.0,1.6317311525344849,0.1943422257900238,0.0,0.0,0.0,1.1070929765701294,1.354081392288208,1.1865042448043823,0.09826403111219406,0.02280142530798912,0.0,0.0,0.0,0.0,0.0,0.19273799657821655,0.0,0.0,1.2018399238586426,0.030834443867206573,0.8637559413909912,1.3696179389953613,0.9393582344055176,0.0,1.3402215242385864,0.30827388167381287,0.10795972496271133,0.0,0.14646223187446594,0.0,1.2284141778945923,0.18451444804668427,0.0,0.9816269874572754,1.1385964155197144,0.8144247531890869,0.09376528859138489,0.6420051455497742,0.0,0.23986639082431793,1.5920144319534302,0.903580367565155,0.0,0.0,0.0,0.640240490436554,0.504209578037262,0.18200209736824036,0.5936490893363953,0.1315217912197113,1.0591951608657837,0.0,0.0,0.0018400922417640686,0.09563767910003662,0.0
/content/drive/MyDrive/494_Project_test_3/COMI/dataset/BPAEC/nucleus/Z010/Z10_86.jpg,2,nucleus,2,nucleus,0.29800665378570557,0.0,0.0,0.0,0.6289896368980408,0.23772117495536804,0.7412006855010986,0.4473760426044464,0.04852517694234848,0.4602828621864319,0.3846462070941925,0.9568454027175903,0.0,0.6402202248573303,0.9154714941978455,0.6279381513595581,0.0,0.5129680037498474,0.0,0.37422993779182434,0.23265254497528076,0.0,0.0,0.8310533761978149,0.0,0.3511706590652466,0.22292838990688324,0.7039726972579956,0.0,0.6328561902046204,0.2989693284034729,0.9693160653114319,0.44218307733535767,0.1565219759941101,0.1763785481452942,0.9956551790237427,0.0,0.5163357853889465,0.0,0.0,0.38548994064331055,0.4484502971172333,0.0,0.0,0.0,0.0,0.0,0.0,0.6431315541267395,0.9009299278259277,0.2961520254611969,0.3909635543823242,0.9750539660453796,0.0,0.0,0.2969576418399811,0.40844616293907166,0.0,0.7257651090621948,0.764266848564148,1.0021932125091553,0.865138828754425,0.4058988392353058,0.12451855093240738,1.0605806112289429,0.0,0.0,0.5863326191902161,0.769646942615509,0.2686207890510559,0.32355594635009766,0.0,1.2153217792510986,0.14318442344665527,0.0,0.0,0.0,0.7664272785186768,1.022639274597168,0.9177441596984863,0.0,0.0,0.010659411549568176,0.14564241468906403,0.0,0.10712618380784988,0.0,0.410779744386673,0.0,0.031408555805683136,0.8835590481758118,0.14698225259780884,0.6400609612464905,1.0206267833709717,0.7586027979850769,0.0,1.0253150463104248,0.40633365511894226,0.033102281391620636,0.0,0.03770154342055321,0.0,1.1105672121047974,0.34599119424819946,0.0,0.6402802467346191,0.8951835632324219,0.5187345743179321,0.259098082780838,0.6666913628578186,0.0,0.3345687985420227,1.2599629163742065,0.7955296039581299,0.1482517123222351,0.0,0.0,0.45361006259918213,0.48914942145347595,0.3839449882507324,0.6501847505569458,0.011294804513454437,0.7536166906356812,0.0,0.0,0.1043081283569336,0.20202964544296265,0.0
/content/drive/MyDrive/494_Project_test_3/COMI/dataset/BPAEC/nucleus/Z010/Z10_87.jpg,2,nucleus,2,nucleus,0.2750815749168396,0.0,0.0,0.0,0.6007542014122009,0.10445260256528854,1.0090138912200928,0.5173823237419128,0.0,0.4052257537841797,0.4697629511356354,1.2855736017227173,0.0,0.9877833127975464,1.2538286447525024,0.9155117273330688,0.0,0.8254103064537048,0.0,0.6026211977005005,0.27529415488243103,0.0,0.0,0.8654868602752686,0.0,0.2996451258659363,0.22642521560192108,1.044701337814331,0.0,0.939428985118866,0.2089814394712448,1.2794692516326904,0.4699159860610962,0.11643638461828232,0.1226823553442955,1.0876376628875732,0.0,0.7438198924064636,0.0,0.0,0.31839248538017273,0.4610952138900757,0.0,0.0,0.0,0.0,0.0,0.026159461587667465,0.7416720986366272,1.2176222801208496,0.18045680224895477,0.23779095709323883,1.0802197456359863,0.0,0.0,0.14099466800689697,0.4490385055541992,0.0,0.9478772282600403,0.765447735786438,1.1701433658599854,1.2077702283859253,0.3195765018463135,0.21324338018894196,1.3832584619522095,0.0,0.0,0.9629595279693604,0.7260161638259888,0.08454207330942154,0.3063601851463318,0.0,1.6152193546295166,0.15252548456192017,0.0,0.0,0.0,1.1047569513320923,1.3307421207427979,1.1918333768844604,0.004461517557501793,0.0,0.0,0.0,0.0,0.0,0.0,0.2215595692396164,0.0,0.0,1.1887540817260742,0.02370075136423111,0.8688781261444092,1.3581788539886475,0.9745744466781616,0.0,1.3380850553512573,0.39620259404182434,0.036231011152267456,0.0,0.0616268590092659,0.0,1.2581863403320312,0.1984744369983673,0.0,0.9334121942520142,1.0841293334960938,0.8068677186965942,0.09001940488815308,0.7358208894729614,0.0,0.3262147307395935,1.5453287363052368,0.9842819571495056,0.0,0.0,0.0,0.6730544567108154,0.5946149230003357,0.2015172243118286,0.6605008840560913,0.04986288398504257,1.0513943433761597,0.0,0.0,0.08291587233543396,0.12979760766029358,0.0
/content/drive/MyDrive/494_Project_test_3/COMI/dataset/BPAEC/nucleus/Z010/Z10_88.jpg,2,nucleus,2,nucleus,0.2290220409631729,0.0,0.0,0.0,0.5476945042610168,0.10369668155908585,0.9999025464057922,0.48164102435112,0.0,0.37100422382354736,0.44038277864456177,1.2716788053512573,0.0,0.9781795740127563,1.2388014793395996,0.9040465354919434,0.0,0.8259646892547607,0.0,0.5951118469238281,0.3199167549610138,0.0,0.0,0.8148757219314575,0.0,0.3024042844772339,0.204066202044487,1.0305564403533936,0.0,0.9363508820533752,0.19647227227687836,1.2561116218566895,0.42202556133270264,0.09778545796871185,0.0904332771897316,1.0262960195541382,0.0,0.7211145162582397,0.0,0.0,0.2715684175491333,0.41301974654197693,0.0,0.0,0.0,0.0,0.0,0.06696894764900208,0.7049268484115601,1.2075004577636719,0.14851932227611542,0.2078494131565094,1.0347323417663574,0.0,0.0,0.11693605780601501,0.4129742980003357,0.0,0.9410040974617004,0.713823139667511,1.1821690797805786,1.1905434131622314,0.32961395382881165,0.2471051812171936,1.3671973943710327,0.0,0.0,0.9674261212348938,0.6670365333557129,0.0750202164053917,0.28305569291114807,0.0,1.5929895639419556,0.17725443840026855,0.0,0.0,0.0,1.0916272401809692,1.3177464008331299,1.1717356443405151,0.051053643226623535,0.0032147886231541634,0.0,0.0,0.0,0.0,0.0,0.20486761629581451,0.0,0.0,1.1736525297164917,0.03275822848081589,0.8525754809379578,1.3389943838119507,0.9443297386169434,0.0,1.3217324018478394,0.34979745745658875,0.0764460563659668,0.0,0.10139228403568268,0.0,1.2268898487091064,0.19298699498176575,0.0,0.9463752508163452,1.0910178422927856,0.8015357255935669,0.08762164413928986,0.6836562156677246,0.0,0.28005075454711914,1.5378283262252808,0.9369843006134033,0.0,0.0,0.0,0.6549765467643738,0.5504497289657593,0.19026002287864685,0.6202659606933594,0.08350119739770889,1.0374772548675537,0.0,0.0,0.051759589463472366,0.10978025197982788,0.0
/content/drive/MyDrive/494_Project_test_3/COMI/dataset/BPAEC/nucleus/Z010/Z10_89.jpg,2,nucleus,2,nucleus,0.21131101250648499,0.0,0.0,0.0,0.5288820862770081,0.1464909017086029,0.9546789526939392,0.4673839211463928,0.0,0.3779693841934204,0.4079516530036926,1.2210332155227661,0.0,0.9267971515655518,1.1866495609283447,0.8607357740402222,0.0,0.7762367129325867,0.0,0.5546787977218628,0.36987897753715515,0.0,0.0,0.7975667119026184,0.0,0.3271193504333496,0.19003580510616302,0.9725180864334106,0.0,0.8957100510597229,0.2257116287946701,1.2104190587997437,0.39941495656967163,0.10407435894012451,0.07731031626462936,0.9938029050827026,0.0,0.672394335269928,0.0,0.0,0.26178279519081116,0.3967359960079193,0.0,0.0,0.0,0.0,0.0,0.11806362867355347,0.6789872050285339,1.1606605052947998,0.1492110937833786,0.24829189479351044,1.0105252265930176,0.0,0.0,0.1409951001405716,0.3853094279766083,0.0,0.911569356918335,0.6910040378570557,1.2100039720535278,1.1282260417938232,0.3808175325393677,0.2864888906478882,1.3180121183395386,0.0,0.0,0.9138166308403015,0.66376793384552,0.11869650334119797,0.27220040559768677,0.0,1.5342400074005127,0.20546665787696838,0.0,0.0,0.0,1.0344367027282715,1.2716660499572754,1.128662109375,0.0942143052816391,0.01837407425045967,0.0,0.003400556743144989,0.0,0.0,0.0,0.25384172797203064,0.0,0.0,1.1358349323272705,0.07598791271448135,0.8147810101509094,1.289180040359497,0.9101734161376953,0.0,1.280275821685791,0.32966348528862,0.11776721477508545,0.0,0.13880126178264618,0.0,1.1980178356170654,0.2322131246328354,0.0,0.9299764633178711,1.1005741357803345,0.7493472099304199,0.14859424531459808,0.6601962447166443,0.0,0.2625727653503418,1.522451400756836,0.8882197141647339,0.023381827399134636,0.0,0.0,0.6097045540809631,0.5066649913787842,0.24133121967315674,0.6128321886062622,0.11942631006240845,0.9867899417877197,0.0,0.0,0.02898377552628517,0.13095968961715698,0.0
/content/drive/MyDrive/494_Project_test_3/COMI/dataset/BPAEC/nucleus/Z010/Z10_9.jpg,2,nucleus,2,nucleus,0.2707870602607727,0.0,0.0,0.0,0.5927878618240356,0.0710967555642128,0.9793365001678467,0.45816388726234436,0.0,0.3692314326763153,0.4532744288444519,1.2384384870529175,0.0,0.9303972721099854,1.1676660776138306,0.8774853944778442,0.0,0.7797902822494507,0.0,0.583765983581543,0.1638321876525879,0.0,0.0,0.8446496725082397,0.0,0.2318684458732605,0.21709328889846802,0.9836564064025879,0.0,0.8916716575622559,0.1608847975730896,1.2454262971878052,0.4507412314414978,0.09067592024803162,0.1379941999912262,1.066687822341919,0.0,0.7180383205413818,0.0,0.0,0.33798888325691223,0.4449176490306854,0.0,0.0,0.0,0.0,0.015560192987322807,0.0,0.6928184628486633,1.1764367818832397,0.19735541939735413,0.20456098020076752,1.049086093902588,0.0,0.0,0.15198656916618347,0.446492999792099,0.0,0.8881264328956604,0.7914895415306091,1.0687214136123657,1.1636896133422852,0.26425355672836304,0.1102566048502922,1.3457199335098267,0.0,0.0,0.8792592883110046,0.6928098201751709,0.07364141196012497,0.2955895662307739,0.0,1.5624756813049316,0.08423840254545212,0.0,0.0,0.0,1.048971176147461,1.2963149547576904,1.1408416032791138,0.0,0.0,0.0,0.0,0.0,0.0,0.0,0.19654886424541473,0.0,0.0,1.134561538696289,0.0,0.8325026631355286,1.306560754776001,0.9152668714523315,0.0,1.2640200853347778,0.3921448886394501,0.0,0.0,0.008713174611330032,0.0,1.2206470966339111,0.1790158450603485,0.0,0.8378355503082275,1.0047365427017212,0.7690683603286743,0.05553751066327095,0.6884049773216248,0.0,0.31703895330429077,1.4648441076278687,0.9260998368263245,0.0,0.0,0.0,0.617958664894104,0.5638262629508972,0.16597282886505127,0.6318067312240601,0.0,1.0120412111282349,0.0,0.0,0.07200701534748077,0.1041116714477539,0.0
/content/drive/MyDrive/494_Project_test_3/COMI/dataset/BPAEC/nucleus/Z010/Z10_90.jpg,2,nucleus,2,nucleus,0.282196044921875,0.0,0.0,0.0,0.6090093851089478,0.09943487495183945,1.014060139656067,0.5227137207984924,0.0,0.4047393202781677,0.4766972064971924,1.2897241115570068,0.0,0.9925616979598999,1.2605388164520264,0.916811466217041,0.0,0.8296754956245422,0.0,0.6056497097015381,0.2658499479293823,0.0,0.0,0.8699941635131836,0.0,0.29748520255088806,0.2295505851507187,1.0514105558395386,0.0,0.9405714869499207,0.20533637702465057,1.2848694324493408,0.4729989767074585,0.11701419949531555,0.12360583990812302,1.0925596952438354,0.0,0.7502561211585999,0.0,0.0,0.3221401274204254,0.4669838845729828,0.0,0.0,0.0,0.0,0.0,0.018740449100732803,0.7460379004478455,1.223893165588379,0.18173640966415405,0.23210908472537994,1.0854883193969727,0.0,0.0,0.1392115354537964,0.4527800679206848,0.0,0.9482236504554749,0.7695235013961792,1.1656711101531982,1.2173066139221191,0.3134649395942688,0.20660001039505005,1.3894994258880615,0.0,0.0,0.9680107235908508,0.7319887280464172,0.07616928219795227,0.3113892674446106,0.0,1.6220165491104126,0.15059593319892883,0.0,0.0,0.0,1.110974907875061,1.3370308876037598,1.1953798532485962,0.0,0.0,0.0,0.0,0.0,0.0,0.0,0.2161664068698883,0.0,0.0,1.1955597400665283,0.01887837052345276,0.8744009733200073,1.3631736040115356,0.9789426326751709,0.0,1.3416765928268433,0.40207532048225403,0.027927860617637634,0.0,0.057439111173152924,0.0,1.2626371383666992,0.19175578653812408,0.0,0.9327999353408813,1.0826767683029175,0.8136378526687622,0.08060278743505478,0.7420446276664734,0.0,0.3299289345741272,1.5468679666519165,0.9946935176849365,0.0,0.0,0.0,0.6787548661231995,0.6027060151100159,0.19592443108558655,0.6616188287734985,0.043590664863586426,1.0577621459960938,0.0,0.0,0.08890105783939362,0.12883204221725464,0.0
/content/drive/MyDrive/494_Project_test_3/COMI/dataset/BPAEC/nucleus/Z010/Z10_91.jpg,2,nucleus,2,nucleus,0.2105223536491394,0.0,0.0,0.0,0.521944522857666,0.1348089873790741,0.8499466180801392,0.38769426941871643,0.0,0.34520190954208374,0.35912737250328064,1.087784767150879,0.0,0.7836006283760071,1.0084885358810425,0.7534884214401245,0.0,0.6517060399055481,0.0,0.48063862323760986,0.2461991012096405,0.0,0.0,0.7613592147827148,0.0,0.2627055048942566,0.1768677681684494,0.8182416558265686,0.0,0.7760900855064392,0.19469299912452698,1.0964909791946411,0.37079286575317383,0.08701766282320023,0.10251735895872116,0.9388996362686157,0.0,0.5837072730064392,0.0,0.0,0.2908906638622284,0.37062838673591614,0.0,0.0,0.0,0.0,0.01002509705722332,0.05008856579661369,0.6025194525718689,1.037502646446228,0.19139502942562103,0.24744738638401031,0.944650411605835,0.0,0.0,0.18517830967903137,0.365569144487381,0.0,0.7881182432174683,0.7102154493331909,1.0638900995254517,0.9937032461166382,0.3393573462963104,0.16382110118865967,1.1836031675338745,0.0,0.0,0.7296580076217651,0.6334555745124817,0.14560920000076294,0.26218491792678833,0.0,1.3719648122787476,0.12767019867897034,0.0,0.0,0.0,0.885566234588623,1.1494708061218262,0.9996426701545715,0.0,0.0,0.0,0.008199173957109451,0.0,0.0,0.0,0.26234111189842224,0.0,0.0,1.000975251197815,0.058227963745594025,0.713668167591095,1.1474395990371704,0.7886655926704407,0.0,1.117108941078186,0.3268471658229828,0.04735202342271805,0.0,0.07473740726709366,0.0,1.1118921041488647,0.24378426373004913,0.0,0.7615031003952026,0.9687619805335999,0.6311792135238647,0.15649092197418213,0.5893505811691284,0.0,0.25410032272338867,1.361352562904358,0.7704406380653381,0.029350224882364273,0.0,0.0,0.49240660667419434,0.443470299243927,0.23987331986427307,0.5803346633911133,0.05860304832458496,0.8663020133972168,0.0,0.0,0.02045883610844612,0.12629669904708862,0.0
/content/drive/MyDrive/494_Project_test_3/COMI/dataset/BPAEC/nucleus/Z010/Z10_92.jpg,2,nucleus,2,nucleus,0.24832092225551605,0.0,0.0,0.0,0.5739442706108093,0.07559699565172195,0.874005913734436,0.3746509253978729,0.0,0.35150647163391113,0.39033204317092896,1.0919431447982788,0.0,0.7622591257095337,1.0056506395339966,0.7429088354110718,0.0,0.6549595594406128,0.0,0.49606338143348694,0.10984688997268677,0.0,0.0,0.8037978410720825,0.0,0.21261988580226898,0.1955910474061966,0.8221212029457092,0.0,0.7811312079429626,0.15236793458461761,1.1385700702667236,0.4081075191497803,0.08266262710094452,0.12844902276992798,0.9738466739654541,0.0,0.6044777035713196,0.0,0.0,0.3425366282463074,0.40550872683525085,0.0,0.0,0.0,0.0,0.037930577993392944,0.0,0.6195147037506104,1.0562020540237427,0.22404752671718597,0.2295771837234497,0.9854236245155334,0.0,0.0,0.1994897425174713,0.3950340151786804,0.0,0.7718561291694641,0.7806367874145508,0.9912553429603577,1.022240400314331,0.265381783246994,0.04728560894727707,1.2264832258224487,0.0,0.0,0.705023467540741,0.6614617705345154,0.12027903646230698,0.2890016734600067,0.0,1.3939237594604492,0.0437563955783844,0.0,0.0,0.0,0.9099884033203125,1.1895008087158203,1.0063611268997192,0.0,0.0,0.0,0.0,0.0,0.0,0.0,0.23111695051193237,0.0,0.0,0.9993400573730469,0.01657005026936531,0.7212231755256653,1.1670668125152588,0.7857236862182617,0.0,1.105048418045044,0.36280393600463867,0.0,0.0,0.0,0.0,1.1338337659835815,0.21199968457221985,0.0,0.7181862592697144,0.9210774898529053,0.6548506021499634,0.08172730356454849,0.6146550178527832,0.0,0.2968030571937561,1.3477883338928223,0.793185293674469,0.0,0.0,0.0,0.4753054976463318,0.4816024601459503,0.19631364941596985,0.6016343832015991,0.0,0.8824453949928284,0.0,0.0,0.045249152928590775,0.09779149293899536,0.0
/content/drive/MyDrive/494_Project_test_3/COMI/dataset/BPAEC/nucleus/Z010/Z10_93.jpg,2,nucleus,2,nucleus,0.3894538879394531,0.0,0.0,0.0,0.7317665815353394,0.28040239214897156,0.7653529644012451,0.5651549100875854,0.059190407395362854,0.5696904063224792,0.4626046419143677,1.000549077987671,0.0,0.686359703540802,1.0025349855422974,0.6634114980697632,0.0,0.535526692867279,0.0,0.38672277331352234,0.2485111653804779,0.0,0.0,0.9301601052284241,0.0,0.4129205346107483,0.28120362758636475,0.7683764696121216,0.0,0.6524273157119751,0.3752540051937103,0.9908275008201599,0.5443958044052124,0.2188616394996643,0.2420545220375061,1.1201610565185547,0.0,0.571664571762085,0.0,0.0,0.4584619402885437,0.5529360175132751,0.0,0.0,0.0,0.0,0.0,0.0,0.7569766640663147,0.923814058303833,0.35138460993766785,0.48168736696243286,1.0672533512115479,0.0,0.0,0.3378046751022339,0.4916679263114929,0.0,0.7921645045280457,0.8216260075569153,1.0183546543121338,0.9071134328842163,0.4282476603984833,0.13717594742774963,1.089953064918518,0.0,0.0,0.6396515369415283,0.9074451327323914,0.30813348293304443,0.3774677515029907,0.0,1.2561566829681396,0.16011881828308105,0.0,0.0,0.0,0.8154370784759521,1.0345063209533691,0.9781380295753479,0.0,0.0,0.04166902229189873,0.2013976126909256,0.0,0.12205669283866882,0.0,0.47413626313209534,0.0,0.08441387116909027,0.9176778197288513,0.1723964512348175,0.6889254450798035,1.0665414333343506,0.8536632061004639,0.0,1.1016870737075806,0.49102193117141724,0.01406695693731308,0.0,0.0005875611677765846,0.0,1.1902886629104614,0.37634116411209106,0.0,0.6673287153244019,0.9105486273765564,0.5506482124328613,0.289406955242157,0.8060501217842102,0.0,0.42814213037490845,1.2926355600357056,0.9366347193717957,0.1840929239988327,0.0,0.0,0.5433744192123413,0.6055983901023865,0.44756171107292175,0.7471712827682495,0.0,0.7945685982704163,0.0,0.0,0.19046680629253387,0.2600303590297699,0.0
/content/drive/MyDrive/494_Project_test_3/COMI/dataset/BPAEC/nucleus/Z010/Z10_94.jpg,2,nucleus,2,nucleus,0.2021302431821823,0.0,0.0,0.0,0.5181545615196228,0.13520273566246033,0.8721662759780884,0.3846322298049927,0.0,0.337619811296463,0.36241188645362854,1.1096270084381104,0.0,0.8047041296958923,1.0302270650863647,0.766566276550293,0.0,0.6718631982803345,0.0,0.4948967397212982,0.2557838261127472,0.0,0.0,0.7625843286514282,0.0,0.2641829252243042,0.17189358174800873,0.8435441255569458,0.0,0.7931907773017883,0.18873697519302368,1.125268816947937,0.36213839054107666,0.08130918443202972,0.08737310022115707,0.9411829710006714,0.0,0.5967185497283936,0.0,0.0,0.28365373611450195,0.36988481879234314,0.0,0.0,0.0,0.0,0.012085424736142159,0.0726093202829361,0.5996990203857422,1.0669975280761719,0.1770024299621582,0.23613573610782623,0.9551572799682617,0.0,0.0,0.1769115924835205,0.36089175939559937,0.0,0.8038983345031738,0.7094659805297852,1.0985543727874756,1.0219002962112427,0.3488212823867798,0.17695289850234985,1.2224295139312744,0.0,0.0,0.7574894428253174,0.6292616128921509,0.13485649228096008,0.2613822817802429,0.0,1.410813331604004,0.1414588987827301,0.0,0.0,0.0,0.9122358560562134,1.1893196105957031,1.0220696926116943,0.001757357269525528,0.002198220230638981,0.0,0.0,0.0,0.0,0.0,0.2596352696418762,0.0,0.0,1.0294348001480103,0.06260398030281067,0.7329605221748352,1.1783150434494019,0.8010342717170715,0.0,1.14250648021698,0.3179137110710144,0.06044776737689972,0.0,0.09445960819721222,0.0,1.1271460056304932,0.23481681942939758,0.0,0.7870694398880005,1.0014142990112305,0.6532522439956665,0.14596743881702423,0.5874641537666321,0.0,0.24372248351573944,1.4036197662353516,0.7784395217895508,0.01833149418234825,0.0,0.0,0.5003684163093567,0.43995845317840576,0.23795437812805176,0.5730186104774475,0.07383480668067932,0.8900825381278992,0.0,0.0,0.008398864418268204,0.11825777590274811,0.0
/content/drive/MyDrive/494_Project_test_3/COMI/dataset/BPAEC/nucleus/Z010/Z10_95.jpg,2,nucleus,2,nucleus,0.36165714263916016,0.0,0.0,0.0,0.7010776996612549,0.18412593007087708,0.9421295523643494,0.5917768478393555,0.0,0.5102471113204956,0.508173942565918,1.2084581851959229,0.0,0.8990976810455322,1.2103067636489868,0.8392701148986816,0.0,0.7356774806976318,0.0,0.5304416418075562,0.2633678615093231,0.0,0.0,0.9382151365280151,0.0,0.37407833337783813,0.27343109250068665,0.9825352430343628,0.0,0.8456114530563354,0.29797354340553284,1.19588041305542,0.5444802641868591,0.1771189570426941,0.19104686379432678,1.1572977304458618,0.0,0.7160801887512207,0.0,0.0,0.403484046459198,0.5423006415367126,0.0,0.0,0.0,0.0,0.0,0.0,0.7987147569656372,1.1286393404006958,0.26932933926582336,0.35847270488739014,1.1212563514709473,0.0,0.0,0.22923022508621216,0.5003601908683777,0.0,0.9230520725250244,0.8207036256790161,1.1281423568725586,1.1286779642105103,0.36449289321899414,0.18074022233486176,1.3025583028793335,0.0,0.0,0.8767228126525879,0.8547033071517944,0.17720481753349304,0.36402493715286255,0.0,1.5159900188446045,0.15975749492645264,0.0,0.0,0.0,1.0315951108932495,1.244197130203247,1.149886965751648,0.0,0.0,0.0,0.06337384879589081,0.0,0.0,0.0,0.3369431495666504,0.0,0.0,1.1158998012542725,0.08572892099618912,0.8336082100868225,1.2806475162506104,0.9759457111358643,0.0,1.2904077768325806,0.47561290860176086,0.016024835407733917,0.0,0.0220445916056633,0.0,1.2760237455368042,0.2771669328212738,0.0,0.8550689220428467,1.0326215028762817,0.7397857308387756,0.16909228265285492,0.8279169797897339,0.0,0.4050371050834656,1.4789527654647827,1.036357045173645,0.061306245625019073,0.0,0.0,0.6710466146469116,0.6553661823272705,0.31242620944976807,0.7378321290016174,0.001413002610206604,0.9835814237594604,0.0,0.0,0.1625813990831375,0.19736796617507935,0.0
/content/drive/MyDrive/494_Project_test_3/COMI/dataset/BPAEC/nucleus/Z010/Z10_96.jpg,2,nucleus,2,nucleus,0.26434326171875,0.0,0.0,0.0,0.5872496962547302,0.15941742062568665,0.9062494039535522,0.47129079699516296,0.0,0.40151455998420715,0.4185870885848999,1.1618592739105225,0.0,0.8550798892974854,1.1115496158599854,0.8045846223831177,0.0,0.7062788605690002,0.0,0.5132036209106445,0.2733802795410156,0.0,0.0,0.8332459330558777,0.0,0.31434500217437744,0.2086433619260788,0.9103971123695374,0.0,0.820118248462677,0.23730187118053436,1.1627521514892578,0.4304600954055786,0.11836402863264084,0.12184926122426987,1.0291032791137695,0.0,0.6485458612442017,0.0,0.0,0.32699722051620483,0.43641984462738037,0.0,0.0,0.0,0.0,0.0,0.048141930252313614,0.679814338684082,1.1008310317993164,0.2065511792898178,0.28268203139305115,1.0246400833129883,0.0,0.0,0.1939590722322464,0.4153471887111664,0.0,0.8584533929824829,0.7492944598197937,1.1304268836975098,1.0735381841659546,0.3632957339286804,0.194363534450531,1.263232707977295,0.0,0.0,0.8164862394332886,0.7193146347999573,0.1479678452014923,0.3016270101070404,0.0,1.4675456285476685,0.161441832780838,0.0,0.0,0.0,0.9655673503875732,1.2215557098388672,1.0831536054611206,0.00022293999791145325,0.0,0.0,0.022939756512641907,0.0,0.0,0.0,0.28889843821525574,0.0,0.0,1.0759929418563843,0.0749678686261177,0.7812652587890625,1.2307140827178955,0.8771231174468994,0.0,1.213887333869934,0.37674224376678467,0.05335606634616852,0.0,0.07814916968345642,0.0,1.1904330253601074,0.25117412209510803,0.0,0.828427255153656,1.0310335159301758,0.6923636794090271,0.15890736877918243,0.6807729601860046,0.0,0.30480003356933594,1.450980544090271,0.8856478929519653,0.03495877981185913,0.0,0.0,0.5767660737037659,0.524674117565155,0.2710379660129547,0.6379687786102295,0.05694187432527542,0.9373006820678711,0.0,0.0,0.06707492470741272,0.15276633203029633,0.0
/content/drive/MyDrive/494_Project_test_3/COMI/dataset/BPAEC/nucleus/Z010/Z10_97.jpg,2,nucleus,2,nucleus,0.3043249249458313,0.0,0.0,0.0,0.6303738951683044,0.12054658681154251,0.9946861267089844,0.5225350856781006,0.0,0.42517250776290894,0.48342758417129517,1.2648155689239502,0.0,0.9578892588615417,1.221699595451355,0.8936663866043091,0.0,0.7930712103843689,0.0,0.5829809904098511,0.22931289672851562,0.0,0.0,0.8884870409965515,0.0,0.29742079973220825,0.23663344979286194,1.02188241481781,0.0,0.9029819965362549,0.22025452554225922,1.258534550666809,0.48748791217803955,0.1218559741973877,0.15109330415725708,1.117593765258789,0.0,0.7396586537361145,0.0,0.0,0.35697808861732483,0.4841916263103485,0.0,0.0,0.0,0.0,0.0,0.0,0.7440866827964783,1.192138433456421,0.2126491218805313,0.2632017135620117,1.094454050064087,0.0,0.0,0.17471455037593842,0.4728013277053833,0.0,0.9347721934318542,0.803642749786377,1.1358217000961304,1.1846911907196045,0.31600961089134216,0.16737985610961914,1.368961215019226,0.0,0.0,0.9196669459342957,0.7595653533935547,0.10805042833089828,0.3203659951686859,0.0,1.5905985832214355,0.13292619585990906,0.0,0.0,0.0,1.0759036540985107,1.3147130012512207,1.1795566082000732,0.0,0.0,0.0,0.0,0.0,0.0,0.0,0.24941839277744293,0.0,0.0,1.1624655723571777,0.030342578887939453,0.8616878390312195,1.3381401300430298,0.9659900069236755,0.0,1.3154717683792114,0.4199182093143463,0.008013147860765457,0.0,0.0329643078148365,0.0,1.2635334730148315,0.2134653627872467,0.0,0.8837936520576477,1.055764079093933,0.7832939028739929,0.10093582421541214,0.7494447231292725,0.0,0.34797680377960205,1.5192559957504272,0.9903605580329895,0.0,0.0,0.0,0.6649373173713684,0.6074084639549255,0.2266896367073059,0.6792358160018921,0.019602207466959953,1.0332372188568115,0.0,0.0,0.09996986389160156,0.14140096306800842,0.0
/content/drive/MyDrive/494_Project_test_3/COMI/dataset/BPAEC/nucleus/Z010/Z10_98.jpg,2,nucleus,2,nucleus,0.21337437629699707,0.0,0.0,0.0,0.528099775314331,0.18311825394630432,0.7986507415771484,0.3759811818599701,0.018836677074432373,0.3622097074985504,0.3451329171657562,1.017531394958496,0.0,0.7065211534500122,0.9435385465621948,0.6820526123046875,0.0,0.5816172957420349,0.0,0.4207420349121094,0.26504772901535034,0.0,0.0,0.7570056319236755,0.0,0.3003729283809662,0.1734541803598404,0.7500853538513184,0.0,0.7028998136520386,0.22665107250213623,1.0316599607467651,0.35703060030937195,0.09845040738582611,0.10791105777025223,0.9172163009643555,0.0,0.5326685309410095,0.0,0.0,0.301241010427475,0.3651585280895233,0.0,0.0,0.0,0.0,0.003966467455029488,0.0682138204574585,0.5806624889373779,0.971468448638916,0.21490879356861115,0.2893418073654175,0.9312096834182739,0.0,0.0,0.22514018416404724,0.34952059388160706,0.0,0.7471894025802612,0.7074727416038513,1.0594170093536377,0.924845814704895,0.3842181861400604,0.16933968663215637,1.1289516687393188,0.0,0.0,0.6570551991462708,0.6478134393692017,0.19541844725608826,0.27074959874153137,0.0,1.2917128801345825,0.15494781732559204,0.0,0.0,0.0,0.8198487758636475,1.0978479385375977,0.9498894810676575,0.0035407599061727524,0.00928065087646246,0.0,0.06681455671787262,0.0,0.03645208477973938,0.0,0.3203808069229126,0.0,0.0,0.94261234998703,0.11044243723154068,0.6686842441558838,1.0806697607040405,0.7480725049972534,0.0,1.0587737560272217,0.3239971697330475,0.07432547211647034,0.0,0.09635592997074127,0.0,1.089447259902954,0.2879233956336975,0.0,0.7102166414260864,0.9527360200881958,0.571567177772522,0.20669709146022797,0.5726850628852844,0.0,0.24947725236415863,1.326534628868103,0.7360939979553223,0.08259723335504532,0.0,0.0,0.4463585615158081,0.41827136278152466,0.3036617040634155,0.5795586705207825,0.0681762844324112,0.8032273054122925,0.0,0.0,0.022010724991559982,0.14109325408935547,0.0
/content/drive/MyDrive/494_Project_test_3/COMI/dataset/BPAEC/nucleus/Z010/Z10_99.jpg,2,nucleus,2,nucleus,0.21467599272727966,0.0,0.0,0.0,0.5380998849868774,0.05966070294380188,1.0567476749420166,0.48041409254074097,0.0,0.3524394631385803,0.4547404646873474,1.3432096242904663,0.0,1.0543391704559326,1.3053338527679443,0.9682635068893433,0.0,0.8925925493240356,0.0,0.6507501602172852,0.30252155661582947,0.0,0.0,0.814461350440979,0.0,0.2651010751724243,0.20330624282360077,1.0963188409805298,0.0,1.0060679912567139,0.16374650597572327,1.3241804838180542,0.42106956243515015,0.08280768245458603,0.07965652644634247,1.047787070274353,0.0,0.7674035429954529,0.0,0.0,0.26072269678115845,0.41024863719940186,0.0,0.0,0.0,0.0,0.0,0.05761061981320381,0.717511773109436,1.2772358655929565,0.12237486243247986,0.16318340599536896,1.057567834854126,0.0,0.0,0.0826978087425232,0.422626793384552,0.0,0.9822345972061157,0.7214846611022949,1.1945557594299316,1.266632318496704,0.29541078209877014,0.24508917331695557,1.4436278343200684,0.0,0.0,1.039986491203308,0.6456403732299805,0.029782623052597046,0.27047568559646606,0.0,1.6797863245010376,0.15996518731117249,0.0,0.0,0.0,1.164693832397461,1.387876272201538,1.2258208990097046,0.04517310857772827,0.0,0.0,0.0,0.0,0.0,0.0,0.15339085459709167,0.0,0.0,1.234885573387146,0.0,0.8985137343406677,1.4112941026687622,0.9895267486572266,0.0,1.3822308778762817,0.3429413437843323,0.05931525677442551,0.0,0.09413789212703705,0.0,1.2590373754501343,0.15217649936676025,0.0,0.9931371212005615,1.1171401739120483,0.8652514219284058,0.03464936837553978,0.687879741191864,0.0,0.2754483222961426,1.591107964515686,0.9678323864936829,0.0,0.0,0.0,0.690820038318634,0.5673776865005493,0.13593491911888123,0.6099547147750854,0.08274385333061218,1.105210304260254,0.0,0.0,0.04108760133385658,0.08655548095703125,0.0
